raw_date,Day_of_Week,Browser,Device_Type,Country,Traffic_Source,Landing_Page,Visitors,New_Visitors,Returning_Visitors,Sessions,Page_Views,Bounce_Rate,Avg_Session_Duration_Sec,Conversions,Conversion_Rate,Revenue,Revenue_Per_Visitor,Date
30-09-2025,Tuesday  ,Chrome ,Mobile ,USA    ,Direct        ,/pricing      ,3142,1286,1856,3185,13707,0.6,183.3,488,0.2,150891.6,48,2025-09-30
01-17-2026,Saturday ,Safari ,Desktop,Germany,Direct        ,/landing-promo,3974,1838,2136,4099,6808,0.4,294.1,599,0.2,117429.7,29.5,2026-01-17
23-12-2025,Tuesday  ,Chrome ,Desktop,USA    ,Social Media  ,/contact      ,1586,1218,368,1818,7276,0.8,410.9,113,0.1,37332.3,23.5,2025-12-23
24-03-2026,Tuesday  ,Chrome ,Desktop,USA    ,Organic Search,/home         ,2224,1605,619,2339,5695,0.5,368.7,351,0.2,81885.1,36.8,2026-03-24
24-10-2025,Friday   ,Firefox,Tablet ,Canada ,Organic Search,/products     ,3174,2222,952,3575,6097,0.4,224.4,461,0.1,88651.1,27.9,2025-10-24
29-10-2025,Wednesday,Chrome ,Desktop,India  ,Paid Search   ,/contact      ,3501,2965,536,3606,9789,0.6,219.3,516,0.1,39924.2,11.4,2025-10-29
22-03-2026,Sunday   ,Safari ,Mobile ,USA    ,Email         ,/landing-promo,959,537,422,1030,1639,0.4,380.8,172,0.2,55861.7,58.2,2026-03-22
06-12-2025,Saturday ,Chrome ,Desktop,Japan  ,Direct        ,/pricing      ,1768,908,860,1978,3863,0.3,664.8,271,0.2,12067.7,6.8,2025-06-12
16-11-2025,Sunday   ,Safari ,Mobile ,USA    ,Paid Search   ,/pricing      ,515,387,128,572,947,0.5,228.8,85,0.2,16166.8,31.4,2025-11-16
06-12-2025,Saturday ,Safari ,Mobile ,USA    ,Organic Search,/landing-promo,563,351,212,589,740,0.4,285.4,76,0.1,13742.4,24.4,2025-06-12
19-03-2026,Thursday ,Chrome ,Desktop,UK     ,Social Media  ,/pricing      ,1391,1049,342,1595,5506,0.6,404.7,84,0.1,16108.9,11.6,2026-03-19
07-10-2025,Tuesday  ,Firefox,Mobile ,USA    ,Referral      ,/products     ,3739,3350,389,3958,9893,0.4,212.5,532,0.1,160382.4,42.9,2025-07-10
26-01-2026,Monday   ,Chrome ,Mobile ,Germany,Social Media  ,/about        ,342,302,40,381,991,0.6,85.8,19,0.1,3013.4,8.8,2026-01-26
04-02-2026,Wednesday,Safari ,Mobile ,France ,Organic Search,/about        ,3141,2126,1015,3569,10857,0.7,130.9,432,0.1,46872.5,14.9,2026-04-02
22-03-2026,Sunday   ,Chrome ,Desktop,Japan  ,Organic Search,/products     ,2230,1500,730,2348,5495,0.5,450.8,303,0.1,57677.6,25.9,2026-03-22
12-01-2026,Monday   ,Chrome ,Mobile ,France ,Organic Search,/landing-promo,1730,1109,621,1826,6487,0.6,79,209,0.1,26837.8,15.5,2026-12-01
13-02-2026,Friday   ,Chrome ,Mobile ,India  ,Unknown       ,/about        ,2650,1814,836,3041,7862,0.7,101.6,241,0.1,14892.7,5.6,2026-02-13
17-01-2026,Saturday ,Chrome ,Desktop,France ,Paid Search   ,/blog         ,3110,2480,630,3503,14468,0.5,590.6,481,0.2,78194.3,25.1,2026-01-17
29-12-2025,Monday   ,Chrome ,Desktop,USA    ,Direct        ,/landing-promo,5261,2827,2434,5804,22961,0.4,528.9,924,0.2,219516.8,41.7,2025-12-29
01-12-2025,Monday   ,Chrome ,Desktop,Germany,Social Media  ,/landing-promo,1131,958,173,1165,5103,0.7,181,69,0.1,18773,16.6,2025-01-12
10-12-2025,Wednesday,Safari ,Desktop,USA    ,Organic Search,/blog         ,3735,2842,893,3940,14752,0.4,393.7,601,0.2,123344.3,33,2025-10-12
05-10-2025,Sunday   ,Chrome ,Desktop,USA    ,Organic Search,/about        ,2454,1816,638,2727,4556,0.6,455.3,363,0.1,101820.8,41.5,2025-05-10
27-01-2026,Tuesday  ,Chrome ,Mobile ,India  ,Organic Search,/blog         ,4418,3083,1335,4730,7420,0.5,242.2,485,0.1,34291.7,7.8,2026-01-27
28-02-2026,Saturday ,Chrome ,Mobile ,UK     ,Organic Search,/about        ,2249,1525,724,2530,4723,0.6,237.4,270,0.1,28459.2,12.7,2026-02-28
08-12-2025,Monday   ,Chrome ,Mobile ,USA    ,Organic Search,/pricing      ,3746,2895,851,4069,16050,0.7,124.3,577,0.2,186766.4,49.9,2025-08-12
26-12-2025,Friday   ,Chrome ,Desktop,UK     ,Paid Search   ,/products     ,5443,4721,722,5523,17705,0.6,126.7,891,0.2,223315.2,41,2025-12-26
11-01-2026,Sunday   ,Chrome ,Desktop,UK     ,Organic Search,/about        ,1499,1081,418,1631,5520,0.5,400.9,224,0.1,13452.9,9,2026-11-01
09-11-2025,Sunday   ,Chrome ,Tablet ,Canada ,Direct        ,/pricing      ,433,232,201,489,1187,0.3,232.5,59,0.1,7208.2,16.6,2025-09-11
21-01-2026,Wednesday,Safari ,Desktop,India  ,Organic Search,/pricing      ,3483,2346,1137,3996,10577,0.6,254.2,434,0.1,24441.4,7,2026-01-21
27-11-2025,Thursday ,Chrome ,Desktop,India  ,Organic Search,/about        ,1301,920,381,1329,3360,0.4,374,153,0.1,11116.3,8.5,2025-11-27
14-01-2026,Wednesday,Safari ,Desktop,USA    ,Organic Search,/contact      ,3740,2263,1477,3823,10516,0.3,465.5,613,0.2,56471.9,15.1,2026-01-14
05-10-2025,Sunday   ,Safari ,Tablet ,Canada ,Paid Search   ,/home         ,3962,2987,975,4155,10962,0.7,328.4,614,0.2,37812,9.5,2025-05-10
23-11-2025,Sunday   ,Safari ,Mobile ,USA    ,Organic Search,/landing-promo,639,502,137,734,2911,0.5,119.1,84,0.1,14794.6,23.2,2025-11-23
21-10-2025,Tuesday  ,Chrome ,Mobile ,India  ,Direct        ,/landing-promo,1709,1026,683,1864,5400,0.4,262.7,178,0.1,7689.3,4.5,2025-10-21
09-01-2026,Friday   ,Chrome ,Desktop,USA    ,Social Media  ,/contact      ,1667,1331,336,1809,3201,0.7,394.9,146,0.1,19156,11.5,2026-09-01
10-01-2026,Saturday ,Chrome ,Desktop,India  ,Organic Search,/about        ,1429,927,502,1474,2154,0.6,513.7,160,0.1,5784,4,2026-10-01
06-02-2026,Friday   ,Safari ,Desktop,Japan  ,Referral      ,/about        ,2570,2007,563,2716,3231,0.4,133.8,351,0.1,40538.2,15.8,2026-06-02
19-03-2026,Thursday ,Chrome ,Mobile ,India  ,Social Media  ,/landing-promo,3411,2819,592,3586,9093,0.8,144.4,120,0,10577.7,3.1,2026-03-19
19-11-2025,Wednesday,Chrome ,Mobile ,Japan  ,Social Media  ,/home         ,4212,3238,974,4332,16041,0.5,153.5,268,0.1,49157,11.7,2025-11-19
03-10-2025,Friday   ,Chrome ,Mobile ,India  ,Organic Search,/pricing      ,4048,2431,1617,4102,18107,0.4,138.5,443,0.1,43836.4,10.8,2025-03-10
12-03-2026,Thursday ,Safari ,Mobile ,Japan  ,Email         ,/products     ,1679,1053,626,1721,6253,0.4,134.8,281,0.2,18529.5,11,2026-12-03
15-01-2026,Thursday ,Chrome ,Tablet ,France ,Direct        ,/home         ,1638,706,932,1742,6366,0.6,519.8,198,0.1,19392.3,11.8,2026-01-15
07-01-2026,Wednesday,Safari ,Mobile ,Germany,Organic Search,/about        ,2294,1508,786,2546,6840,0.5,101.2,318,0.1,34417.9,15,2026-07-01
17-12-2025,Wednesday,Chrome ,Desktop,USA    ,Organic Search,/pricing      ,4394,2982,1412,4505,8810,0.6,244.5,668,0.2,75862.2,17.3,2025-12-17
07-12-2025,Sunday   ,Safari ,Tablet ,USA    ,Social Media  ,/about        ,2209,1864,345,2293,5750,0.8,123.1,176,0.1,42754.9,19.4,2025-07-12
16-11-2025,Sunday   ,Chrome ,Desktop,UK     ,Social Media  ,/products     ,1031,884,147,1143,3034,0.8,293.1,63,0.1,5476.8,5.3,2025-11-16
12-10-2025,Sunday   ,Chrome ,Mobile ,USA    ,Organic Search,/about        ,2077,1530,547,2268,3944,0.3,261.3,299,0.1,71989.1,34.7,2025-12-10
25-12-2025,Thursday ,Chrome ,Desktop,India  ,Paid Search   ,/products     ,2387,2116,271,2415,5453,0.4,217.6,298,0.1,26986.9,11.3,2025-12-25
31-10-2025,Friday   ,Chrome ,Mobile ,India  ,Organic Search,/contact      ,1679,1288,391,1928,2169,0.7,137.3,158,0.1,3811.6,2.3,2025-10-31
28-01-2026,Wednesday,Chrome ,Desktop,India  ,Paid Search   ,/products     ,1504,1242,262,1532,3553,0.6,289.3,194,0.1,14572.1,9.7,2026-01-28
09-02-2026,Monday   ,Unknown,Desktop,USA    ,Referral      ,/home         ,2687,2073,614,2732,12783,0.4,592,378,0.1,85347.7,31.8,2026-09-02
28-02-2026,Saturday ,Chrome ,Desktop,India  ,Direct        ,/about        ,573,234,339,607,2607,0.5,309.1,63,0.1,2124.2,3.7,2026-02-28
11-11-2025,Tuesday  ,Edge   ,Desktop,UAE    ,Direct        ,/landing-promo,1190,603,587,1325,4123,0.3,546.9,196,0.2,30914.1,26,2025-11-11
26-11-2025,Wednesday,Chrome ,Desktop,UK     ,Email         ,/products     ,2059,903,1156,2247,6329,0.5,429.3,356,0.2,60057.6,29.2,2025-11-26
06-01-2026,Tuesday  ,Safari ,Desktop,France ,Social Media  ,/pricing      ,3495,3027,468,3876,9276,0.7,143.1,236,0.1,36893.2,10.6,2026-06-01
17-10-2025,Friday   ,Chrome ,Mobile ,Germany,Social Media  ,/landing-promo,3833,3351,482,3891,16015,0.5,220.3,271,0.1,42071.3,11,2025-10-17
27-11-2025,Thursday ,Safari ,Mobile ,Canada ,Direct        ,/pricing      ,1070,657,413,1075,2481,0.4,248.6,156,0.1,30953.7,28.9,2025-11-27
16-10-2025,Thursday ,Chrome ,Tablet ,USA    ,Organic Search,/contact      ,3869,2902,967,4340,13435,0.7,285.5,586,0.2,0,0,2025-10-16
28-09-2025,Sunday   ,Chrome ,Mobile ,USA    ,Organic Search,/home         ,2395,1826,569,2566,7437,0.4,199.4,325,0.1,81154,33.9,2025-09-28
26-10-2025,Sunday   ,Chrome ,Mobile ,France ,Referral      ,/pricing      ,1984,1629,355,2132,5828,0.4,231.8,229,0.1,48449.1,24.4,2025-10-26
02-11-2025,Sunday   ,Firefox,Desktop,USA    ,Paid Search   ,/products     ,2283,1724,559,2336,6149,0.4,569.4,399,0.2,45786.7,20.1,2025-02-11
11-03-2026,Wednesday,Chrome ,Mobile ,USA    ,Organic Search,/landing-promo,3686,2490,1196,3911,8868,0.6,293.2,527,0.1,0,0,2026-11-03
17-02-2026,Tuesday  ,Safari ,Desktop,USA    ,Direct        ,/home         ,3698,1733,1965,3704,15936,0.4,634.3,633,0.2,76148.2,20.6,2026-02-17
01-10-2025,Wednesday,Chrome ,Mobile ,India  ,Organic Search,/contact      ,1980,1315,665,2166,3662,0.4,298,204,0.1,11264.3,5.7,2025-01-10
22-03-2026,Sunday   ,Safari ,Mobile ,India  ,Email         ,/products     ,330,168,162,335,794,0.3,285.2,45,0.1,857.8,2.6,2026-03-22
01-10-2025,Wednesday,Chrome ,Mobile ,UK     ,Organic Search,/pricing      ,4299,2822,1477,4328,12620,0.3,110.5,625,0.1,154530,35.9,2025-01-10
18-10-2025,Saturday ,Chrome ,Mobile ,USA    ,Organic Search,/home         ,362,249,113,369,665,0.6,177.8,51,0.1,6438.6,17.8,2025-10-18
04-10-2025,Saturday ,Chrome ,Desktop,India  ,Email         ,/blog         ,1175,493,682,1301,2435,0.5,388.7,166,0.1,10939.4,9.3,2025-04-10
02-10-2025,Thursday ,Firefox,Desktop,UAE    ,Organic Search,/contact      ,1300,1030,270,1453,2008,0.3,316.3,190,0.1,43649.6,33.6,2025-02-10
29-11-2025,Saturday ,Chrome ,Desktop,France ,Direct        ,/pricing      ,2422,1355,1067,2509,3912,0.5,700.9,331,0.1,69464.8,28.7,2025-11-29
26-02-2026,Thursday ,Firefox,Mobile ,Canada ,Direct        ,/home         ,5322,2203,3119,5829,14291,0.5,74.4,749,0.1,75245.5,14.1,2026-02-26
30-09-2025,Tuesday  ,Safari ,Mobile ,Germany,Direct        ,/home         ,3486,1828,1658,3874,9516,0.4,358.3,542,0.2,135667.8,38.9,2025-09-30
30-11-2025,Sunday   ,Chrome ,Desktop,France ,Paid Search   ,/products     ,2622,2269,353,2755,4870,0.6,525.9,390,0.1,68709.6,26.2,2025-11-30
14-03-2026,Saturday ,Chrome ,Desktop,USA    ,Organic Search,/landing-promo,2499,1927,572,2676,9685,0.3,307.1,355,0.1,48335.8,19.3,2026-03-14
30-10-2025,Thursday ,Chrome ,Desktop,USA    ,Paid Search   ,/landing-promo,1735,1533,202,1936,2567,0.6,140.4,305,0.2,18909.6,10.9,2025-10-30
10-11-2025,Monday   ,Chrome ,Desktop,India  ,Direct        ,/products     ,3059,1463,1596,3233,13564,0.6,754,401,0.1,10163.5,3.3,2025-10-11
11-10-2025,Saturday ,Chrome ,Mobile ,USA    ,Social Media  ,/landing-promo,2426,1963,463,2682,10871,0.7,143.4,183,0.1,22054.4,9.1,2025-11-10
02-11-2025,Sunday   ,Chrome ,Mobile ,Canada ,Paid Search   ,/pricing      ,3634,3212,422,3645,13504,0.6,206.9,579,0.2,96353.9,26.5,2025-02-11
05-10-2025,Sunday   ,Safari ,Desktop,France ,Organic Search,/about        ,1750,1385,365,1976,4132,0.6,317,230,0.1,36680.5,21,2025-05-10
12-02-2026,Thursday ,Chrome ,Mobile ,USA    ,Organic Search,/contact      ,1714,1148,566,1718,5073,0.7,106.9,223,0.1,72911.6,42.5,2026-12-02
06-12-2025,Saturday ,Chrome ,Desktop,Germany,Organic Search,/landing-promo,2149,1482,667,2366,4390,0.6,461.6,314,0.1,73472.7,34.2,2025-06-12
21-02-2026,Saturday ,Chrome ,Desktop,Unknown,Direct        ,/about        ,3261,1596,1665,3652,13503,0.3,285,448,0.1,13466.4,4.1,2026-02-21
06-01-2026,Tuesday  ,Chrome ,Mobile ,Germany,Organic Search,/products     ,4195,2645,1550,4385,10225,0.6,93.4,577,0.1,109823.7,26.2,2026-06-01
19-01-2026,Monday   ,Firefox,Desktop,USA    ,Organic Search,/contact      ,2452,1961,491,2458,9803,0.5,433.4,345,0.1,31080.2,12.7,2026-01-19
27-11-2025,Thursday ,Chrome ,Desktop,France ,Paid Search   ,/landing-promo,2093,1780,313,2274,6085,0.6,579.4,328,0.2,23024.3,11,2025-11-27
04-12-2025,Thursday ,Firefox,Mobile ,USA    ,Organic Search,/home         ,5009,3970,1039,5619,17400,0.6,99.3,727,0.1,151895,30.3,2025-04-12
17-01-2026,Saturday ,Chrome ,Desktop,Japan  ,Organic Search,/products     ,1712,1301,411,1903,4486,0.6,197,238,0.1,21106,12.3,2026-01-17
16-02-2026,Monday   ,Safari ,Mobile ,UAE    ,Organic Search,/blog         ,2360,1465,895,2691,4320,0.7,119.7,316,0.1,34797.8,14.7,2026-02-16
27-02-2026,Friday   ,Chrome ,Desktop,Japan  ,Paid Search   ,/blog         ,3864,3312,552,4382,6911,0.6,450.6,647,0.2,111021.3,28.7,2026-02-27
01-03-2026,Sunday   ,Safari ,Desktop,Japan  ,Social Media  ,/blog         ,2891,2314,577,2970,7777,0.4,360.2,227,0.1,11158.3,3.9,2026-01-03
23-11-2025,Sunday   ,Firefox,Desktop,India  ,Referral      ,/about        ,1784,1458,326,1845,3400,0.5,238,194,0.1,16762.9,9.4,2025-11-23
05-03-2026,Thursday ,Edge   ,Mobile ,USA    ,Paid Search   ,/home         ,1716,1415,301,1829,3237,0.6,97,278,0.2,84059.5,49,2026-05-03
25-12-2025,Thursday ,Safari ,Mobile ,Japan  ,Organic Search,/pricing      ,2046,1255,791,2308,3812,0.4,105.2,272,0.1,48861.1,23.9,2025-12-25
14-12-2025,Sunday   ,Chrome ,Desktop,UAE    ,Direct        ,/landing-promo,3017,1929,1088,3219,10544,0.4,568,526,0.2,43051.1,14.3,2025-12-14
09-01-2026,Friday   ,Chrome ,Mobile ,Germany,Referral      ,/about        ,3145,2404,741,3423,11408,0.6,153,386,0.1,54378.6,17.3,2026-09-01
28-01-2026,Wednesday,Chrome ,Mobile ,India  ,Email         ,/home         ,1409,830,579,1612,6444,0.3,210.2,200,0.1,20385.9,14.5,2026-01-28
20-10-2025,Monday   ,Chrome ,Desktop,Canada ,Organic Search,/products     ,3687,2430,1257,3835,10867,0.5,284.3,561,0.2,32216.9,8.7,2025-10-20
29-01-2026,Thursday ,Chrome ,Desktop,UK     ,Social Media  ,/products     ,373,299,74,403,485,0.6,319.1,25,0.1,6333.8,17,2026-01-29
01-02-2026,Sunday   ,Chrome ,Desktop,India  ,Organic Search,/contact      ,2050,1237,813,2234,2924,0.3,374.7,221,0.1,20059.3,9.8,2026-01-02
20-03-2026,Friday   ,Safari ,Mobile ,USA    ,Direct        ,/products     ,4176,1829,2347,4601,8083,0.4,258.2,689,0.2,45983.5,11,2026-03-20
20-01-2026,Tuesday  ,Chrome ,Desktop,Japan  ,Organic Search,/landing-promo,3183,1915,1268,3630,14344,0.5,559.3,482,0.2,73736.5,23.2,2026-01-20
03-11-2025,Monday   ,Firefox,Desktop,USA    ,Social Media  ,/blog         ,3764,2935,829,3849,12659,0.7,293.3,328,0.1,102533.6,27.2,2025-03-11
23-01-2026,Friday   ,Firefox,Mobile ,Japan  ,Organic Search,/products     ,4905,3578,1327,5153,12976,0.4,158,668,0.1,65711.4,13.4,2026-01-23
08-12-2025,Monday   ,Unknown,Desktop,Germany,Direct        ,/contact      ,906,487,419,995,2224,0.6,576.5,135,0.1,31815.6,35.1,2025-08-12
17-03-2026,Tuesday  ,Chrome ,Mobile ,Japan  ,Direct        ,/home         ,1131,564,567,1190,3292,0.5,309.9,149,0.1,32197.1,28.5,2026-03-17
19-10-2025,Sunday   ,Chrome ,Desktop,Canada ,Direct        ,/home         ,672,402,270,693,2329,0.5,671.5,105,0.2,21807.9,32.5,2025-10-19
03-11-2025,Monday   ,Edge   ,Tablet ,USA    ,Direct        ,/pricing      ,2424,1322,1102,2534,3274,0.6,345.3,379,0.2,70830.8,29.2,2025-03-11
28-02-2026,Saturday ,Chrome ,Mobile ,France ,Direct        ,/about        ,1561,813,748,1612,7317,0.3,305.7,190,0.1,37522.2,24,2026-02-28
09-01-2026,Friday   ,Chrome ,Desktop,France ,Organic Search,/blog         ,722,447,275,807,3312,0.6,164.6,89,0.1,16246.1,22.5,2026-09-01
23-01-2026,Friday   ,Edge   ,Desktop,India  ,Paid Search   ,/products     ,1581,1275,306,1776,5166,0.7,140,206,0.1,19492.8,12.3,2026-01-23
17-01-2026,Saturday ,Safari ,Desktop,Canada ,Organic Search,/contact      ,2730,2159,571,3124,3431,0.6,550.7,401,0.1,18987.2,7,2026-01-17
19-12-2025,Friday   ,Safari ,Desktop,India  ,Paid Search   ,/landing-promo,5164,4632,532,5227,21018,0.5,534.3,688,0.1,73900.4,14.3,2025-12-19
04-11-2025,Tuesday  ,Chrome ,Desktop,India  ,Direct        ,/products     ,2388,970,1418,2477,10565,0.4,128.3,296,0.1,28927,12.1,2025-04-11
10-03-2026,Tuesday  ,Safari ,Desktop,Japan  ,Organic Search,/blog         ,3291,2183,1108,3715,5512,0.5,295.4,511,0.2,82672.5,25.1,2026-10-03
16-12-2025,Tuesday  ,Chrome ,Mobile ,UAE    ,Paid Search   ,/products     ,1277,1010,267,1358,2192,0.6,147.6,194,0.2,8676.8,6.8,2025-12-16
02-03-2026,Monday   ,Safari ,Mobile ,France ,Direct        ,/products     ,3494,1674,1820,3820,7851,0.6,290.9,470,0.1,77641.3,22.2,2026-02-03
23-01-2026,Friday   ,Edge   ,Desktop,India  ,Social Media  ,/blog         ,904,759,145,994,3687,0.5,196.8,36,0,3781.7,4.2,2026-01-23
15-02-2026,Sunday   ,Safari ,Mobile ,USA    ,Direct        ,/products     ,2498,1392,1106,2623,9961,0.4,376.1,366,0.1,49858.9,20,2026-02-15
05-01-2026,Monday   ,Chrome ,Desktop,India  ,Paid Search   ,/landing-promo,1720,1409,311,1875,5282,0.4,309.7,222,0.1,25145,14.6,2026-05-01
09-02-2026,Monday   ,Chrome ,Desktop,UK     ,Organic Search,/blog         ,3765,2908,857,4116,14080,0.4,217.7,600,0.2,116124.3,30.8,2026-09-02
20-03-2026,Friday   ,Chrome ,Desktop,UK     ,Organic Search,/pricing      ,2771,1812,959,2805,6140,0.4,416.5,370,0.1,24365,8.8,2026-03-20
26-01-2026,Monday   ,Safari ,Desktop,Germany,Organic Search,/about        ,777,499,278,826,2752,0.5,293.9,109,0.1,11683.7,15,2026-01-26
30-09-2025,Tuesday  ,Safari ,Mobile ,USA    ,Social Media  ,/about        ,667,585,82,765,2222,0.5,160,41,0.1,6303.9,9.5,2025-09-30
03-01-2026,Saturday ,Safari ,Desktop,USA    ,Organic Search,/products     ,3424,2419,1005,3872,5283,0.6,199.6,550,0.2,81554.6,23.8,2026-03-01
20-03-2026,Friday   ,Chrome ,Desktop,France ,Paid Search   ,/about        ,1957,1477,480,2128,4697,0.4,287.9,301,0.2,48735.5,24.9,2026-03-20
18-01-2026,Sunday   ,Chrome ,Desktop,India  ,Paid Search   ,/products     ,2068,1609,459,2298,9274,0.4,497.4,276,0.1,24345.2,11.8,2026-01-18
18-12-2025,Thursday ,Safari ,Desktop,India  ,Organic Search,/blog         ,3809,2317,1492,4277,16883,0.4,546.9,438,0.1,35275.5,9.3,2025-12-18
27-01-2026,Tuesday  ,Chrome ,Desktop,Canada ,Referral      ,/products     ,2703,2256,447,2861,9894,0.4,374.6,340,0.1,42061.5,15.6,2026-01-27
20-10-2025,Monday   ,Chrome ,Desktop,Canada ,Paid Search   ,/about        ,4518,3630,888,5075,17931,0.4,586.7,763,0.2,104079,23,2025-10-20
15-12-2025,Monday   ,Chrome ,Desktop,India  ,Direct        ,/landing-promo,876,375,501,926,1155,0.6,287.5,106,0.1,7345.1,8.4,2025-12-15
15-01-2026,Thursday ,Chrome ,Desktop,UK     ,Paid Search   ,/landing-promo,5348,4275,1073,5598,18283,0.7,462.2,912,0.2,194100.1,36.3,2026-01-15
21-10-2025,Tuesday  ,Safari ,Desktop,France ,Referral      ,/home         ,669,601,68,697,1006,0.6,508,86,0.1,15618.1,23.3,2025-10-21
11-12-2025,Thursday ,Chrome ,Desktop,USA    ,Social Media  ,/pricing      ,3877,3273,604,4031,17142,0.6,247.9,339,0.1,21985,5.7,2025-11-12
18-10-2025,Saturday ,Chrome ,Desktop,USA    ,Organic Search,/home         ,1214,756,458,1249,1987,0.6,174.6,181,0.1,31584.9,26,2025-10-18
26-12-2025,Friday   ,Firefox,Mobile ,USA    ,Paid Search   ,/about        ,4665,3795,870,5350,16637,0.6,201.2,756,0.2,81038.6,17.4,2025-12-26
28-02-2026,Saturday ,Safari ,Mobile ,UAE    ,Direct        ,/products     ,1225,550,675,1323,4799,0.4,236,183,0.1,13664.8,11.2,2026-02-28
17-01-2026,Saturday ,Chrome ,Tablet ,India  ,Organic Search,/landing-promo,3261,2468,793,3468,10672,0.5,182,380,0.1,34925,10.7,2026-01-17
18-03-2026,Wednesday,Chrome ,Desktop,India  ,Organic Search,/pricing      ,2752,1980,772,2944,9392,0.3,414.2,293,0.1,25946.8,9.4,2026-03-18
07-01-2026,Wednesday,Chrome ,Desktop,Germany,Direct        ,/about        ,2885,1202,1683,3006,6846,0.5,360.9,415,0.1,35769,12.4,2026-07-01
20-02-2026,Friday   ,Unknown,Desktop,India  ,Referral      ,/pricing      ,2772,2103,669,3176,5801,0.6,539.8,265,0.1,23537.9,8.5,2026-02-20
15-03-2026,Sunday   ,Firefox,Mobile ,Japan  ,Organic Search,/products     ,1646,1313,333,1672,2960,0.5,129.6,200,0.1,33359.6,20.3,2026-03-15
18-01-2026,Sunday   ,Safari ,Mobile ,India  ,Direct        ,/home         ,3101,1741,1360,3189,8666,0.4,62.1,387,0.1,33039.4,10.7,2026-01-18
27-10-2025,Monday   ,Chrome ,Mobile ,UAE    ,Direct        ,/pricing      ,5153,2076,3077,5456,18369,0.5,282.3,796,0.2,71906.9,14,2025-10-27
01-03-2026,Sunday   ,Firefox,Mobile ,UK     ,Paid Search   ,/pricing      ,2384,1975,409,2497,4936,0.6,132.1,355,0.1,103270.8,43.3,2026-01-03
03-03-2026,Tuesday  ,Unknown,Mobile ,Canada ,Organic Search,/products     ,1106,697,409,1255,3127,0.5,218.9,139,0.1,8390.8,7.6,2026-03-03
22-10-2025,Wednesday,Safari ,Desktop,France ,Direct        ,/products     ,5084,2292,2792,5586,20199,0.3,247.9,781,0.2,85602.7,16.8,2025-10-22
26-11-2025,Wednesday,Edge   ,Desktop,UAE    ,Email         ,/landing-promo,380,226,154,392,546,0.3,330.7,68,0.2,16681.3,43.9,2025-11-26
09-02-2026,Monday   ,Chrome ,Tablet ,USA    ,Direct        ,/contact      ,5360,2964,2396,5406,18953,0.5,215.2,809,0.2,236025.3,44,2026-09-02
20-10-2025,Monday   ,Chrome ,Desktop,India  ,Direct        ,/contact      ,5259,2971,2288,6040,9986,0.5,351.9,672,0.1,18428.3,3.5,2025-10-20
09-12-2025,Tuesday  ,Chrome ,Desktop,Germany,Organic Search,/blog         ,5060,3277,1783,5413,22153,0.6,466.8,740,0.1,68845,13.6,2025-09-12
09-11-2025,Sunday   ,Chrome ,Tablet ,USA    ,Paid Search   ,/blog         ,666,553,113,718,1323,0.4,351.5,108,0.2,7354,11,2025-09-11
22-03-2026,Sunday   ,Firefox,Tablet ,USA    ,Organic Search,/about        ,3098,2045,1053,3540,9026,0.4,243.3,482,0.2,120518.7,38.9,2026-03-22
04-10-2025,Saturday ,Edge   ,Desktop,UK     ,Social Media  ,/contact      ,2072,1864,208,2329,5411,0.5,360.2,138,0.1,24810.4,12,2025-04-10
15-11-2025,Saturday ,Safari ,Mobile ,USA    ,Organic Search,/contact      ,2331,1730,601,2451,7226,0.5,277.2,314,0.1,26865,11.5,2025-11-15
15-01-2026,Thursday ,Safari ,Mobile ,India  ,Social Media  ,/blog         ,4396,3771,625,4830,13837,0.4,176.5,155,0,14270.8,3.2,2026-01-15
24-01-2026,Saturday ,Chrome ,Desktop,India  ,Email         ,/pricing      ,1948,1113,835,2222,2748,0.3,522.8,275,0.1,22302.3,11.4,2026-01-24
02-03-2026,Monday   ,Safari ,Desktop,France ,Organic Search,/home         ,2736,2077,659,2815,9475,0.3,528.4,344,0.1,46303.9,16.9,2026-02-03
10-03-2026,Tuesday  ,Safari ,Tablet ,India  ,Organic Search,/home         ,3396,2649,747,3665,13251,0.6,191.8,357,0.1,21666.6,6.4,2026-10-03
23-03-2026,Monday   ,Firefox,Desktop,UK     ,Organic Search,/contact      ,3372,2399,973,3718,15010,0.5,233.5,472,0.1,134754.2,40,2026-03-23
04-03-2026,Wednesday,Chrome ,Desktop,USA    ,Social Media  ,/about        ,1805,1487,318,1895,3537,0.6,363.1,145,0.1,48307.3,26.8,2026-04-03
08-11-2025,Saturday ,Chrome ,Tablet ,UAE    ,Email         ,/contact      ,1335,713,622,1500,3044,0.6,265.3,240,0.2,65286.1,48.9,2025-08-11
26-01-2026,Monday   ,Chrome ,Desktop,UAE    ,Direct        ,/landing-promo,4006,1722,2284,4231,4916,0.3,307.2,662,0.2,154062.4,38.5,2026-01-26
24-11-2025,Monday   ,Firefox,Desktop,USA    ,Paid Search   ,/about        ,2233,1805,428,2325,9355,0.6,184.4,388,0.2,52994.3,23.7,2025-11-24
29-01-2026,Thursday ,Chrome ,Mobile ,USA    ,Direct        ,/contact      ,5273,2631,2642,6041,14594,0.4,94.8,791,0.2,160622.5,30.5,2026-01-29
21-03-2026,Saturday ,Safari ,Tablet ,UK     ,Social Media  ,/products     ,2628,1986,642,2713,12606,0.6,155.7,149,0.1,17419.7,6.6,2026-03-21
04-01-2026,Sunday   ,Chrome ,Desktop,USA    ,Referral      ,/landing-promo,1644,1445,199,1714,2787,0.6,454.1,236,0.1,11427.7,7,2026-04-01
25-01-2026,Sunday   ,Chrome ,Mobile ,India  ,Organic Search,/pricing      ,315,190,125,352,708,0.6,138.9,34,0.1,2893.2,9.2,2026-01-25
05-11-2025,Wednesday,Chrome ,Tablet ,USA    ,Organic Search,/contact      ,3107,2215,892,3531,9448,0.3,132.2,460,0.1,83523.2,26.9,2025-05-11
19-01-2026,Monday   ,Safari ,Desktop,UK     ,Organic Search,/home         ,3323,2299,1024,3485,14280,0.5,588,483,0.1,134635.4,40.5,2026-01-19
11-11-2025,Tuesday  ,Chrome ,Desktop,India  ,Organic Search,/pricing      ,5159,3244,1915,5562,14481,0.6,508,597,0.1,14063.1,2.7,2025-11-11
03-11-2025,Monday   ,Safari ,Tablet ,UK     ,Direct        ,/blog         ,5270,3002,2268,5848,18514,0.5,412,772,0.1,135952.2,25.8,2025-03-11
29-12-2025,Monday   ,Firefox,Mobile ,USA    ,Referral      ,/landing-promo,1246,1012,234,1299,4804,0.7,224.1,174,0.1,0,20.3,2025-12-29
29-11-2025,Saturday ,Chrome ,Desktop,India  ,Organic Search,/blog         ,369,287,82,405,444,0.6,469.1,40,0.1,2162.4,5.9,2025-11-29
05-11-2025,Wednesday,Safari ,Desktop,UAE    ,Referral      ,/pricing      ,3378,2549,829,3406,4223,0.4,544.7,501,0.1,81049.7,24,2025-05-11
31-01-2026,Saturday ,Chrome ,Tablet ,Germany,Organic Search,/blog         ,2809,2175,634,3032,9429,0.4,314.1,368,0.1,16168.5,5.8,2026-01-31
11-02-2026,Wednesday,Chrome ,Desktop,UK     ,Direct        ,/contact      ,696,322,374,792,934,0.4,443.4,97,0.1,11402.3,16.4,2026-11-02
08-10-2025,Wednesday,Chrome ,Mobile ,Canada ,Organic Search,/products     ,2319,1751,568,2609,4325,0.4,141.1,283,0.1,21395.3,9.2,2025-08-10
17-02-2026,Tuesday  ,Safari ,Mobile ,UAE    ,Direct        ,/products     ,694,375,319,731,2554,0.4,212.4,101,0.1,8559.9,12.3,2026-02-17
06-03-2026,Friday   ,Safari ,Desktop,Germany,Organic Search,/blog         ,1974,1308,666,2103,5703,0.5,402.1,292,0.1,55589.1,28.2,2026-06-03
28-09-2025,Sunday   ,Chrome ,Desktop,USA    ,Paid Search   ,/contact      ,2751,2410,341,2978,10828,0.5,457.7,441,0.2,115218.5,41.9,2025-09-28
11-01-2026,Sunday   ,Chrome ,Desktop,USA    ,Social Media  ,/pricing      ,1173,900,273,1322,4334,0.4,370.6,85,0.1,10172.6,8.7,2026-11-01
19-02-2026,Thursday ,Safari ,Mobile ,UK     ,Organic Search,/landing-promo,1822,1359,463,2037,4261,0.5,108.1,237,0.1,30700.2,16.8,2026-02-19
05-10-2025,Sunday   ,Safari ,Desktop,France ,Paid Search   ,/about        ,2628,2183,445,3013,5568,0.6,0,372,0.1,26705.7,10.2,2025-05-10
07-11-2025,Friday   ,Safari ,Tablet ,Canada ,Organic Search,/products     ,2182,1695,487,2250,7631,0.5,368.6,265,0.1,70543.1,32.3,2025-07-11
26-10-2025,Sunday   ,Firefox,Desktop,India  ,Paid Search   ,/home         ,3789,3226,563,4031,8316,0.7,489.5,504,0.1,42763.2,11.3,2025-10-26
08-12-2025,Monday   ,Safari ,Mobile ,India  ,Social Media  ,/home         ,420,324,96,421,828,0.6,176.4,12,0,1114.4,2.7,2025-08-12
22-03-2026,Sunday   ,Safari ,Desktop,USA    ,Paid Search   ,/home         ,1005,854,151,1123,4591,0.6,423.4,162,0.2,29282,29.1,2026-03-22
03-11-2025,Monday   ,Chrome ,Desktop,India  ,Social Media  ,/about        ,2475,1953,522,2801,11080,0.5,310.1,88,0,5510.3,2.2,2025-03-11
19-12-2025,Friday   ,Safari ,Mobile ,USA    ,Paid Search   ,/about        ,4642,3617,1025,4917,10779,0.5,151.9,759,0.2,0,0,2025-12-19
26-11-2025,Wednesday,Chrome ,Mobile ,France ,Organic Search,/pricing      ,1141,726,415,1179,1914,0.6,222.4,148,0.1,7709.8,6.8,2025-11-26
07-12-2025,Sunday   ,Chrome ,Desktop,Japan  ,Paid Search   ,/landing-promo,2341,2047,294,2356,9972,0.5,554.7,371,0.2,66958.7,28.6,2025-07-12
26-10-2025,Sunday   ,Chrome ,Mobile ,UK     ,Direct        ,/about        ,416,214,202,474,849,0.6,288,57,0.1,12764.9,30.7,2025-10-26
01-02-2026,Sunday   ,Safari ,Tablet ,USA    ,Social Media  ,/blog         ,2935,2260,675,3162,12213,0.7,266,218,0.1,16760.1,5.7,2026-01-02
21-01-2026,Wednesday,Safari ,Mobile ,Canada ,Organic Search,/pricing      ,2723,1756,967,2728,6838,0.5,272.3,373,0.1,59024.5,21.7,2026-01-21
22-01-2026,Thursday ,Edge   ,Mobile ,Japan  ,Organic Search,/blog         ,3348,2482,866,3538,8459,0.3,185.4,444,0.1,41408.5,12.4,2026-01-22
09-03-2026,Monday   ,Chrome ,Desktop,USA    ,Organic Search,/blog         ,4869,3794,1075,5245,15019,0.5,435.2,768,0.2,56621.3,11.6,2026-09-03
27-01-2026,Tuesday  ,Chrome ,Desktop,France ,Paid Search   ,/landing-promo,4445,3353,1092,4834,20230,0.4,549.1,750,0.2,168004.3,37.8,2026-01-27
01-02-2026,Sunday   ,Edge   ,Desktop,Germany,Organic Search,/about        ,300,223,77,328,561,0.4,144.9,39,0.1,5270.1,17.6,2026-01-02
10-12-2025,Wednesday,Firefox,Mobile ,USA    ,Organic Search,/home         ,5034,3526,1508,5733,18257,0.4,237.8,796,0.2,264122,52.5,2025-10-12
06-02-2026,Friday   ,Firefox,Desktop,USA    ,Direct        ,/home         ,526,243,283,547,1578,0.4,135.6,83,0.2,30134,57.3,2026-06-02
05-02-2026,Thursday ,Safari ,Desktop,Canada ,Social Media  ,/products     ,3887,3049,838,3976,6343,0.6,438.7,332,0.1,23241.7,6,2026-05-02
13-12-2025,Saturday ,Chrome ,Mobile ,UK     ,Social Media  ,/pricing      ,300,257,43,317,1146,0.6,126.4,17,0.1,2046.7,6.8,2025-12-13
14-10-2025,Tuesday  ,Chrome ,Desktop,UK     ,Organic Search,/about        ,2911,2018,893,3207,5503,0.7,452.6,393,0.1,65419.5,22.5,2025-10-14
04-10-2025,Saturday ,Edge   ,Desktop,USA    ,Direct        ,/contact      ,2723,1368,1355,2893,6687,0.6,370.1,440,0.2,146036.2,53.6,2025-04-10
26-01-2026,Monday   ,Firefox,Desktop,France ,Paid Search   ,/contact      ,5012,4280,732,5674,14675,0.4,211.8,814,0.2,82684.6,16.5,2026-01-26
14-02-2026,Saturday ,Chrome ,Desktop,UAE    ,Organic Search,/products     ,2413,1750,663,2753,4288,0.6,234.5,377,0.2,74715.8,31,2026-02-14
28-01-2026,Wednesday,Chrome ,Mobile ,USA    ,Organic Search,/contact      ,5431,3847,1584,5975,8712,0.7,206.2,798,0.1,131605.4,24.2,2026-01-28
09-02-2026,Monday   ,Safari ,Mobile ,Germany,Social Media  ,/about        ,2114,1836,278,2202,7947,0.4,136.6,146,0.1,15515,7.3,2026-09-02
01-12-2025,Monday   ,Safari ,Desktop,Japan  ,Referral      ,/contact      ,1055,921,134,1168,1889,0.4,272.5,136,0.1,5782.1,5.5,2025-01-12
27-11-2025,Thursday ,Chrome ,Desktop,Japan  ,Organic Search,/about        ,797,488,309,847,2733,0.5,370.9,106,0.1,8784.1,11,2025-11-27
02-11-2025,Sunday   ,Safari ,Desktop,India  ,Paid Search   ,/about        ,2803,2198,605,3186,5111,0.5,290.1,376,0.1,31228,11.1,2025-02-11
06-11-2025,Thursday ,Chrome ,Desktop,India  ,Social Media  ,/contact      ,3204,2548,656,3571,4066,0.6,341,163,0.1,0,0,2025-06-11
09-03-2026,Monday   ,Safari ,Mobile ,USA    ,Paid Search   ,/products     ,3398,2925,473,3826,6448,0.7,141.4,547,0.2,43508.1,12.8,2026-09-03
15-02-2026,Sunday   ,Safari ,Desktop,Germany,Direct        ,/blog         ,2217,1060,1157,2352,5838,0.6,514.1,317,0.1,43699.6,19.7,2026-02-15
11-01-2026,Sunday   ,Chrome ,Mobile ,Canada ,Social Media  ,/home         ,1137,981,156,1284,5398,0.6,127.4,66,0.1,13391.2,11.8,2026-11-01
26-10-2025,Sunday   ,Chrome ,Desktop,USA    ,Direct        ,/blog         ,2035,948,1087,2042,2650,0.2,430.5,311,0.2,66983.6,32.9,2025-10-26
12-11-2025,Wednesday,Chrome ,Mobile ,USA    ,Social Media  ,/home         ,2622,2038,584,2653,4901,0.8,85.9,199,0.1,37619.9,14.3,2025-12-11
07-01-2026,Wednesday,Chrome ,Desktop,India  ,Social Media  ,/pricing      ,730,633,97,772,1165,0.6,162.3,30,0,1685.5,2.3,2026-07-01
10-03-2026,Tuesday  ,Safari ,Desktop,India  ,Email         ,/landing-promo,1189,616,573,1196,4848,0.4,592.6,168,0.1,6351.8,5.3,2026-10-03
21-02-2026,Saturday ,Firefox,Desktop,USA    ,Organic Search,/blog         ,2527,1722,805,2754,3740,0.6,360.9,373,0.1,28637.4,11.3,2026-02-21
05-11-2025,Wednesday,Chrome ,Mobile ,USA    ,Social Media  ,/products     ,3765,2975,790,4197,13066,0.8,49.6,304,0.1,23107.2,6.1,2025-05-11
07-03-2026,Saturday ,Safari ,Mobile ,USA    ,Paid Search   ,/landing-promo,3532,2846,686,3785,13908,0.8,87,594,0.2,200401.4,56.7,2026-07-03
23-01-2026,Friday   ,Chrome ,Mobile ,UK     ,Organic Search,/products     ,3998,2504,1494,4139,11611,0.7,228.8,571,0.1,0,0,2026-01-23
06-01-2026,Tuesday  ,Chrome ,Desktop,India  ,Organic Search,/about        ,990,748,242,1088,3425,0.5,494,103,0.1,2338.9,2.4,2026-06-01
08-12-2025,Monday   ,Chrome ,Desktop,USA    ,Paid Search   ,/landing-promo,1642,1311,331,1744,5878,0.5,174.4,278,0.2,61895.4,37.7,2025-08-12
16-10-2025,Thursday ,Safari ,Mobile ,Canada ,Paid Search   ,/landing-promo,4390,3722,668,4847,6687,0.8,182.2,682,0.2,154812.5,35.3,2025-10-16
29-09-2025,Monday   ,Safari ,Mobile ,USA    ,Direct        ,/blog         ,1340,754,586,1457,2035,0.7,192.4,197,0.1,40891.3,30.5,2025-09-29
19-03-2026,Thursday ,Safari ,Mobile ,Germany,Paid Search   ,/contact      ,3418,2983,435,3558,4457,0.7,134.5,522,0.2,31688.3,9.3,2026-03-19
20-11-2025,Thursday ,Chrome ,Desktop,Canada ,Direct        ,/home         ,4308,2290,2018,4666,19721,0.3,758.1,692,0.2,119550.6,27.8,2025-11-20
29-11-2025,Saturday ,Unknown,Desktop,UK     ,Social Media  ,/landing-promo,2779,2280,499,2929,5895,0.7,418.5,167,0.1,26089.4,9.4,2025-11-29
14-11-2025,Friday   ,Chrome ,Desktop,India  ,Social Media  ,/about        ,392,296,96,432,1274,0.5,251,19,0,745,1.9,2025-11-14
12-12-2025,Friday   ,Chrome ,Desktop,Japan  ,Social Media  ,/blog         ,3320,2577,743,3538,10950,0.6,409.4,291,0.1,49290.3,14.8,2025-12-12
04-11-2025,Tuesday  ,Chrome ,Desktop,USA    ,Social Media  ,/pricing      ,3287,2748,539,3632,10156,0.8,193.2,266,0.1,15959.5,4.9,2025-04-11
25-11-2025,Tuesday  ,Chrome ,Mobile ,UAE    ,Direct        ,/about        ,4917,2166,2751,5001,12614,0.6,361.4,769,0.2,57949.8,11.8,2025-11-25
26-02-2026,Thursday ,Chrome ,Tablet ,Japan  ,Organic Search,/landing-promo,2253,1787,466,2370,5831,0.5,371.7,288,0.1,50039.1,22.2,2026-02-26
17-11-2025,Monday   ,Chrome ,Tablet ,India  ,Organic Search,/blog         ,4695,3370,1325,4735,6816,0.5,372.3,484,0.1,31870.6,6.8,2025-11-17
09-01-2026,Friday   ,Chrome ,Desktop,USA    ,Paid Search   ,/products     ,1861,1550,311,2122,5431,0.3,304.1,307,0.2,66276.2,35.6,2026-09-01
09-12-2025,Tuesday  ,Chrome ,Desktop,India  ,Organic Search,/landing-promo,5436,4238,1198,5595,11336,0.3,245.7,688,0.1,59047.5,10.9,2025-09-12
08-01-2026,Thursday ,Safari ,Mobile ,India  ,Direct        ,/blog         ,5267,2237,3030,5504,19186,0.7,308.3,632,0.1,62951.1,12,2026-08-01
31-12-2025,Wednesday,Safari ,Mobile ,India  ,Organic Search,/pricing      ,1400,1088,312,1412,3811,0.4,183.5,133,0.1,8556.2,6.1,2025-12-31
23-01-2026,Friday   ,Chrome ,Desktop,France ,Organic Search,/blog         ,2915,1765,1150,3156,8247,0.6,583.8,360,0.1,70578.6,24.2,2026-01-23
20-12-2025,Saturday ,Chrome ,Mobile ,India  ,Organic Search,/landing-promo,640,391,249,712,2532,0.7,90.7,67,0.1,5031.9,7.9,2025-12-20
04-11-2025,Tuesday  ,Chrome ,Desktop,India  ,Organic Search,/landing-promo,3535,2756,779,3829,16215,0.4,443.3,425,0.1,35807.6,10.1,2025-04-11
12-10-2025,Sunday   ,Safari ,Mobile ,USA    ,Organic Search,/pricing      ,1483,1169,314,1668,5584,0.4,276.3,193,0.1,54606.1,36.8,2025-12-10
04-01-2026,Sunday   ,Chrome ,Mobile ,USA    ,Organic Search,/blog         ,1152,779,373,1276,2458,0.6,148.5,153,0.1,16256.4,14.1,2026-04-01
03-03-2026,Tuesday  ,Chrome ,Mobile ,India  ,Organic Search,/home         ,2181,1512,669,2280,4054,0.3,201,230,0.1,21842.8,10,2026-03-03
23-11-2025,Sunday   ,Chrome ,Tablet ,UK     ,Direct        ,/about        ,2612,1536,1076,2796,8298,0.5,181.8,379,0.1,23652.5,9.1,2025-11-23
30-09-2025,Tuesday  ,Chrome ,Desktop,UAE    ,Direct        ,/blog         ,5688,2674,3014,5741,14824,0.5,352.2,948,0.2,209564.9,36.8,2025-09-30
05-12-2025,Friday   ,Safari ,Tablet ,USA    ,Social Media  ,/contact      ,392,315,77,445,1407,0.6,165.6,30,0.1,3140.8,8,2025-05-12
06-02-2026,Friday   ,Chrome ,Mobile ,USA    ,Organic Search,/home         ,2401,1602,799,2430,11119,0.4,126.2,338,0.1,41916.6,17.5,2026-06-02
08-12-2025,Monday   ,Chrome ,Desktop,India  ,Direct        ,/products     ,1270,550,720,1379,4362,0.5,695.4,158,0.1,9311.5,7.3,2025-08-12
13-03-2026,Friday   ,Chrome ,Mobile ,Canada ,Organic Search,/contact      ,4899,3305,1594,4997,10535,0.7,296.2,637,0.1,124546.4,25.4,2026-03-13
13-11-2025,Thursday ,Chrome ,Desktop,USA    ,Organic Search,/blog         ,5263,3266,1997,5477,7214,0.6,418.3,834,0.2,242344.4,46,2025-11-13
11-01-2026,Sunday   ,Chrome ,Mobile ,USA    ,Paid Search   ,/about        ,3099,2586,513,3209,11708,0.5,45.2,500,0.2,0,0,2026-11-01
17-10-2025,Friday   ,Safari ,Desktop,India  ,Organic Search,/blog         ,2444,1508,936,2453,11383,0.3,368.5,250,0.1,18599.1,7.6,2025-10-17
22-03-2026,Sunday   ,Safari ,Mobile ,India  ,Organic Search,/contact      ,300,209,91,317,937,0.4,227.5,28,0.1,1004.5,3.3,2026-03-22
14-11-2025,Friday   ,Chrome ,Desktop,Japan  ,Social Media  ,/pricing      ,952,804,148,1000,3431,0.6,140.8,69,0.1,4030.1,4.2,2025-11-14
17-03-2026,Tuesday  ,Chrome ,Desktop,UAE    ,Direct        ,/blog         ,3948,1610,2338,4441,12592,0.5,504.2,658,0.2,78893.1,20,2026-03-17
31-12-2025,Wednesday,Chrome ,Tablet ,India  ,Organic Search,/landing-promo,1279,886,393,1366,4900,0.5,101.5,120,0.1,4139.1,3.2,2025-12-31
09-02-2026,Monday   ,Firefox,Desktop,UK     ,Organic Search,/landing-promo,1522,1015,507,1577,3577,0.5,222.5,212,0.1,18047,11.9,2026-09-02
11-03-2026,Wednesday,Safari ,Mobile ,USA    ,Organic Search,/landing-promo,4303,2845,1458,4595,7961,0.4,141.1,622,0.1,0,0,2026-11-03
04-12-2025,Thursday ,Chrome ,Mobile ,UK     ,Direct        ,/pricing      ,1510,615,895,1676,6405,0.7,256.6,206,0.1,43935.8,29.1,2025-04-12
19-02-2026,Thursday ,Chrome ,Tablet ,Canada ,Social Media  ,/blog         ,4235,3192,1043,4600,12583,0.6,212.8,320,0.1,79368.1,18.7,2026-02-19
22-01-2026,Thursday ,Chrome ,Desktop,USA    ,Direct        ,/products     ,4018,1754,2264,4197,15993,0.6,603,666,0.2,166295.6,41.4,2026-01-22
02-01-2026,Friday   ,Chrome ,Tablet ,USA    ,Paid Search   ,/landing-promo,2866,2156,710,3198,4490,0.7,121.2,474,0.2,77297.2,27,2026-02-01
11-11-2025,Tuesday  ,Safari ,Desktop,India  ,Organic Search,/landing-promo,4503,3426,1077,5087,15444,0.6,352.6,530,0.1,39582.2,8.8,2025-11-11
07-11-2025,Friday   ,Chrome ,Desktop,India  ,Direct        ,/contact      ,1937,799,1138,2088,4180,0.5,566.9,249,0.1,28673.2,14.8,2025-07-11
12-02-2026,Thursday ,Chrome ,Mobile ,USA    ,Email         ,/about        ,2046,930,1116,2211,3406,0.6,175.8,361,0.2,81826.4,40,2026-12-02
16-11-2025,Sunday   ,Chrome ,Mobile ,USA    ,Organic Search,/pricing      ,1858,1285,573,2083,2733,0.6,211.3,242,0.1,57378.4,30.9,2025-11-16
11-01-2026,Sunday   ,Edge   ,Mobile ,UAE    ,Direct        ,/home         ,436,249,187,439,915,0.3,142.5,66,0.2,16869.6,38.7,2026-11-01
06-01-2026,Tuesday  ,Chrome ,Mobile ,India  ,Paid Search   ,/blog         ,5050,4027,1023,5163,12267,0.6,87.4,627,0.1,30306.8,6,2026-06-01
20-10-2025,Monday   ,Chrome ,Desktop,Germany,Organic Search,/contact      ,1838,1120,718,2033,2995,0.5,198.6,258,0.1,44902.8,24.4,2025-10-20
17-10-2025,Friday   ,Chrome ,Tablet ,USA    ,Paid Search   ,/about        ,4267,3360,907,4603,8030,0.5,140.8,718,0.2,155648.2,36.5,2025-10-17
05-11-2025,Wednesday,Chrome ,Desktop,France ,Organic Search,/products     ,5087,3723,1364,5508,16854,0.4,510.9,669,0.1,85758,16.9,2025-05-11
07-02-2026,Saturday ,Chrome ,Mobile ,India  ,Organic Search,/landing-promo,310,216,94,323,1022,0.5,153.4,28,0.1,1251.8,4,2026-07-02
12-12-2025,Friday   ,Chrome ,Mobile ,India  ,Direct        ,/blog         ,2281,1118,1163,2480,9290,0.4,347.3,237,0.1,19888.6,8.7,2025-12-12
01-02-2026,Sunday   ,Safari ,Tablet ,Germany,Social Media  ,/pricing      ,928,782,146,1054,3533,0.7,214.2,50,0.1,11778.8,12.7,2026-01-02
18-03-2026,Wednesday,Firefox,Mobile ,France ,Paid Search   ,/contact      ,2518,2032,486,2879,4640,0.6,254.4,377,0.1,65069.4,25.8,2026-03-18
22-12-2025,Monday   ,Chrome ,Desktop,India  ,Paid Search   ,/pricing      ,544,464,80,583,1631,0.5,505,73,0.1,2153.6,4,2025-12-22
27-01-2026,Tuesday  ,Safari ,Mobile ,France ,Organic Search,/blog         ,972,595,377,985,4343,0.6,229.4,124,0.1,21806.2,22.4,2026-01-27
16-10-2025,Thursday ,Chrome ,Desktop,France ,Direct        ,/home         ,845,487,358,847,1859,0.6,296.9,125,0.1,12350.7,14.6,2025-10-16
05-03-2026,Thursday ,Safari ,Mobile ,UK     ,Organic Search,/landing-promo,3077,2091,986,3178,9268,0.3,233.3,449,0.1,47921.5,15.6,2026-05-03
08-02-2026,Sunday   ,Chrome ,Mobile ,France ,Direct        ,/about        ,3396,1801,1595,3483,13107,0.6,290.2,468,0.1,73602.8,21.7,2026-08-02
03-01-2026,Saturday ,Chrome ,Tablet ,France ,Email         ,/landing-promo,2148,1140,1008,2334,6074,0.2,288.3,326,0.2,20958.7,9.8,2026-03-01
13-10-2025,Monday   ,Chrome ,Mobile ,UK     ,Direct        ,/blog         ,5182,2543,2639,5616,13731,0.6,246.6,828,0.2,228703.9,44.1,2025-10-13
21-10-2025,Tuesday  ,Chrome ,Desktop,France ,Social Media  ,/contact      ,4146,3654,492,4245,14474,0.5,384,293,0.1,32937.1,7.9,2025-10-21
19-11-2025,Wednesday,Chrome ,Tablet ,Canada ,Direct        ,/home         ,6013,2559,3454,6522,12866,0.6,389.9,877,0.1,53576.5,8.9,2025-11-19
12-11-2025,Wednesday,Safari ,Mobile ,Canada ,Organic Search,/about        ,3415,2442,973,3653,8428,0.6,213.1,454,0.1,44520.6,13,2025-12-11
15-03-2026,Sunday   ,Safari ,Tablet ,USA    ,Organic Search,/landing-promo,3637,2264,1373,3686,14815,0.5,344.8,569,0.2,114225.6,31.4,2026-03-15
13-02-2026,Friday   ,Safari ,Desktop,UK     ,Social Media  ,/pricing      ,427,376,51,430,569,0.7,134.1,32,0.1,4993.5,11.7,2026-02-13
17-01-2026,Saturday ,Chrome ,Mobile ,France ,Direct        ,/home         ,3704,1788,1916,3760,10997,0.5,60.7,540,0.1,37251.2,10.1,2026-01-17
18-03-2026,Wednesday,Edge   ,Desktop,India  ,Direct        ,/products     ,2630,1678,952,2982,9920,0.4,411.8,322,0.1,26196.5,10,2026-03-18
18-12-2025,Thursday ,Chrome ,Desktop,France ,Organic Search,/products     ,1983,1534,449,2165,2888,0.4,333,256,0.1,12210.1,6.2,2025-12-18
23-12-2025,Tuesday  ,Chrome ,Mobile ,UK     ,Social Media  ,/blog         ,3480,2843,637,3888,15022,0.8,190.3,274,0.1,34474.6,9.9,2025-12-23
14-02-2026,Saturday ,Chrome ,Mobile ,UK     ,Direct        ,/pricing      ,3939,2251,1688,4042,5813,0.6,317,588,0.1,76211.9,19.3,2026-02-14
08-11-2025,Saturday ,Safari ,Desktop,India  ,Social Media  ,/contact      ,2587,1941,646,2761,4478,0.6,395.2,100,0,2975.3,1.2,2025-08-11
08-01-2026,Thursday ,Firefox,Tablet ,Germany,Direct        ,/landing-promo,1713,804,909,1930,2694,0.6,448.9,235,0.1,15574.5,9.1,2026-08-01
28-09-2025,Sunday   ,Safari ,Desktop,India  ,Social Media  ,/blog         ,2272,1745,527,2366,9727,0.4,425.8,108,0,7272.1,3.2,2025-09-28
29-10-2025,Wednesday,Chrome ,Desktop,USA    ,Paid Search   ,/pricing      ,1428,1213,215,1463,3165,0.3,498,255,0.2,83754.6,58.7,2025-10-29
09-03-2026,Monday   ,Chrome ,Mobile ,India  ,Organic Search,/about        ,2152,1308,844,2329,5488,0.6,160.4,193,0.1,7194.3,3.3,2026-09-03
06-11-2025,Thursday ,Safari ,Mobile ,India  ,Direct        ,/pricing      ,3291,2011,1280,3590,8393,0.3,206.9,374,0.1,0,0,2025-06-11
11-01-2026,Sunday   ,Chrome ,Desktop,USA    ,Organic Search,/home         ,2423,1905,518,2559,7585,0.4,428.9,356,0.1,88231.6,36.4,2026-11-01
13-10-2025,Monday   ,Safari ,Mobile ,India  ,Paid Search   ,/contact      ,4863,4113,750,5405,6045,0.4,278.7,649,0.1,14423.2,3,2025-10-13
11-02-2026,Wednesday,Chrome ,Desktop,UK     ,Paid Search   ,/landing-promo,1428,1168,260,1447,3545,0.4,507.2,221,0.2,60445.3,42.3,2026-11-02
17-01-2026,Saturday ,Safari ,Desktop,India  ,Paid Search   ,/contact      ,3231,2772,459,3471,8640,0.3,575.6,471,0.1,53240.7,16.5,2026-01-17
08-10-2025,Wednesday,Chrome ,Desktop,India  ,Organic Search,/about        ,5054,3255,1799,5328,20696,0.3,399,635,0.1,15381.7,3,2025-08-10
28-10-2025,Tuesday  ,Chrome ,Mobile ,UK     ,Email         ,/products     ,3063,1893,1170,3494,7749,0.4,113.2,547,0.2,127789.5,41.7,2025-10-28
31-12-2025,Wednesday,Chrome ,Mobile ,UK     ,Email         ,/blog         ,2131,1176,955,2389,4249,0.4,171.1,380,0.2,55689.5,26.1,2025-12-31
05-11-2025,Wednesday,Chrome ,Desktop,UK     ,Direct        ,/pricing      ,4545,2182,2363,4656,14203,0.4,187,756,0.2,64276.7,14.1,2025-05-11
01-11-2025,Saturday ,Chrome ,Desktop,India  ,Organic Search,/about        ,1512,1166,346,1522,1845,0.6,567.2,165,0.1,8643,5.7,2025-01-11
17-12-2025,Wednesday,Chrome ,Mobile ,USA    ,Organic Search,/blog         ,2538,1807,731,2620,11600,0.4,274.2,372,0.1,69411.9,27.3,2025-12-17
07-12-2025,Sunday   ,Chrome ,Mobile ,India  ,Paid Search   ,/blog         ,2523,2018,505,2828,3946,0.5,195.7,282,0.1,23478.2,9.3,2025-07-12
19-01-2026,Monday   ,Chrome ,Desktop,India  ,Organic Search,/products     ,4661,2988,1673,4664,12746,0.3,186.4,526,0.1,55067.2,11.8,2026-01-19
15-01-2026,Thursday ,Chrome ,Tablet ,Japan  ,Referral      ,/blog         ,1310,1048,262,1482,5695,0.3,108,161,0.1,27677.1,21.1,2026-01-15
18-02-2026,Wednesday,Chrome ,Tablet ,UK     ,Organic Search,/about        ,1538,1094,444,1724,3283,0.6,159.3,201,0.1,55683.1,36.2,2026-02-18
28-12-2025,Sunday   ,Firefox,Desktop,USA    ,Direct        ,/products     ,3209,1549,1660,3532,3882,0.6,671.3,523,0.2,107240.4,33.4,2025-12-28
29-11-2025,Saturday ,Chrome ,Desktop,USA    ,Organic Search,/contact      ,470,312,158,470,1202,0.5,503.4,69,0.1,11335.2,24.1,2025-11-29
06-02-2026,Friday   ,Chrome ,Desktop,USA    ,Referral      ,/contact      ,1117,923,194,1198,4299,0.4,225,146,0.1,8729.5,7.8,2026-06-02
20-02-2026,Friday   ,Safari ,Desktop,USA    ,Direct        ,/landing-promo,2202,1010,1192,2320,7411,0.4,502.1,333,0.2,84640.8,38.4,2026-02-20
08-02-2026,Sunday   ,Firefox,Mobile ,USA    ,Paid Search   ,/products     ,3522,3140,382,3725,12801,0.7,296.9,608,0.2,190353.9,54,2026-08-02
17-01-2026,Saturday ,Chrome ,Desktop,Germany,Organic Search,/blog         ,1051,834,217,1107,1995,0.4,281.2,148,0.1,9569.3,9.1,2026-01-17
30-01-2026,Friday   ,Safari ,Desktop,Canada ,Organic Search,/contact      ,3806,2570,1236,4316,16352,0.5,566.5,567,0.1,125634.8,33,2026-01-30
10-11-2025,Monday   ,Chrome ,Desktop,USA    ,Organic Search,/about        ,4991,3917,1074,5410,11311,0.3,416.9,758,0.2,239302.7,47.9,2025-10-11
16-11-2025,Sunday   ,Firefox,Desktop,Germany,Organic Search,/contact      ,734,570,164,835,1297,0.6,412.5,107,0.1,13727.1,18.7,2025-11-16
04-10-2025,Saturday ,Chrome ,Mobile ,India  ,Organic Search,/landing-promo,1898,1352,546,1948,2845,0.3,79.5,182,0.1,13945,7.3,2025-04-10
01-01-2026,Thursday ,Chrome ,Desktop,USA    ,Paid Search   ,/about        ,2973,2403,570,3307,12592,0.4,572.3,526,0.2,186777.1,62.8,2026-01-01
15-01-2026,Thursday ,Safari ,Desktop,USA    ,Social Media  ,/pricing      ,2220,1836,384,2499,8672,0.5,376.6,166,0.1,37683.7,17,2026-01-15
12-01-2026,Monday   ,Chrome ,Desktop,India  ,Social Media  ,/products     ,393,335,58,433,1377,0.5,142.4,16,0,429.3,1.1,2026-12-01
12-03-2026,Thursday ,Safari ,Mobile ,India  ,Organic Search,/home         ,3469,2156,1313,3802,16505,0.7,226.3,367,0.1,35713.4,10.3,2026-12-03
07-10-2025,Tuesday  ,Chrome ,Mobile ,UAE    ,Direct        ,/pricing      ,1663,830,833,1798,4415,0.3,347.3,240,0.1,71896.8,43.2,2025-07-10
29-09-2025,Monday   ,Safari ,Tablet ,Japan  ,Organic Search,/contact      ,465,283,182,518,1627,0.4,367.2,63,0.1,15615.2,33.6,2025-09-29
15-12-2025,Monday   ,Chrome ,Mobile ,France ,Referral      ,/about        ,3109,2456,653,3328,6031,0.6,175.6,355,0.1,36837.2,11.8,2025-12-15
09-11-2025,Sunday   ,Safari ,Desktop,Canada ,Organic Search,/contact      ,767,551,216,800,2399,0.3,598.2,103,0.1,7464.8,9.7,2025-09-11
20-03-2026,Friday   ,Safari ,Mobile ,USA    ,Organic Search,/about        ,3088,2114,974,3147,9269,0.6,100.7,482,0.2,144347.3,46.7,2026-03-20
24-10-2025,Friday   ,Chrome ,Desktop,India  ,Paid Search   ,/blog         ,2313,1764,549,2430,7214,0.7,352,293,0.1,19857.4,8.6,2025-10-24
17-11-2025,Monday   ,Safari ,Mobile ,Unknown,Direct        ,/landing-promo,536,235,301,606,962,0.6,122.8,71,0.1,4075.2,7.6,2025-11-17
24-12-2025,Wednesday,Firefox,Desktop,USA    ,Organic Search,/landing-promo,2321,1441,880,2533,4897,0.4,407.6,367,0.2,93380.5,40.2,2025-12-24
13-02-2026,Friday   ,Edge   ,Tablet ,France ,Organic Search,/products     ,2068,1419,649,2269,8673,0.5,160.1,231,0.1,51644.8,25,2026-02-13
05-11-2025,Wednesday,Chrome ,Mobile ,India  ,Organic Search,/home         ,1700,1312,388,1850,6644,0.5,125.2,162,0.1,11314.1,6.7,2025-05-11
25-10-2025,Saturday ,Chrome ,Desktop,USA    ,Organic Search,/blog         ,1335,1013,322,1364,4886,0.3,496.5,201,0.2,36649.9,27.5,2025-10-25
13-12-2025,Saturday ,Chrome ,Mobile ,Japan  ,Paid Search   ,/blog         ,1913,1694,219,2163,6519,0.5,239,292,0.2,46898.7,24.5,2025-12-13
12-12-2025,Friday   ,Safari ,Mobile ,USA    ,Referral      ,/blog         ,3416,2572,844,3738,15716,0.7,100,500,0.1,51051.2,14.9,2025-12-12
20-10-2025,Monday   ,Chrome ,Desktop,India  ,Organic Search,/about        ,3437,2747,690,3767,9044,0.4,479.2,416,0.1,8277,2.4,2025-10-20
24-10-2025,Friday   ,Chrome ,Desktop,India  ,Direct        ,/products     ,3099,1821,1278,3139,4730,0.5,178.2,392,0.1,21920.4,7.1,2025-10-24
30-01-2026,Friday   ,Chrome ,Desktop,Germany,Organic Search,/pricing      ,3466,2697,769,3688,7893,0.3,509.5,515,0.1,37415.3,10.8,2026-01-30
23-01-2026,Friday   ,Chrome ,Mobile ,UAE    ,Email         ,/blog         ,2107,1230,877,2200,7145,0.7,365,379,0.2,35301.9,16.8,2026-01-23
27-11-2025,Thursday ,Chrome ,Desktop,Germany,Organic Search,/contact      ,1592,957,635,1624,6982,0.5,544.7,232,0.1,31408.8,19.7,2025-11-27
03-10-2025,Friday   ,Safari ,Desktop,USA    ,Paid Search   ,/landing-promo,5902,4888,1014,6222,26229,0.7,199.1,1040,0.2,238158.6,40.4,2025-03-10
22-12-2025,Monday   ,Edge   ,Mobile ,USA    ,Organic Search,/blog         ,2874,1797,1077,2987,8576,0.6,210.8,413,0.1,107375.6,37.4,2025-12-22
25-11-2025,Tuesday  ,Chrome ,Mobile ,France ,Paid Search   ,/home         ,2926,2236,690,3198,12189,0.8,282.4,428,0.1,56514.5,19.3,2025-11-25
11-01-2026,Sunday   ,Chrome ,Desktop,UAE    ,Social Media  ,/landing-promo,1302,1103,199,1383,2309,0.6,202,96,0.1,7611.8,5.8,2026-11-01
05-11-2025,Wednesday,Safari ,Desktop,USA    ,Organic Search,/contact      ,2220,1730,490,2414,8689,0.5,404.8,334,0.2,112400.2,50.6,2025-05-11
14-12-2025,Sunday   ,Chrome ,Mobile ,Japan  ,Organic Search,/pricing      ,1529,1193,336,1747,1839,0.4,151.1,192,0.1,10249.3,6.7,2025-12-14
02-10-2025,Thursday ,Safari ,Desktop,Germany,Organic Search,/pricing      ,5153,3282,1871,5417,20348,0.5,133.8,744,0.1,49102.5,9.5,2025-02-10
05-10-2025,Sunday   ,Chrome ,Desktop,UAE    ,Social Media  ,/products     ,371,305,66,410,1671,0.5,391.8,30,0.1,1596.5,4.3,2025-05-10
03-12-2025,Wednesday,Safari ,Mobile ,Japan  ,Organic Search,/blog         ,1844,1266,578,1901,8827,0.4,222.3,245,0.1,55922.7,30.3,2025-03-12
20-11-2025,Thursday ,Safari ,Desktop,USA    ,Paid Search   ,/contact      ,5521,4960,561,6138,14200,0.7,310.4,951,0.2,145443.3,26.3,2025-11-20
12-02-2026,Thursday ,Safari ,Mobile ,India  ,Direct        ,/home         ,5019,2529,2490,5662,18675,0.3,340,560,0.1,28225.3,5.6,2026-12-02
11-01-2026,Sunday   ,Chrome ,Desktop,UAE    ,Organic Search,/landing-promo,894,646,248,934,1105,0.5,527.2,126,0.1,11094,12.4,2026-11-01
16-03-2026,Monday   ,Safari ,Desktop,France ,Organic Search,/home         ,3311,2454,857,3615,7013,0.4,396.5,485,0.1,82473.7,24.9,2026-03-16
04-02-2026,Wednesday,Chrome ,Desktop,UAE    ,Organic Search,/blog         ,5427,3529,1898,6109,6610,0.4,225.2,854,0.2,140730.2,25.9,2026-04-02
29-11-2025,Saturday ,Firefox,Desktop,India  ,Direct        ,/landing-promo,609,307,302,630,2908,0.6,500.2,76,0.1,3325.8,5.5,2025-11-29
25-02-2026,Wednesday,Chrome ,Desktop,India  ,Referral      ,/blog         ,639,551,88,730,3061,0.5,400.1,68,0.1,5850,9.2,2026-02-25
09-10-2025,Thursday ,Chrome ,Desktop,UAE    ,Social Media  ,/pricing      ,1122,973,149,1154,2373,0.4,401.2,97,0.1,13489.2,12,2025-09-10
10-02-2026,Tuesday  ,Chrome ,Desktop,UK     ,Organic Search,/blog         ,3034,2343,691,3411,11375,0.3,315.3,425,0.1,32157.4,10.6,2026-10-02
17-12-2025,Wednesday,Chrome ,Mobile ,France ,Paid Search   ,/about        ,943,775,168,1006,2899,0.7,298.9,130,0.1,17816,18.9,2025-12-17
07-02-2026,Saturday ,Chrome ,Desktop,USA    ,Paid Search   ,/home         ,1346,1176,170,1505,3539,0.7,383,239,0.2,50225.3,37.3,2026-07-02
14-11-2025,Friday   ,Safari ,Desktop,Canada ,Social Media  ,/landing-promo,2440,1955,485,2738,6877,0.7,353.4,193,0.1,41986,17.2,2025-11-14
01-11-2025,Saturday ,Chrome ,Desktop,India  ,Social Media  ,/pricing      ,1711,1462,249,1922,4705,0.6,316.1,72,0,3974.5,2.3,2025-01-11
03-01-2026,Saturday ,Chrome ,Mobile ,Canada ,Organic Search,/contact      ,1049,769,280,1056,2331,0.6,130.6,134,0.1,31833.4,30.3,2026-03-01
23-12-2025,Tuesday  ,Chrome ,Tablet ,USA    ,Organic Search,/home         ,4290,2728,1562,4685,7329,0.6,246.3,613,0.1,120290.6,28,2025-12-23
29-12-2025,Monday   ,Chrome ,Tablet ,USA    ,Social Media  ,/about        ,1644,1428,216,1680,5362,0.5,107.3,117,0.1,24518.9,14.9,2025-12-29
02-10-2025,Thursday ,Chrome ,Desktop,India  ,Direct        ,/home         ,3562,2211,1351,3896,16649,0.2,164.8,459,0.1,30992,8.7,2025-02-10
22-03-2026,Sunday   ,Chrome ,Desktop,India  ,Organic Search,/products     ,593,362,231,619,1300,0.6,293.3,67,0.1,4862.3,8.2,2026-03-22
12-12-2025,Friday   ,Safari ,Tablet ,UAE    ,Organic Search,/landing-promo,4411,3239,1172,4757,12592,0.6,153.5,630,0.1,131020.6,29.7,2025-12-12
16-03-2026,Monday   ,Chrome ,Desktop,UK     ,Paid Search   ,/blog         ,4479,3487,992,5099,15538,0.4,389.7,725,0.2,190662.6,42.6,2026-03-16
25-10-2025,Saturday ,Firefox,Desktop,USA    ,Organic Search,/home         ,637,397,240,659,2083,0.5,252.2,98,0.2,14369.5,22.6,2025-10-25
06-02-2026,Friday   ,Chrome ,Desktop,UK     ,Organic Search,/pricing      ,4318,3040,1278,4498,8103,0.4,162.1,668,0.2,115448.2,26.7,2026-06-02
14-01-2026,Wednesday,Chrome ,Desktop,India  ,Paid Search   ,/home         ,3801,2903,898,4171,5027,0.6,333.4,521,0.1,50120.7,13.2,2026-01-14
19-03-2026,Thursday ,Firefox,Mobile ,USA    ,Paid Search   ,/pricing      ,3096,2609,487,3466,9409,0.7,57,521,0.2,141914.7,45.8,2026-03-19
27-11-2025,Thursday ,Firefox,Desktop,India  ,Email         ,/contact      ,2723,1617,1106,3090,7964,0.4,700.4,396,0.1,40063.6,14.7,2025-11-27
14-01-2026,Wednesday,Safari ,Mobile ,India  ,Direct        ,/home         ,3102,1701,1401,3370,14546,0.4,121.7,358,0.1,29148.3,9.4,2026-01-14
13-01-2026,Tuesday  ,Chrome ,Desktop,India  ,Social Media  ,/home         ,3926,3165,761,3928,7812,0.4,196,175,0,17235.7,4.4,2026-01-13
01-10-2025,Wednesday,Chrome ,Desktop,India  ,Paid Search   ,/home         ,5808,5008,800,6182,13363,0.6,120.3,795,0.1,79530.3,13.7,2025-01-10
04-11-2025,Tuesday  ,Chrome ,Desktop,India  ,Organic Search,/products     ,1118,724,394,1247,2054,0.5,482.1,121,0.1,8663.2,7.7,2025-04-11
02-01-2026,Friday   ,Firefox,Desktop,France ,Direct        ,/home         ,4385,2474,1911,4789,7124,0.6,352.2,694,0.2,31114.1,7.1,2026-02-01
13-01-2026,Tuesday  ,Chrome ,Desktop,Germany,Social Media  ,/pricing      ,946,736,210,1049,2314,0.6,253.5,59,0.1,9248.9,9.8,2026-01-13
08-12-2025,Monday   ,Safari ,Mobile ,UAE    ,Email         ,/blog         ,2779,1133,1646,3009,10715,0.5,369.5,496,0.2,104509.7,37.6,2025-08-12
14-11-2025,Friday   ,Chrome ,Tablet ,Germany,Social Media  ,/landing-promo,900,787,113,932,2836,0.4,212.5,55,0.1,4628.7,5.1,2025-11-14
16-03-2026,Monday   ,Chrome ,Desktop,USA    ,Direct        ,/home         ,4189,2020,2169,4376,18248,0.5,420.3,722,0.2,252778,60.3,2026-03-16
04-02-2026,Wednesday,Safari ,Mobile ,India  ,Organic Search,/products     ,2252,1531,721,2367,9068,0.6,295.4,217,0.1,23505.8,10.4,2026-04-02
19-01-2026,Monday   ,Chrome ,Mobile ,USA    ,Paid Search   ,/pricing      ,3472,2836,636,3700,4952,0.6,188.4,596,0.2,131155.1,37.8,2026-01-19
04-01-2026,Sunday   ,Chrome ,Mobile ,Japan  ,Organic Search,/about        ,1205,729,476,1346,4692,0.5,113.8,166,0.1,22094.1,18.3,2026-04-01
13-01-2026,Tuesday  ,Safari ,Desktop,India  ,Organic Search,/about        ,3879,2808,1071,4111,9319,0.5,484.2,440,0.1,0,0,2026-01-13
16-12-2025,Tuesday  ,Chrome ,Mobile ,Canada ,Organic Search,/home         ,4735,3195,1540,4773,8452,0.6,181.8,695,0.1,120931.7,25.5,2025-12-16
15-01-2026,Thursday ,Chrome ,Desktop,USA    ,Direct        ,/landing-promo,4627,2057,2570,4645,6666,0.5,485.5,800,0.2,57747.2,12.5,2026-01-15
02-01-2026,Friday   ,Chrome ,Mobile ,USA    ,Paid Search   ,/about        ,934,759,175,949,3979,0.5,98.3,143,0.2,21872.4,23.4,2026-02-01
30-11-2025,Sunday   ,Chrome ,Mobile ,UK     ,Referral      ,/blog         ,1249,1033,216,1321,2118,0.6,78.1,151,0.1,13662.5,10.9,2025-11-30
04-11-2025,Tuesday  ,Chrome ,Desktop,USA    ,Direct        ,/blog         ,5936,3515,2421,6557,28261,0.4,644.2,1053,0.2,142087.5,23.9,2025-04-11
26-11-2025,Wednesday,Chrome ,Desktop,India  ,Social Media  ,/products     ,3020,2685,335,3323,7486,0.6,345.6,159,0.1,6293.2,2.1,2025-11-26
10-11-2025,Monday   ,Chrome ,Tablet ,India  ,Paid Search   ,/landing-promo,5536,4219,1317,6100,26283,0.4,347.1,773,0.1,25239.2,4.6,2025-10-11
19-02-2026,Thursday ,Safari ,Desktop,Germany,Organic Search,/pricing      ,3840,2324,1516,4126,5021,0.6,318,581,0.2,0,0,2026-02-19
13-12-2025,Saturday ,Chrome ,Mobile ,Japan  ,Paid Search   ,/landing-promo,2828,2310,518,2913,4629,0.5,51.7,416,0.1,63021.4,22.3,2025-12-13
09-12-2025,Tuesday  ,Edge   ,Mobile ,USA    ,Direct        ,/pricing      ,4278,2716,1562,4886,14616,0.3,208.1,704,0.2,120049.4,28.1,2025-09-12
02-02-2026,Monday   ,Safari ,Mobile ,Germany,Direct        ,/home         ,4093,2113,1980,4209,5116,0.6,191.6,601,0.1,122398.5,29.9,2026-02-02
18-02-2026,Wednesday,Chrome ,Desktop,India  ,Direct        ,/contact      ,3331,2065,1266,3443,13888,0.3,534.6,444,0.1,35018.3,10.5,2026-02-18
20-11-2025,Thursday ,Chrome ,Desktop,India  ,Organic Search,/landing-promo,3868,2647,1221,3940,12860,0.6,363.2,465,0.1,19409.8,5,2025-11-20
28-02-2026,Saturday ,Safari ,Mobile ,UK     ,Referral      ,/landing-promo,1893,1679,214,1995,7660,0.7,207.7,237,0.1,30901,16.3,2026-02-28
13-10-2025,Monday   ,Chrome ,Desktop,India  ,Social Media  ,/home         ,836,638,198,878,1964,0.7,427.1,30,0,2456.6,2.9,2025-10-13
05-10-2025,Sunday   ,Chrome ,Desktop,USA    ,Social Media  ,/home         ,501,398,103,532,2316,0.5,253,38,0.1,4100.8,8.2,2025-05-10
19-01-2026,Monday   ,Chrome ,Desktop,India  ,Paid Search   ,/home         ,5833,4844,989,6432,18355,0.7,479.5,765,0.1,36932,6.3,2026-01-19
17-03-2026,Tuesday  ,Chrome ,Mobile ,Japan  ,Organic Search,/products     ,1403,1097,306,1440,2910,0.4,105.4,170,0.1,29565.5,21.1,2026-03-17
16-10-2025,Thursday ,Safari ,Desktop,UAE    ,Organic Search,/products     ,5223,3169,2054,5962,10369,0.3,239,839,0.2,159776.9,30.6,2025-10-16
03-11-2025,Monday   ,Safari ,Desktop,USA    ,Social Media  ,/products     ,2547,2278,269,2571,8866,0.6,395.8,192,0.1,58812.2,23.1,2025-03-11
31-10-2025,Friday   ,Chrome ,Mobile ,UK     ,Social Media  ,/blog         ,2955,2469,486,3015,5277,0.6,190.7,151,0.1,33119,11.2,2025-10-31
20-03-2026,Friday   ,Chrome ,Mobile ,France ,Social Media  ,/about        ,1971,1757,214,2112,8273,0.5,157.4,85,0,4160.2,2.1,2026-03-20
03-01-2026,Saturday ,Chrome ,Desktop,India  ,Organic Search,/contact      ,1072,737,335,1148,2828,0.3,284.4,117,0.1,7164.7,6.7,2026-03-01
04-01-2026,Sunday   ,Chrome ,Desktop,India  ,Organic Search,/landing-promo,680,462,218,757,1010,0.4,397.5,69,0.1,4481.4,6.6,2026-04-01
14-11-2025,Friday   ,Chrome ,Desktop,France ,Paid Search   ,/landing-promo,1525,1222,303,1529,4211,0.5,126.4,227,0.1,37614.3,24.7,2025-11-14
26-11-2025,Wednesday,Chrome ,Mobile ,UK     ,Paid Search   ,/about        ,4389,3447,942,4583,13852,0.5,273.7,695,0.2,68384.6,15.6,2025-11-26
07-02-2026,Saturday ,Safari ,Desktop,Canada ,Direct        ,/pricing      ,965,418,547,1067,2568,0.4,710.3,147,0.2,27478.5,28.5,2026-07-02
20-02-2026,Friday   ,Chrome ,Mobile ,UAE    ,Social Media  ,/pricing      ,2406,2087,319,2501,6797,0.7,112,162,0.1,21046.4,8.7,2026-02-20
19-01-2026,Monday   ,Edge   ,Unknown,USA    ,Email         ,/products     ,990,617,373,1013,1692,0.5,131.1,178,0.2,17319,17.5,2026-01-19
28-12-2025,Sunday   ,Edge   ,Mobile ,USA    ,Organic Search,/products     ,1573,992,581,1789,6510,0.4,100.9,229,0.1,70909.8,45.1,2025-12-28
30-10-2025,Thursday ,Safari ,Desktop,Canada ,Organic Search,/products     ,2130,1555,575,2304,5777,0.3,301.2,317,0.1,47335.6,22.2,2025-10-30
25-01-2026,Sunday   ,Safari ,Mobile ,Japan  ,Paid Search   ,/pricing      ,2340,1804,536,2376,7249,0.5,270.3,331,0.1,43215.3,18.5,2026-01-25
06-12-2025,Saturday ,Safari ,Mobile ,UK     ,Paid Search   ,/home         ,4196,3569,627,4775,7762,0.5,69,653,0.2,45514,10.8,2025-06-12
03-22-2026,Sunday   ,Chrome ,Desktop,UK     ,Paid Search   ,/blog         ,1863,1610,253,2108,7078,0.6,291.5,299,0.2,75703.9,40.6,2026-03-22
03-12-2025,Wednesday,Safari ,Mobile ,USA    ,Organic Search,/home         ,1317,1053,264,1404,2108,0.6,47.9,183,0.1,54826.3,41.6,2025-03-12
03-02-2026,Tuesday  ,Firefox,Mobile ,UK     ,Referral      ,/pricing      ,2661,1998,663,2783,6872,0.7,270.7,299,0.1,26301,9.9,2026-03-02
11-01-2026,Sunday   ,Chrome ,Desktop,UAE    ,Social Media  ,/landing-promo,1302,1103,199,1383,2309,0.6,202,96,0.1,7611.8,5.8,2026-11-01
16-11-2025,Sunday   ,Chrome ,Mobile ,USA    ,Paid Search   ,/blog         ,1276,1078,198,1329,5316,0.5,218.9,211,0.2,59641.7,46.7,2025-11-16
10-10-2025,Friday   ,Safari ,Tablet ,India  ,Direct        ,/products     ,988,561,427,1046,4155,0.3,433.5,108,0.1,3383.1,3.4,2025-10-10
06-02-2026,Friday   ,Chrome ,Mobile ,USA    ,Social Media  ,/contact      ,2780,2206,574,3040,11664,0.7,205.1,197,0.1,18348.2,6.6,2026-06-02
11-12-2025,Thursday ,Chrome ,Mobile ,Japan  ,Direct        ,/pricing      ,6000,3089,2911,6538,28379,0.5,89,942,0.2,0,0,2025-11-12
16-02-2026,Monday   ,Chrome ,Desktop,UK     ,Organic Search,/blog         ,540,412,128,596,1624,0.4,571.1,80,0.1,8222.7,15.2,2026-02-16
24-02-2026,Tuesday  ,Edge   ,Desktop,USA    ,Paid Search   ,/about        ,5769,5075,694,6564,24949,0.7,541.3,1012,0.2,182187.2,31.6,2026-02-24
01-10-2025,Wednesday,Firefox,Mobile ,India  ,Email         ,/about        ,1843,933,910,1877,6838,0.6,346.1,256,0.1,7663.9,4.2,2025-01-10
26-01-2026,Monday   ,Chrome ,Mobile ,India  ,Organic Search,/about        ,3515,2663,852,3941,5007,0.7,99.4,353,0.1,18318.2,5.2,2026-01-26
14-03-2026,Saturday ,Edge   ,Mobile ,UAE    ,Direct        ,/home         ,1540,982,558,1682,7363,0.5,284.5,233,0.2,59205.9,38.4,2026-03-14
29-01-2026,Thursday ,Safari ,Mobile ,Japan  ,Organic Search,/landing-promo,4528,3592,936,5158,7063,0.4,51.8,625,0.1,32007,7.1,2026-01-29
16-02-2026,Monday   ,Safari ,Mobile ,USA    ,Organic Search,/blog         ,4676,3363,1313,4745,9900,0.7,124.1,660,0.1,61276,13.1,2026-02-16
19-01-2026,Monday   ,Safari ,Mobile ,UK     ,Organic Search,/contact      ,1621,1196,425,1823,5129,0.5,77.5,223,0.1,59590.1,36.8,2026-01-19
30-01-2026,Friday   ,Edge   ,Desktop,UK     ,Organic Search,/contact      ,3370,2404,966,3799,6971,0.5,456.8,475,0.1,114308.9,33.9,2026-01-30
25-02-2026,Wednesday,Safari ,Mobile ,USA    ,Organic Search,/products     ,5093,4067,1026,5717,13552,0.5,271.2,802,0.2,93516.4,18.4,2026-02-25
05-02-2026,Thursday ,Safari ,Desktop,Canada ,Social Media  ,/products     ,3887,3049,838,3976,6343,0.6,438.7,332,0.1,23241.7,6,2026-05-02
16-01-2026,Friday   ,Chrome ,Mobile ,Canada ,Organic Search,/landing-promo,4736,3114,1622,5378,21345,0.5,187,627,0.1,159202.6,33.6,2026-01-16
21-01-2026,Wednesday,Chrome ,Mobile ,UK     ,Paid Search   ,/products     ,5382,4670,712,5875,14690,0.7,111.4,886,0.2,42623.2,7.9,2026-01-21
22-02-2026,Sunday   ,Chrome ,Mobile ,Japan  ,Direct        ,/about        ,2732,1619,1113,2734,3606,0.4,209.8,372,0.1,24604.3,9,2026-02-22
26-11-2025,Wednesday,Chrome ,Tablet ,Canada ,Direct        ,/about        ,4328,1793,2535,4968,6669,0.3,217.4,664,0.2,121438.3,28.1,2025-11-26
23-01-2026,Friday   ,Chrome ,Mobile ,Canada ,Direct        ,/pricing      ,5348,2711,2637,5538,14510,0.5,262.7,846,0.2,79075.6,14.8,2026-01-23
10-02-2026,Tuesday  ,Chrome ,Desktop,USA    ,Social Media  ,/pricing      ,1692,1324,368,1710,4209,0.6,242.7,122,0.1,6590.4,3.9,2026-10-02
13-10-2025,Monday   ,Safari ,Mobile ,India  ,Organic Search,/pricing      ,4020,2704,1316,4177,10977,0.3,100.8,405,0.1,17087.2,4.3,2025-10-13
05-11-2025,Wednesday,Chrome ,Desktop,Canada ,Paid Search   ,/contact      ,4365,3605,760,4573,8038,0.7,486.9,713,0.2,107313.4,24.6,2025-05-11
28-09-2025,Sunday   ,Safari ,Desktop,India  ,Paid Search   ,/landing-promo,1992,1650,342,2155,2642,0.3,515.5,261,0.1,20096.3,10.1,2025-09-28
26-01-2026,Monday   ,Chrome ,Desktop,Canada ,Direct        ,/pricing      ,2732,1579,1153,2940,10474,0.5,358.9,398,0.1,38213.9,14,2026-01-26
24-11-2025,Monday   ,Edge   ,Desktop,UAE    ,Referral      ,/products     ,1332,1162,170,1350,3327,0.4,189.2,197,0.1,15165.5,11.4,2025-11-24
18-02-2026,Wednesday,Chrome ,Desktop,USA    ,Social Media  ,/pricing      ,3079,2401,678,3115,6139,0.6,290.5,284,0.1,37794.1,12.3,2026-02-18
13-11-2025,Thursday ,Chrome ,Desktop,UAE    ,Organic Search,/landing-promo,1072,659,413,1160,2356,0.4,496.3,164,0.2,43811.8,40.9,2025-11-13
07-11-2025,Friday   ,Safari ,Unknown,India  ,Social Media  ,/pricing      ,471,420,51,498,717,0.6,217.1,12,0,1184.6,2.5,2025-07-11
03-01-2026,Saturday ,Safari ,Mobile ,India  ,Social Media  ,/contact      ,1057,947,110,1191,2937,0.5,154.4,40,0,4086.8,3.9,2026-03-01
27-11-2025,Thursday ,Chrome ,Mobile ,UAE    ,Organic Search,/blog         ,4217,3089,1128,4693,18400,0.6,83.5,643,0.2,133523.6,31.7,2025-11-27
22-10-2025,Wednesday,Chrome ,Desktop,USA    ,Organic Search,/pricing      ,2825,1835,990,3115,11238,0.5,515.7,430,0.2,53817.3,19.1,2025-10-22
17-11-2025,Monday   ,Chrome ,Desktop,Canada ,Referral      ,/about        ,2079,1663,416,2117,7459,0.6,363.4,262,0.1,40361.2,19.4,2025-11-17
29-11-2025,Saturday ,Chrome ,Desktop,USA    ,Direct        ,/contact      ,2312,1307,1005,2351,10876,0.6,269.3,362,0.2,98449.9,42.6,2025-11-29
30-01-2026,Friday   ,Chrome ,Tablet ,India  ,Organic Search,/home         ,3226,2028,1198,3300,6717,0.4,228.7,382,0.1,21974.6,6.8,2026-01-30
14-12-2025,Sunday   ,Firefox,Mobile ,India  ,Paid Search   ,/about        ,1524,1342,182,1590,5429,0.7,168.6,169,0.1,7114.6,4.7,2025-12-14
03-03-2026,Tuesday  ,Firefox,Mobile ,UAE    ,Organic Search,/home         ,4189,3124,1065,4573,14047,0.4,286.4,589,0.1,0,0,2026-03-03
18-01-2026,Sunday   ,Chrome ,Desktop,USA    ,Paid Search   ,/blog         ,3699,3228,471,3934,5538,0.5,597.6,650,0.2,86969.8,23.5,2026-01-18
19-11-2025,Wednesday,Chrome ,Mobile ,Japan  ,Organic Search,/contact      ,4330,3139,1191,4371,7595,0.7,46.9,609,0.1,114544.8,26.5,2025-11-19
02-11-2025,Sunday   ,Chrome ,Mobile ,UK     ,Organic Search,/home         ,1872,1257,615,2087,3570,0.6,91.9,256,0.1,71365.1,38.1,2025-02-11
06-03-2026,Friday   ,Safari ,Desktop,Germany,Social Media  ,/landing-promo,2262,1806,456,2479,9475,0.5,366.2,170,0.1,10409.6,4.6,2026-06-03
20-10-2025,Monday   ,Chrome ,Desktop,France ,Organic Search,/landing-promo,3114,2457,657,3387,7903,0.4,176.5,444,0.1,65040.1,20.9,2025-10-20
26-10-2025,Sunday   ,Chrome ,Tablet ,UK     ,Direct        ,/contact      ,747,349,398,851,1802,0.5,458.8,103,0.1,9896.2,13.2,2025-10-26
15-01-2026,Thursday ,Chrome ,Desktop,USA    ,Paid Search   ,/pricing      ,3414,2825,589,3717,15340,0.4,133,610,0.2,166111.9,48.7,2026-01-15
26-10-2025,Sunday   ,Firefox,Mobile ,France ,Organic Search,/landing-promo,3221,2265,956,3417,6784,0.4,128.8,404,0.1,34082.6,10.6,2025-10-26
24-02-2026,Tuesday  ,Chrome ,Desktop,Germany,Direct        ,/about        ,5847,3261,2586,5976,23339,0.4,346.3,878,0.2,140434.5,24,2026-02-24
15-12-2025,Monday   ,Safari ,Desktop,UK     ,Paid Search   ,/products     ,2863,2454,409,3268,12029,0.4,397.6,462,0.2,54217.5,18.9,2025-12-15
13-11-2025,Thursday ,Firefox,Desktop,Canada ,Direct        ,/pricing      ,2461,1468,993,2484,6510,0.4,518.9,380,0.2,56723.4,23,2025-11-13
26-12-2025,Friday   ,Chrome ,Mobile ,India  ,Social Media  ,/landing-promo,3953,3288,665,4267,7025,0.6,142.5,179,0,16769.2,4.2,2025-12-26
06-12-2025,Saturday ,Chrome ,Desktop,USA    ,Organic Search,/landing-promo,2594,1905,689,2638,9568,0.5,140.8,409,0.2,45062.9,17.4,2025-06-12
15-12-2025,Monday   ,Chrome ,Mobile ,Unknown,Direct        ,/home         ,1993,860,1133,2178,3743,0.4,164.1,295,0.1,57406.1,28.8,2025-12-15
15-10-2025,Wednesday,Chrome ,Tablet ,UK     ,Organic Search,/pricing      ,822,565,257,866,2374,0.5,0,111,0.1,9610.1,11.7,2025-10-15
04-02-2026,Wednesday,Chrome ,Mobile ,Germany,Social Media  ,/products     ,3624,2857,767,3689,4551,0.5,0,226,0.1,0,0,2026-04-02
10-02-2026,Tuesday  ,Chrome ,Desktop,India  ,Direct        ,/home         ,4738,2781,1957,5156,13323,0.3,593.7,596,0.1,19951.4,4.2,2026-10-02
20-03-2026,Friday   ,Chrome ,Tablet ,USA    ,Paid Search   ,/landing-promo,4786,3900,886,4834,6342,0.7,210.2,823,0.2,245478.4,51.3,2026-03-20
06-10-2025,Monday   ,Chrome ,Mobile ,UAE    ,Organic Search,/contact      ,2203,1569,634,2397,4774,0.4,98.2,305,0.1,43520.2,19.8,2025-06-10
11-10-2025,Saturday ,Chrome ,Desktop,India  ,Paid Search   ,/pricing      ,891,685,206,959,2207,0.5,568.3,115,0.1,4588.1,5.1,2025-11-10
26-11-2025,Wednesday,Chrome ,Desktop,Germany,Social Media  ,/contact      ,3297,2878,419,3604,6002,0.5,372.1,259,0.1,48691.5,14.8,2025-11-26
25-02-2026,Wednesday,Safari ,Mobile ,UK     ,Paid Search   ,/home         ,5933,4860,1073,5960,13946,0.7,142.9,901,0.2,158851.4,26.8,2026-02-25
09-02-2026,Monday   ,Chrome ,Tablet ,USA    ,Organic Search,/home         ,4404,2812,1592,4862,18618,0.3,307.8,690,0.2,122023.1,27.7,2026-09-02
19-10-2025,Sunday   ,Chrome ,Desktop,France ,Organic Search,/pricing      ,1126,739,387,1131,1475,0.4,389.1,150,0.1,30842.6,27.4,2025-10-19
02-11-2025,Sunday   ,Firefox,Desktop,USA    ,Paid Search   ,/products     ,2283,1724,559,2336,6149,0.4,569.4,399,0.2,45786.7,20.1,2025-02-11
14-10-2025,Tuesday  ,Safari ,Mobile ,UK     ,Referral      ,/contact      ,719,579,140,732,2862,0.4,237,86,0.1,19962,27.8,2025-10-14
05-10-2025,Sunday   ,Chrome ,Desktop,Germany,Paid Search   ,/contact      ,1894,1622,272,2075,5113,0.5,421,320,0.2,71261.9,37.6,2025-05-10
14-12-2025,Sunday   ,Safari ,Desktop,UK     ,Direct        ,/home         ,300,145,155,328,684,0.5,202,43,0.1,11173.3,37.2,2025-12-14
19-03-2026,Thursday ,Safari ,Mobile ,UK     ,Paid Search   ,/products     ,3915,3462,453,4310,12416,0.7,69.9,622,0.2,61409.6,15.7,2026-03-19
10-02-2026,Tuesday  ,Safari ,Desktop,USA    ,Direct        ,/landing-promo,1292,715,577,1482,3998,0.6,200.2,210,0.2,57166.3,44.2,2026-10-02
24-12-2025,Wednesday,Chrome ,Mobile ,Japan  ,Paid Search   ,/home         ,5986,5138,848,6419,8576,0.5,217.8,909,0.2,165449.4,27.6,2025-12-24
02-11-2025,Sunday   ,Chrome ,Desktop,India  ,Direct        ,/home         ,2280,1007,1273,2591,8727,0.5,447.5,276,0.1,14201.8,6.2,2025-02-11
29-09-2025,Monday   ,Chrome ,Desktop,USA    ,Direct        ,/home         ,2380,1230,1150,2462,3893,0.3,149.8,401,0.2,35990.1,15.1,2025-09-29
01-01-2026,Thursday ,Safari ,Desktop,USA    ,Social Media  ,/products     ,3330,2624,706,3349,5384,0.4,219.1,292,0.1,47797.4,14.4,2026-01-01
11-12-2025,Thursday ,Chrome ,Mobile ,UAE    ,Referral      ,/products     ,1840,1463,377,2018,3486,0.7,281.2,230,0.1,61744.9,33.6,2025-11-12
17-11-2025,Monday   ,Safari ,Tablet ,India  ,Paid Search   ,/about        ,5724,4615,1109,6274,8794,0.6,138.2,789,0.1,68825,12,2025-11-17
01-02-2026,Sunday   ,Chrome ,Mobile ,India  ,Organic Search,/contact      ,954,720,234,1033,2126,0.6,281.1,87,0.1,5763.9,6,2026-01-02
03-02-2026,Tuesday  ,Edge   ,Desktop,UK     ,Organic Search,/about        ,5298,3685,1613,6010,22140,0.6,431.6,780,0.1,0,0,2026-03-02
28-09-2025,Sunday   ,Edge   ,Desktop,India  ,Direct        ,/about        ,3176,2060,1116,3326,12666,0.3,759.3,434,0.1,11621,3.7,2025-09-28
29-10-2025,Wednesday,Chrome ,Mobile ,India  ,Direct        ,/contact      ,5915,3285,2630,6417,22614,0.3,366.9,728,0.1,56221.9,9.5,2025-10-29
01-10-2025,Wednesday,Edge   ,Mobile ,India  ,Organic Search,/pricing      ,619,464,155,630,2405,0.6,65.4,66,0.1,4559.2,7.4,2025-01-10
02-12-2025,Tuesday  ,Chrome ,Mobile ,UK     ,Paid Search   ,/about        ,5104,3985,1119,5324,8167,0.5,152.1,812,0.2,207770.1,40.7,2025-02-12
13-12-2025,Saturday ,Safari ,Mobile ,Germany,Organic Search,/products     ,1852,1324,528,1891,4711,0.5,191.6,240,0.1,63693.8,34.4,2025-12-13
20-10-2025,Monday   ,Chrome ,Desktop,USA    ,Organic Search,/home         ,2706,1983,723,2841,11979,0.7,557.8,426,0.2,115334.4,42.6,2025-10-20
23-11-2025,Sunday   ,Safari ,Desktop,UAE    ,Referral      ,/blog         ,1673,1446,227,1682,2280,0.6,175.7,235,0.1,36546.8,21.8,2025-11-23
29-01-2026,Thursday ,Chrome ,Desktop,India  ,Paid Search   ,/pricing      ,5842,4968,874,6505,22836,0.5,450.8,812,0.1,29897.1,5.1,2026-01-29
12-02-2026,Thursday ,Chrome ,Desktop,France ,Direct        ,/contact      ,2768,1736,1032,3113,4541,0.5,616.8,408,0.1,77404.3,28,2026-12-02
12-02-2026,Thursday ,Chrome ,Mobile ,Germany,Email         ,/pricing      ,1364,800,564,1524,3665,0.5,236.4,226,0.2,46014.6,33.7,2026-12-02
10-02-2026,Tuesday  ,Chrome ,Desktop,UAE    ,Social Media  ,/pricing      ,2878,2548,330,3198,9556,0.7,349.9,209,0.1,24031.7,8.4,2026-10-02
27-01-2026,Tuesday  ,Safari ,Mobile ,UK     ,Organic Search,/landing-promo,752,583,169,853,2261,0.7,203.2,101,0.1,30727.2,40.9,2026-01-27
16-03-2026,Monday   ,Chrome ,Unknown,Canada ,Paid Search   ,/pricing      ,4951,3963,988,5520,21248,0.6,246.2,873,0.2,174794,35.3,2026-03-16
16-03-2026,Monday   ,Chrome ,Desktop,India  ,Direct        ,/landing-promo,5310,2574,2736,5394,22510,0.4,675.1,707,0.1,50799.5,9.6,2026-03-16
24-12-2025,Wednesday,Chrome ,Desktop,India  ,Referral      ,/home         ,3220,2756,464,3574,5727,0.3,261.9,370,0.1,17723.4,5.5,2025-12-24
21-02-2026,Saturday ,Chrome ,Tablet ,India  ,Referral      ,/about        ,799,619,180,863,1032,0.4,306.6,66,0.1,4262.1,5.3,2026-02-21
07-01-2026,Wednesday,Firefox,Desktop,India  ,Direct        ,/about        ,3023,1609,1414,3275,4422,0.3,734.5,384,0.1,32823.4,10.9,2026-07-01
10-01-2026,Saturday ,Chrome ,Mobile ,USA    ,Organic Search,/pricing      ,407,251,156,429,1552,0.5,102.3,56,0.1,10427.5,25.6,2026-10-01
17-01-2026,Saturday ,Chrome ,Desktop,India  ,Social Media  ,/landing-promo,2875,2552,323,2952,6768,0.5,294.6,92,0,8184.2,2.8,2026-01-17
09-11-2025,Sunday   ,Chrome ,Desktop,India  ,Direct        ,/home         ,852,534,318,853,3464,0.4,445.1,110,0.1,9633.6,11.3,2025-09-11
10-10-2025,Friday   ,Chrome ,Mobile ,Germany,Paid Search   ,/pricing      ,4786,3703,1083,4832,21064,0.5,122,723,0.2,166063.3,34.7,2025-10-10
12-11-2025,Wednesday,Firefox,Mobile ,France ,Organic Search,/pricing      ,3339,2488,851,3531,10066,0.7,239.4,465,0.1,48633.1,14.6,2025-12-11
07-03-2026,Saturday ,Chrome ,Mobile ,Germany,Organic Search,/pricing      ,2514,1856,658,2760,11104,0.5,225,338,0.1,20933.7,8.3,2026-07-03
19-10-2025,Sunday   ,Chrome ,Mobile ,Japan  ,Organic Search,/pricing      ,1414,936,478,1589,1799,0.6,275.7,186,0.1,10186.5,7.2,2025-10-19
24-12-2025,Wednesday,Chrome ,Desktop,USA    ,Organic Search,/pricing      ,665,530,135,715,2115,0.4,252.6,104,0.2,13120.1,19.7,2025-12-24
24-10-2025,Friday   ,Safari ,Desktop,France ,Organic Search,/blog         ,3325,2297,1028,3530,8037,0.6,356.4,467,0.1,44913.4,13.5,2025-10-24
06-01-2026,Tuesday  ,Chrome ,Mobile ,USA    ,Organic Search,/about        ,4507,2860,1647,4712,15776,0.4,90.3,685,0.2,0,0,2026-06-01
06-03-2026,Friday   ,Safari ,Desktop,France ,Organic Search,/home         ,4628,3015,1613,5028,19927,0.3,581.8,644,0.1,87852.4,19,2026-06-03
11-03-2026,Wednesday,Firefox,Desktop,USA    ,Social Media  ,/products     ,1360,1093,267,1459,5158,0.7,298.9,96,0.1,30753.8,22.6,2026-11-03
22-02-2026,Sunday   ,Chrome ,Mobile ,UK     ,Organic Search,/products     ,2401,1632,769,2572,3582,0.7,225.8,295,0.1,50910.2,21.2,2026-02-22
27-02-2026,Friday   ,Chrome ,Mobile ,France ,Direct        ,/pricing      ,2583,1643,940,2864,9243,0.4,335.4,323,0.1,14523.2,5.6,2026-02-27
19-11-2025,Wednesday,Chrome ,Tablet ,France ,Paid Search   ,/home         ,5679,4519,1160,5774,10384,0.6,381.4,826,0.1,0,0,2025-11-19
11-02-2026,Wednesday,Safari ,Desktop,India  ,Direct        ,/home         ,2125,1348,777,2251,5014,0.4,310.5,252,0.1,14014.1,6.6,2026-11-02
02-03-2026,Monday   ,Chrome ,Tablet ,UK     ,Direct        ,/pricing      ,3868,2437,1431,4116,8743,0.5,447.5,612,0.2,99094.9,25.6,2026-02-03
11-10-2025,Saturday ,Safari ,Tablet ,USA    ,Organic Search,/products     ,2300,1463,837,2484,4403,0.5,335,334,0.1,87212.1,37.9,2025-11-10
24-02-2026,Tuesday  ,Chrome ,Desktop,USA    ,Referral      ,/home         ,1596,1254,342,1598,6184,0.3,231.9,229,0.1,49843.6,31.2,2026-02-24
31-10-2025,Friday   ,Chrome ,Mobile ,India  ,Direct        ,/contact      ,4657,2597,2060,5249,13159,0.7,72.2,564,0.1,0,0,2025-10-31
16-12-2025,Tuesday  ,Safari ,Desktop,Japan  ,Organic Search,/contact      ,5305,3449,1856,5793,13347,0.5,349.3,832,0.2,60473.9,11.4,2025-12-16
08-12-2025,Monday   ,Safari ,Mobile ,Germany,Organic Search,/contact      ,4380,3448,932,4416,17590,0.7,121,653,0.1,133364.2,30.4,2025-08-12
21-12-2025,Sunday   ,Chrome ,Mobile ,France ,Unknown       ,/contact      ,567,396,171,618,2053,0.6,243,66,0.1,15401.8,27.2,2025-12-21
20-12-2025,Saturday ,Safari ,Mobile ,UAE    ,Direct        ,/pricing      ,2740,1305,1435,2805,5691,0.5,116.8,407,0.1,71393.5,26.1,2025-12-20
15-01-2026,Thursday ,Chrome ,Mobile ,Japan  ,Social Media  ,/contact      ,3000,2403,597,3449,5536,0.6,123.9,155,0.1,18647.1,6.2,2026-01-15
05-02-2026,Thursday ,Chrome ,Desktop,USA    ,Paid Search   ,/contact      ,5431,4118,1313,5788,13934,0.5,402.3,933,0.2,138935.4,25.6,2026-05-02
22-01-2026,Thursday ,Chrome ,Tablet ,USA    ,Social Media  ,/products     ,3799,3320,479,3996,12896,0.7,255.9,314,0.1,26444.9,7,2026-01-22
13-12-2025,Saturday ,Firefox,Tablet ,USA    ,Organic Search,/pricing      ,1099,716,383,1260,4680,0.7,249.4,151,0.1,17909.3,16.3,2025-12-13
02-12-2025,Tuesday  ,Chrome ,Desktop,USA    ,Social Media  ,/products     ,658,552,106,728,1879,0.6,194.9,57,0.1,17157.8,26.1,2025-02-12
05-12-2025,Friday   ,Firefox,Mobile ,Japan  ,Paid Search   ,/products     ,4023,3387,636,4286,18833,0.6,114.1,662,0.2,82090.9,20.4,2025-05-12
18-10-2025,Saturday ,Safari ,Tablet ,Japan  ,Organic Search,/pricing      ,1805,1172,633,1949,5419,0.6,329.5,249,0.1,15343.9,8.5,2025-10-18
14-03-2026,Saturday ,Chrome ,Desktop,India  ,Direct        ,/about        ,1038,505,533,1162,1361,0.3,345,124,0.1,9077.3,8.7,2026-03-14
12-11-2025,Wednesday,Safari ,Desktop,UAE    ,Organic Search,/home         ,5283,3238,2045,5911,23232,0.3,568.4,804,0.2,137245.9,26,2025-12-11
17-01-2026,Saturday ,Chrome ,Mobile ,USA    ,Organic Search,/landing-promo,3119,2190,929,3128,12870,0.5,252.1,469,0.2,125777,40.3,2026-01-17
01-02-2026,Sunday   ,Chrome ,Mobile ,UK     ,Email         ,/blog         ,964,614,350,1039,2129,0.6,357.5,158,0.2,22605.5,23.4,2026-01-02
05-12-2025,Friday   ,Firefox,Mobile ,Japan  ,Paid Search   ,/products     ,4023,3387,636,4286,18833,0.6,114.1,662,0.2,82090.9,20.4,2025-05-12
14-10-2025,Tuesday  ,Chrome ,Desktop,India  ,Social Media  ,/products     ,1216,949,267,1326,3321,0.5,309.3,55,0,3231.9,2.7,2025-10-14
11-11-2025,Tuesday  ,Chrome ,Mobile ,India  ,Organic Search,/products     ,930,619,311,1011,3558,0.5,160.7,95,0.1,3967.1,4.3,2025-11-11
02-10-2025,Thursday ,Safari ,Tablet ,USA    ,Paid Search   ,/about        ,2814,2193,621,3004,9363,0.6,100.5,467,0.2,53137.5,18.9,2025-02-10
12-02-2026,Thursday ,Safari ,Desktop,India  ,Social Media  ,/about        ,553,444,109,579,1191,0.7,175,25,0,0,1.9,2026-12-02
16-02-2026,Monday   ,Safari ,Desktop,USA    ,Social Media  ,/about        ,2629,2334,295,2767,11364,0.4,295.8,190,0.1,32078.7,12.2,2026-02-16
25-11-2025,Tuesday  ,Firefox,Mobile ,Canada ,Email         ,/products     ,1780,1019,761,2001,7144,0.5,375.3,297,0.2,59889.6,33.6,2025-11-25
24-10-2025,Friday   ,Chrome ,Desktop,Japan  ,Direct        ,/home         ,4017,2526,1491,4617,12397,0.3,527.9,677,0.2,0,15.1,2025-10-24
13-01-2026,Tuesday  ,Chrome ,Mobile ,Japan  ,Organic Search,/products     ,3378,2349,1029,3571,13819,0.6,130.2,494,0.1,17919.5,5.3,2026-01-13
24-01-2026,Saturday ,Chrome ,Desktop,Japan  ,Referral      ,/landing-promo,2324,1850,474,2464,5960,0.6,157.9,302,0.1,41297.8,17.8,2026-01-24
06-03-2026,Friday   ,Chrome ,Desktop,UK     ,Social Media  ,/blog         ,2757,2133,624,3105,6137,0.7,202.9,172,0.1,21789.1,7.9,2026-06-03
27-10-2025,Monday   ,Chrome ,Mobile ,UK     ,Organic Search,/products     ,4338,3086,1252,4937,15395,0.4,60.7,571,0.1,140545.1,32.4,2025-10-27
02-01-2026,Friday   ,Chrome ,Desktop,UAE    ,Organic Search,/home         ,1004,676,328,1087,2498,0.3,331.4,158,0.2,40544.9,40.4,2026-02-01
12-11-2025,Wednesday,Safari ,Mobile ,Germany,Paid Search   ,/landing-promo,4336,3321,1015,4715,13980,0.8,216.9,696,0.2,77671.3,17.9,2025-12-11
26-02-2026,Thursday ,Chrome ,Mobile ,Japan  ,Direct        ,/about        ,5013,2279,2734,5121,6292,0.7,70.8,728,0.1,74139.6,14.8,2026-02-26
04-01-2026,Sunday   ,Chrome ,Mobile ,UAE    ,Paid Search   ,/landing-promo,3354,2946,408,3470,4057,0.5,201.8,568,0.2,0,0,2026-04-01
28-12-2025,Sunday   ,Chrome ,Desktop,Japan  ,Direct        ,/products     ,1404,581,823,1449,3880,0.3,218.6,216,0.2,48573.7,34.6,2025-12-28
08-03-2026,Sunday   ,Chrome ,Mobile ,France ,Direct        ,/home         ,939,488,451,970,3774,0.3,253.7,118,0.1,5755.3,6.1,2026-08-03
21-02-2026,Saturday ,Chrome ,Desktop,USA    ,Paid Search   ,/landing-promo,376,313,63,419,726,0.4,317.3,62,0.2,12478.4,33.2,2026-02-21
27-11-2025,Thursday ,Safari ,Mobile ,Canada ,Direct        ,/pricing      ,1070,657,413,1075,2481,0.4,248.6,156,0.1,30953.7,28.9,2025-11-27
17-12-2025,Wednesday,Safari ,Desktop,UK     ,Paid Search   ,/pricing      ,1597,1286,311,1611,5886,0.7,348.7,253,0.2,32510.9,20.4,2025-12-17
10-02-2026,Tuesday  ,Safari ,Desktop,India  ,Paid Search   ,/blog         ,5575,4599,976,5901,22311,0.6,444.1,813,0.1,71154.6,12.8,2026-10-02
05-12-2025,Friday   ,Safari ,Desktop,UK     ,Organic Search,/landing-promo,1967,1457,510,2244,6301,0.3,287.8,262,0.1,15190.3,7.7,2025-05-12
02-27-2026,Friday   ,Chrome ,Desktop,Germany,Social Media  ,/products     ,1944,1550,394,2078,3859,0.4,155.7,137,0.1,6505.5,3.3,2026-02-27
05-12-2025,Friday   ,Safari ,Desktop,USA    ,Direct        ,/about        ,1321,825,496,1356,4371,0.4,584,207,0.2,17917.4,13.6,2025-05-12
12-11-2025,Wednesday,Chrome ,Mobile ,UAE    ,Paid Search   ,/about        ,832,644,188,875,3105,0.6,286.8,138,0.2,22186.8,26.7,2025-12-11
22-02-2026,Sunday   ,Chrome ,Desktop,India  ,Organic Search,/about        ,1168,755,413,1215,2341,0.4,425.5,134,0.1,9702.8,8.3,2026-02-22
15-10-2025,Wednesday,Safari ,Desktop,India  ,Social Media  ,/landing-promo,3381,2851,530,3833,8614,0.5,422.6,140,0,12048.6,3.6,2025-10-15
19-02-2026,Thursday ,Chrome ,Desktop,France ,Organic Search,/products     ,2538,1594,944,2594,6047,0.6,121.4,311,0.1,22764.1,9,2026-02-19
18-03-2026,Wednesday,Chrome ,Desktop,France ,Paid Search   ,/contact      ,1991,1746,245,1994,4516,0.6,460.5,299,0.2,47711,24,2026-03-18
20-01-2026,Tuesday  ,Chrome ,Desktop,USA    ,Paid Search   ,/blog         ,4930,4017,913,5614,23396,0.5,197.6,848,0.2,47367.9,9.6,2026-01-20
14-12-2025,Sunday   ,Firefox,Desktop,India  ,Organic Search,/pricing      ,3260,2301,959,3499,10588,0.5,378.9,395,0.1,8446.1,2.6,2025-12-14
30-01-2026,Friday   ,Chrome ,Desktop,USA    ,Organic Search,/landing-promo,2186,1413,773,2293,3411,0.5,447,325,0.1,51027.5,23.3,2026-01-30
01-03-2026,Sunday   ,Safari ,Desktop,Japan  ,Social Media  ,/blog         ,2891,2314,577,2970,7777,0.4,360.2,227,0.1,11158.3,3.9,2026-01-03
18-10-2025,Saturday ,Chrome ,Mobile ,India  ,Email         ,/landing-promo,768,484,284,816,3488,0.5,357.9,105,0.1,8569.9,11.2,2025-10-18
18-02-2026,Wednesday,Chrome ,Mobile ,India  ,Organic Search,/contact      ,2634,1757,877,2694,11084,0.5,186.1,250,0.1,23357,8.9,2026-02-18
16-12-2025,Tuesday  ,Chrome ,Mobile ,Germany,Organic Search,/blog         ,1205,888,317,1307,5682,0.6,56.6,167,0.1,18247.3,15.1,2025-12-16
24-11-2025,Monday   ,Chrome ,Tablet ,India  ,Organic Search,/blog         ,1369,977,392,1558,3419,0.3,131.4,132,0.1,8303.9,6.1,2025-11-24
13-03-2026,Friday   ,Chrome ,Mobile ,UAE    ,Direct        ,/home         ,768,457,311,806,1076,0.4,246.5,121,0.2,12713.5,16.6,2026-03-13
16-12-2025,Tuesday  ,Chrome ,Desktop,UAE    ,Social Media  ,/about        ,3322,2718,604,3386,5881,0.6,290.7,311,0.1,72321.7,21.8,2025-12-16
25-03-2026,Wednesday,Chrome ,Tablet ,UK     ,Social Media  ,/contact      ,711,551,160,806,2567,0.7,91.6,39,0.1,6677.8,9.4,2026-03-25
12-01-2026,Monday   ,Safari ,Mobile ,Germany,Paid Search   ,/landing-promo,5790,4593,1197,5818,24273,0.7,211,972,0.2,105549.2,18.2,2026-12-01
14-10-2025,Tuesday  ,Chrome ,Mobile ,UK     ,Organic Search,/products     ,2388,1538,850,2690,5429,0.6,271.8,300,0.1,50458,21.1,2025-10-14
02-10-2025,Thursday ,Chrome ,Tablet ,USA    ,Organic Search,/pricing      ,3814,2721,1093,4201,17605,0.4,285.9,605,0.2,158865.2,41.7,2025-02-10
22-03-2026,Sunday   ,Firefox,Desktop,France ,Direct        ,/home         ,2715,1706,1009,2811,11478,0.5,560.6,403,0.1,31159.1,11.5,2026-03-22
21-12-2025,Sunday   ,Chrome ,Mobile ,USA    ,Referral      ,/blog         ,2429,1909,520,2486,10545,0.7,274.8,296,0.1,32501,13.4,2025-12-21
13-02-2026,Friday   ,Chrome ,Desktop,India  ,Paid Search   ,/blog         ,3121,2750,371,3487,11152,0.7,411.8,441,0.1,16660,5.3,2026-02-13
11-03-2026,Wednesday,Chrome ,Mobile ,India  ,Paid Search   ,/products     ,707,535,172,794,3369,0.4,139,83,0.1,3077.3,4.4,2026-11-03
11-03-2026,Wednesday,Chrome ,Desktop,India  ,Direct        ,/products     ,2185,917,1268,2257,3525,0.6,248.4,275,0.1,18384,8.4,2026-11-03
29-10-2025,Wednesday,Firefox,Mobile ,USA    ,Paid Search   ,/blog         ,3319,2830,489,3422,5149,0.7,104.6,545,0.2,72802.3,21.9,2025-10-29
15-02-2026,Sunday   ,Chrome ,Unknown,India  ,Email         ,/home         ,681,359,322,734,3040,0.2,498.1,95,0.1,2220.4,3.3,2026-02-15
28-09-2025,Sunday   ,Chrome ,Tablet ,Germany,Paid Search   ,/pricing      ,1011,907,104,1070,2931,0.3,125.4,154,0.2,29491.7,29.2,2025-09-28
22-01-2026,Thursday ,Safari ,Mobile ,USA    ,Direct        ,/home         ,647,404,243,730,1247,0.5,96.6,96,0.1,6723.5,10.4,2026-01-22
26-11-2025,Wednesday,Chrome ,Mobile ,France ,Direct        ,/products     ,2607,1338,1269,2875,8767,0.5,204.3,317,0.1,24860.6,9.5,2025-11-26
23-01-2026,Friday   ,Chrome ,Mobile ,France ,Organic Search,/contact      ,1705,1264,441,1758,7680,0.5,156.3,214,0.1,37049.4,21.7,2026-01-23
22-03-2026,Sunday   ,Chrome ,Tablet ,UAE    ,Referral      ,/pricing      ,334,261,73,357,525,0.5,103.5,42,0.1,5436.1,16.3,2026-03-22
29-01-2026,Thursday ,Firefox,Desktop,USA    ,Organic Search,/blog         ,2146,1615,531,2402,5454,0.4,560.3,324,0.2,77495.4,36.1,2026-01-29
15-01-2026,Thursday ,Chrome ,Mobile ,UK     ,Direct        ,/pricing      ,4099,2361,1738,4366,15392,0.6,202.1,623,0.2,89584.7,21.9,2026-01-15
24-01-2026,Saturday ,Firefox,Mobile ,India  ,Paid Search   ,/home         ,3005,2549,456,3281,5199,0.7,139.1,396,0.1,26824.8,8.9,2026-01-24
03-10-2025,Friday   ,Edge   ,Tablet ,USA    ,Direct        ,/pricing      ,820,477,343,857,1447,0.3,195.2,116,0.1,23823.5,29.1,2025-03-10
08-03-2026,Sunday   ,Chrome ,Desktop,India  ,Referral      ,/landing-promo,1331,1169,162,1453,3621,0.3,368.1,141,0.1,10349.6,7.8,2026-08-03
02-02-2026,Monday   ,Chrome ,Desktop,Unknown,Referral      ,/about        ,1484,1206,278,1599,7034,0.5,143.7,220,0.1,18564,12.5,2026-02-02
12-03-2026,Thursday ,Chrome ,Mobile ,France ,Paid Search   ,/landing-promo,3867,3145,722,3938,12450,0.6,202.8,545,0.1,37922.8,9.8,2026-12-03
04-03-2026,Wednesday,Safari ,Tablet ,USA    ,Referral      ,/contact      ,2731,2365,366,2931,5748,0.3,195.2,352,0.1,113171.8,41.4,2026-04-03
15-10-2025,Wednesday,Safari ,Mobile ,Canada ,Direct        ,/contact      ,3724,1705,2019,4071,6516,0.3,304.3,580,0.2,112174.1,30.1,2025-10-15
14-03-2026,Saturday ,Chrome ,Desktop,UAE    ,Paid Search   ,/landing-promo,2296,1968,328,2333,3480,0.7,197.4,397,0.2,74955.6,32.6,2026-03-14
24-11-2025,Monday   ,Chrome ,Tablet ,Germany,Paid Search   ,/products     ,3360,2737,623,3795,9728,0.7,325.1,504,0.2,94663.1,28.2,2025-11-24
07-12-2025,Sunday   ,Safari ,Desktop,Germany,Direct        ,/pricing      ,1845,1143,702,1884,8173,0.2,529.7,288,0.2,12714.2,6.9,2025-07-12
07-12-2025,Sunday   ,Safari ,Mobile ,Japan  ,Direct        ,/about        ,1335,764,571,1512,4865,0.4,387.9,174,0.1,19054.7,14.3,2025-07-12
17-10-2025,Friday   ,Chrome ,Desktop,Germany,Direct        ,/pricing      ,1466,774,692,1544,5838,0.5,570.4,218,0.1,51558.7,35.2,2025-10-17
11-01-2026,Sunday   ,Chrome ,Desktop,Japan  ,Referral      ,/contact      ,1191,961,230,1214,2234,0.3,593.3,157,0.1,22412.4,18.8,2026-11-01
06-11-2025,Thursday ,Chrome ,Desktop,India  ,Organic Search,/home         ,5232,3930,1302,5257,13596,0.5,336.5,633,0.1,27633.3,5.3,2025-06-11
01-01-2026,Thursday ,Chrome ,Mobile ,Japan  ,Organic Search,/home         ,3272,2196,1076,3746,6214,0.7,87,463,0.1,21163.8,6.5,2026-01-01
31-01-2026,Saturday ,Chrome ,Desktop,UK     ,Paid Search   ,/products     ,2005,1648,357,2213,2640,0.5,330.7,317,0.2,33068.4,16.5,2026-01-31
05-11-2025,Wednesday,Safari ,Desktop,USA    ,Organic Search,/about        ,4691,3232,1459,5295,17669,0.5,395.4,765,0.2,0,0,2025-05-11
24-02-2026,Tuesday  ,Firefox,Desktop,India  ,Paid Search   ,/landing-promo,4068,3277,791,4139,5039,0.5,169.3,567,0.1,22590.2,5.6,2026-02-24
27-02-2026,Friday   ,Edge   ,Mobile ,India  ,Paid Search   ,/home         ,1369,1076,293,1397,2715,0.6,251.5,168,0.1,7689.2,5.6,2026-02-27
26-10-2025,Sunday   ,Safari ,Desktop,France ,Direct        ,/landing-promo,2234,1263,971,2384,5753,0.4,132.1,293,0.1,45262.2,20.3,2025-10-26
31-12-2025,Wednesday,Chrome ,Tablet ,France ,Direct        ,/about        ,3599,1666,1933,3662,16906,0.4,122,503,0.1,30400,8.4,2025-12-31
07-03-2026,Saturday ,Chrome ,Mobile ,Germany,Organic Search,/home         ,1301,920,381,1372,5709,0.6,113.6,174,0.1,43293.6,33.3,2026-07-03
08-01-2026,Thursday ,Chrome ,Desktop,UAE    ,Direct        ,/home         ,4410,2060,2350,4697,11575,0.2,149.1,783,0.2,145597.8,33,2026-08-01
05-12-2025,Friday   ,Chrome ,Desktop,UAE    ,Social Media  ,/products     ,2436,2104,332,2732,9962,0.6,342.9,177,0.1,17591.5,7.2,2025-05-12
12-01-2026,Monday   ,Chrome ,Mobile ,USA    ,Social Media  ,/about        ,3083,2334,749,3146,12436,0.6,206.7,247,0.1,74962.1,24.3,2026-12-01
22-11-2025,Saturday ,Chrome ,Desktop,Germany,Direct        ,/pricing      ,3581,1459,2122,4113,7455,0.6,739.5,589,0.2,47996.9,13.4,2025-11-22
23-11-2025,Sunday   ,Safari ,Mobile ,UK     ,Organic Search,/contact      ,300,232,68,342,890,0.4,284.3,37,0.1,7550.5,25.2,2025-11-23
06-10-2025,Monday   ,Chrome ,Mobile ,Japan  ,Referral      ,/blog         ,1436,1245,191,1477,2570,0.7,245.9,174,0.1,13951.4,9.7,2025-06-10
06-12-2025,Saturday ,Chrome ,Desktop,Germany,Organic Search,/landing-promo,2149,1482,667,2366,4390,0.6,461.6,314,0.1,73472.7,34.2,2025-06-12
20-11-2025,Thursday ,Chrome ,Tablet ,USA    ,Organic Search,/contact      ,4788,3721,1067,4945,19311,0.6,308.7,734,0.2,114914.2,24,2025-11-20
01-03-2026,Sunday   ,Chrome ,Desktop,India  ,Paid Search   ,/landing-promo,1314,1063,251,1493,2735,0.6,439.6,178,0.1,4954,3.8,2026-01-03
06-11-2025,Thursday ,Chrome ,Desktop,France ,Paid Search   ,/pricing      ,3108,2766,342,3196,8468,0.7,412.6,519,0.2,18537.4,6,2025-06-11
08-01-2026,Thursday ,Chrome ,Mobile ,India  ,Organic Search,/home         ,1058,772,286,1145,4770,0.6,193.6,112,0.1,11564.5,10.9,2026-08-01
28-12-2025,Sunday   ,Chrome ,Desktop,India  ,Paid Search   ,/about        ,4113,3429,684,4343,7640,0.4,189.8,583,0.1,17564,4.3,2025-12-28
11-02-2026,Wednesday,Chrome ,Desktop,UAE    ,Organic Search,/blog         ,1434,1093,341,1566,5008,0.4,418.9,201,0.1,32114.5,22.4,2026-11-02
03-12-2025,Wednesday,Edge   ,Mobile ,USA    ,Organic Search,/about        ,2709,2158,551,2785,8731,0.6,163.2,374,0.1,108116.3,39.9,2025-03-12
08-01-2026,Thursday ,Safari ,Desktop,UK     ,Referral      ,/about        ,3613,3071,542,4140,6916,0.6,182.3,539,0.1,66687.5,18.5,2026-08-01
06-10-2025,Monday   ,Chrome ,Desktop,France ,Direct        ,/products     ,4700,2199,2501,5377,12223,0.6,224.7,728,0.2,41975.7,8.9,2025-06-10
15-10-2025,Wednesday,Chrome ,Tablet ,UAE    ,Organic Search,/products     ,3230,2204,1026,3573,8901,0.5,399.3,484,0.1,47066.5,14.6,2025-10-15
23-11-2025,Sunday   ,Chrome ,Desktop,India  ,Organic Search,/home         ,3057,1972,1085,3240,4211,0.3,360.9,344,0.1,23422.2,7.7,2025-11-23
11-10-2025,Saturday ,Chrome ,Desktop,USA    ,Organic Search,/home         ,407,279,128,462,1776,0.3,0,65,0.2,4134.2,10.2,2025-11-10
06-03-2026,Friday   ,Chrome ,Desktop,USA    ,Paid Search   ,/pricing      ,5182,4021,1161,5710,17897,0.5,305.5,932,0.2,100503.3,19.4,2026-06-03
02-10-2025,Thursday ,Safari ,Desktop,India  ,Social Media  ,/contact      ,2912,2531,381,3219,8178,0.6,283.7,119,0,14020,4.8,2025-02-10
27-02-2026,Friday   ,Safari ,Desktop,India  ,Email         ,/about        ,2413,1155,1258,2572,8309,0.6,274.1,345,0.1,9512.4,3.9,2026-02-27
06-01-2026,Tuesday  ,Edge   ,Tablet ,USA    ,Paid Search   ,/landing-promo,2915,2471,444,2960,10210,0.5,106.5,455,0.2,156672.5,53.7,2026-06-01
18-01-2026,Sunday   ,Chrome ,Desktop,USA    ,Paid Search   ,/blog         ,3699,3228,471,3934,5538,0.5,597.6,650,0.2,86969.8,23.5,2026-01-18
30-10-2025,Thursday ,Safari ,Desktop,UK     ,Social Media  ,/blog         ,1558,1223,335,1653,4559,0.4,327.4,107,0.1,30344.3,19.5,2025-10-30
03-02-2026,Tuesday  ,Chrome ,Mobile ,Germany,Social Media  ,/landing-promo,564,495,69,644,2593,0.5,115.7,36,0.1,7379.8,13.1,2026-03-02
29-11-2025,Saturday ,Chrome ,Mobile ,India  ,Referral      ,/home         ,1647,1356,291,1653,6268,0.5,176.1,147,0.1,10658.4,6.5,2025-11-29
05-11-2025,Wednesday,Chrome ,Desktop,Germany,Social Media  ,/home         ,2725,2432,293,3102,3504,0.5,137.7,167,0.1,37529.7,13.8,2025-05-11
29-11-2025,Saturday ,Chrome ,Mobile ,India  ,Organic Search,/pricing      ,611,419,192,655,1629,0.7,49.9,66,0.1,3872.3,6.3,2025-11-29
03-01-2026,Saturday ,Chrome ,Mobile ,USA    ,Organic Search,/products     ,753,522,231,841,2079,0.6,69.3,98,0.1,31548.3,41.9,2026-03-01
01-02-2026,Sunday   ,Safari ,Mobile ,UAE    ,Organic Search,/products     ,3174,1922,1252,3280,12921,0.6,164.3,472,0.1,115556.5,36.4,2026-01-02
01-02-2026,Sunday   ,Chrome ,Desktop,USA    ,Social Media  ,/about        ,2552,2045,507,2569,10624,0.7,191.7,215,0.1,57310.5,22.5,2026-01-02
19-01-2026,Monday   ,Chrome ,Desktop,USA    ,Social Media  ,/landing-promo,776,596,180,794,2054,0.7,343.1,61,0.1,11606.2,15,2026-01-19
22-10-2025,Wednesday,Firefox,Mobile ,Germany,Email         ,/pricing      ,557,232,325,595,1308,0.5,306.7,96,0.2,13731.2,24.7,2025-10-22
17-01-2026,Saturday ,Chrome ,Desktop,France ,Paid Search   ,/blog         ,3110,2480,630,3503,14468,0.5,590.6,481,0.2,78194.3,25.1,2026-01-17
19-01-2026,Monday   ,Edge   ,Tablet ,India  ,Social Media  ,/pricing      ,2402,2014,388,2523,8649,0.6,244.4,84,0,6554.8,2.7,2026-01-19
16-02-2026,Monday   ,Safari ,Mobile ,France ,Organic Search,/about        ,853,643,210,919,3576,0.4,283.4,109,0.1,8297.1,9.7,2026-02-16
30-09-2025,Tuesday  ,Chrome ,Desktop,USA    ,Paid Search   ,/about        ,2959,2332,627,3213,3796,0.6,251.4,520,0.2,100227.5,33.9,2025-09-30
04-01-2026,Sunday   ,Chrome ,Desktop,India  ,Paid Search   ,/home         ,3272,2657,615,3720,11389,0.3,386,431,0.1,29321.3,9,2026-04-01
25-10-2025,Saturday ,Chrome ,Desktop,USA    ,Organic Search,/home         ,1170,767,403,1315,4216,0.4,323.1,184,0.2,34639.6,29.6,2025-10-25
05-01-2026,Monday   ,Safari ,Desktop,UAE    ,Paid Search   ,/landing-promo,1539,1297,242,1739,1952,0.6,231,276,0.2,37900.7,24.6,2026-05-01
29-11-2025,Saturday ,Firefox,Desktop,Canada ,Organic Search,/contact      ,1248,890,358,1282,1646,0.3,580.3,170,0.1,49070.1,39.3,2025-11-29
10-10-2025,Friday   ,Safari ,Tablet ,Germany,Paid Search   ,/home         ,954,836,118,1013,3513,0.5,241.3,146,0.2,16109.4,16.9,2025-10-10
17-01-2026,Saturday ,Chrome ,Desktop,India  ,Organic Search,/contact      ,2313,1591,722,2458,6336,0.4,133.3,275,0.1,24475.1,10.6,2026-01-17
12-12-2025,Friday   ,Chrome ,Desktop,Canada ,Direct        ,/blog         ,2351,1262,1089,2490,6689,0.4,477.9,359,0.2,80747.4,34.3,2025-12-12
24-10-2025,Friday   ,Chrome ,Desktop,USA    ,Referral      ,/landing-promo,1029,864,165,1093,3099,0.6,315.4,133,0.1,9841.7,9.6,2025-10-24
18-02-2026,Wednesday,Firefox,Mobile ,Germany,Paid Search   ,/pricing      ,4172,3597,575,4478,6372,0.5,206,648,0.2,66805.7,16,2026-02-18
10-02-2026,Tuesday  ,Edge   ,Desktop,USA    ,Referral      ,/contact      ,1657,1358,299,1799,2209,0.4,281.9,237,0.1,75343.6,45.5,2026-10-02
29-11-2025,Saturday ,Firefox,Desktop,Germany,Social Media  ,/pricing      ,894,794,100,968,3865,0.5,176,62,0.1,9665.9,10.8,2025-11-29
02-10-2025,Thursday ,Chrome ,Desktop,India  ,Organic Search,/products     ,3182,2441,741,3374,6980,0.4,132.9,365,0.1,8121.4,2.6,2025-02-10
14-02-2026,Saturday ,Firefox,Desktop,USA    ,Social Media  ,/contact      ,343,282,61,358,991,0.7,404.8,30,0.1,7746.6,22.6,2026-02-14
01-01-2026,Thursday ,Firefox,Mobile ,USA    ,Email         ,/contact      ,2643,1534,1109,2822,9355,0.3,0,469,0.2,33637.9,12.7,2026-01-01
22-03-2026,Sunday   ,Safari ,Tablet ,India  ,Email         ,/landing-promo,463,248,215,468,1461,0.5,509.8,67,0.1,6142.1,13.3,2026-03-22
05-12-2025,Friday   ,Chrome ,Desktop,Japan  ,Organic Search,/contact      ,546,387,159,575,2188,0.4,446.7,73,0.1,6524.6,11.9,2025-05-12
04-02-2026,Wednesday,Firefox,Mobile ,Canada ,Direct        ,/contact      ,2343,1472,871,2613,6618,0.3,89.8,306,0.1,69248.5,29.6,2026-04-02
15-02-2026,Sunday   ,Chrome ,Mobile ,USA    ,Paid Search   ,/pricing      ,3782,3034,748,3969,8639,0.6,208.8,605,0.2,174778.5,46.2,2026-02-15
11-02-2026,Wednesday,Safari ,Desktop,UAE    ,Organic Search,/about        ,3037,2385,652,3191,9793,0.4,122,497,0.2,120720.1,39.7,2026-11-02
24-11-2025,Monday   ,Chrome ,Desktop,UAE    ,Direct        ,/home         ,5454,2610,2844,5853,7437,0.6,279.3,876,0.2,0,0,2025-11-24
06-10-2025,Monday   ,Safari ,Tablet ,Japan  ,Organic Search,/about        ,2622,1866,756,2886,8752,0.6,183.5,336,0.1,51000.8,19.5,2025-06-10
24-03-2026,Tuesday  ,Chrome ,Desktop,Canada ,Direct        ,/landing-promo,4209,2679,1530,4350,7229,0.4,482.8,706,0.2,163966.3,39,2026-03-24
30-01-2026,Friday   ,Safari ,Desktop,Germany,Direct        ,/blog         ,4502,2287,2215,4623,18506,0.2,237.9,729,0.2,0,0,2026-01-30
02-12-2025,Tuesday  ,Edge   ,Tablet ,France ,Direct        ,/pricing      ,4133,2650,1483,4536,15322,0.6,192.9,604,0.1,100929.8,24.4,2025-02-12
03-03-2026,Tuesday  ,Chrome ,Desktop,Canada ,Social Media  ,/pricing      ,4296,3854,442,4938,9643,0.5,213.9,351,0.1,22806.4,5.3,2026-03-03
04-02-2026,Wednesday,Safari ,Mobile ,USA    ,Paid Search   ,/blog         ,2016,1561,455,2077,3311,0.8,46.7,321,0.2,29918.6,14.8,2026-04-02
05-03-2026,Thursday ,Firefox,Desktop,India  ,Social Media  ,/blog         ,3045,2287,758,3233,4569,0.5,409.5,124,0,3118.9,1,2026-05-03
28-09-2025,Sunday   ,Safari ,Mobile ,India  ,Social Media  ,/pricing      ,2776,2200,576,3128,10861,0.4,46.8,61,0,5897.4,2.1,2025-09-28
18-02-2026,Wednesday,Chrome ,Tablet ,Germany,Paid Search   ,/landing-promo,2979,2435,544,3113,6005,0.5,206.8,454,0.2,41799.6,14,2026-02-18
28-09-2025,Sunday   ,Chrome ,Mobile ,India  ,Organic Search,/blog         ,1757,1156,601,1957,5877,0.7,99.6,186,0.1,21849.1,12.4,2025-09-28
09-12-2025,Tuesday  ,Chrome ,Mobile ,UK     ,Social Media  ,/about        ,1739,1554,185,1897,4327,0.6,94.1,113,0.1,18115.9,10.4,2025-09-12
14-02-2026,Saturday ,Chrome ,Desktop,Germany,Organic Search,/products     ,429,281,148,479,1032,0.4,505.2,56,0.1,7258.9,16.9,2026-02-14
16-11-2025,Sunday   ,Safari ,Mobile ,USA    ,Direct        ,/about        ,366,174,192,373,1088,0.6,231.9,56,0.2,7579.2,20.7,2025-11-16
15-03-2026,Sunday   ,Safari ,Mobile ,Canada ,Direct        ,/products     ,3066,1398,1668,3372,13679,0.3,181.8,468,0.2,65090.4,21.2,2026-03-15
13-01-2026,Tuesday  ,Chrome ,Mobile ,UK     ,Social Media  ,/home         ,2874,2479,395,2903,5768,0.8,50.6,191,0.1,18697,6.5,2026-01-13
08-03-2026,Sunday   ,Edge   ,Desktop,India  ,Organic Search,/about        ,2040,1288,752,2053,3363,0.3,153.2,235,0.1,14036.7,6.9,2026-08-03
04-01-2026,Sunday   ,Chrome ,Mobile ,USA    ,Organic Search,/blog         ,1037,712,325,1173,4280,0.6,62.4,147,0.1,19993.4,19.3,2026-04-01
19-01-2026,Monday   ,Firefox,Mobile ,USA    ,Paid Search   ,/home         ,2896,2196,700,3322,9501,0.8,284.6,439,0.2,36341.2,12.5,2026-01-19
28-11-2025,Friday   ,Safari ,Desktop,USA    ,Organic Search,/blog         ,3924,3071,853,4296,5985,0.4,439.5,614,0.2,97845.6,24.9,2025-11-28
22-12-2025,Monday   ,Chrome ,Desktop,USA    ,Referral      ,/contact      ,1965,1660,305,2123,3277,0.6,140.6,256,0.1,34203.3,17.4,2025-12-22
09-10-2025,Thursday ,Safari ,Desktop,Germany,Social Media  ,/home         ,3996,3587,409,4493,16403,0.4,132.7,289,0.1,37120.2,9.3,2025-09-10
09-01-2026,Friday   ,Chrome ,Desktop,Japan  ,Organic Search,/home         ,4220,3319,901,4312,19191,0.5,478.6,657,0.2,122032.9,28.9,2026-09-01
21-10-2025,Tuesday  ,Safari ,Mobile ,India  ,Paid Search   ,/landing-promo,971,851,120,1088,2737,0.6,166.3,107,0.1,10087.5,10.4,2025-10-21
19-12-2025,Friday   ,Firefox,Mobile ,USA    ,Organic Search,/contact      ,3421,2132,1289,3696,14156,0.3,58.4,482,0.1,0,0,2025-12-19
25-11-2025,Tuesday  ,Safari ,Mobile ,France ,Social Media  ,/products     ,3388,2917,471,3596,7900,0.7,137.6,194,0.1,20700.2,6.1,2025-11-25
04-01-2026,Sunday   ,Chrome ,Desktop,USA    ,Social Media  ,/home         ,781,589,192,797,1172,0.6,124.5,69,0.1,16594.6,21.2,2026-04-01
16-11-2025,Sunday   ,Chrome ,Desktop,Canada ,Organic Search,/pricing      ,336,259,77,367,508,0.7,388.8,48,0.1,3331.6,9.9,2025-11-16
03-03-2026,Tuesday  ,Chrome ,Desktop,USA    ,Email         ,/contact      ,3143,1868,1275,3542,12137,0.5,668,565,0.2,171696.1,54.6,2026-03-03
24-03-2026,Tuesday  ,Chrome ,Desktop,Germany,Direct        ,/products     ,4865,2932,1933,4894,16293,0.6,626.1,750,0.2,137381.6,28.2,2026-03-24
04-12-2025,Thursday ,Chrome ,Desktop,Germany,Referral      ,/blog         ,1423,1180,243,1469,3560,0.5,453.5,186,0.1,7117.2,5,2025-04-12
25-03-2026,Wednesday,Unknown,Desktop,UAE    ,Organic Search,/pricing      ,3833,2665,1168,4081,7796,0.5,262.3,577,0.2,104689.3,27.3,2026-03-25
17-10-2025,Friday   ,Chrome ,Mobile ,Canada ,Paid Search   ,/contact      ,4588,3675,913,4671,14407,0.8,199.8,735,0.2,66801.7,14.6,2025-10-17
22-10-2025,Wednesday,Chrome ,Mobile ,UAE    ,Organic Search,/landing-promo,1398,1024,374,1522,2252,0.5,96.7,205,0.1,26249.4,18.8,2025-10-22
10-10-2025,Friday   ,Chrome ,Desktop,India  ,Social Media  ,/pricing      ,3770,3192,578,3782,7410,0.4,387.1,219,0.1,15059,4,2025-10-10
17-02-2026,Tuesday  ,Safari ,Desktop,UK     ,Paid Search   ,/contact      ,4750,3910,840,5339,8566,0.4,246.5,798,0.2,216812.4,45.6,2026-02-17
04-11-2025,Tuesday  ,Chrome ,Tablet ,India  ,Social Media  ,/home         ,1043,885,158,1117,2586,0.8,201.1,29,0,2223.7,2.1,2025-04-11
20-10-2025,Monday   ,Chrome ,Desktop,France ,Email         ,/pricing      ,2805,1137,1668,3154,9195,0.3,129.7,479,0.2,110354.9,39.3,2025-10-20
29-10-2025,Wednesday,Safari ,Desktop,UK     ,Organic Search,/landing-promo,4744,3752,992,4919,22680,0.6,546.8,675,0.1,101011.6,21.3,2025-10-29
28-02-2026,Saturday ,Chrome ,Desktop,UAE    ,Email         ,/contact      ,1162,576,586,1222,4573,0.4,567.6,209,0.2,17142.9,14.8,2026-02-28
06-12-2025,Saturday ,Safari ,Desktop,India  ,Organic Search,/products     ,644,449,195,647,1611,0.7,172.2,70,0.1,2822.6,4.4,2025-06-12
21-02-2026,Saturday ,Firefox,Mobile ,Germany,Organic Search,/contact      ,1804,1162,642,2026,2231,0.5,93.3,225,0.1,36374.8,20.2,2026-02-21
08-02-2026,Sunday   ,Chrome ,Tablet ,France ,Social Media  ,/home         ,959,741,218,1042,2673,0.7,290.8,54,0.1,4911.5,5.1,2026-08-02
22-10-2025,Wednesday,Edge   ,Mobile ,UAE    ,Paid Search   ,/about        ,6600,5521,1079,7263,21265,0.6,285,1176,0.2,129884.8,19.7,2025-10-22
05-11-2025,Wednesday,Chrome ,Desktop,Unknown,Paid Search   ,/landing-promo,3673,3299,374,3949,6177,0.4,294.7,605,0.2,147132.4,40.1,2025-05-11
07-02-2026,Saturday ,Chrome ,Tablet ,India  ,Social Media  ,/contact      ,455,390,65,489,1897,0.7,184.2,10,0,360.5,0.8,2026-07-02
14-10-2025,Tuesday  ,Chrome ,Desktop,India  ,Social Media  ,/products     ,2515,2071,444,2888,10612,0.6,325.8,116,0,3229.9,1.3,2025-10-14
24-02-2026,Tuesday  ,Chrome ,Mobile ,UK     ,Organic Search,/blog         ,4119,3057,1062,4533,9885,0.7,221.9,613,0.1,102055,24.8,2026-02-24
23-10-2025,Thursday ,Chrome ,Tablet ,UAE    ,Direct        ,/contact      ,2318,1382,936,2651,6450,0.3,256.9,335,0.1,84488.5,36.4,2025-10-23
10-01-2026,Saturday ,Chrome ,Unknown,India  ,Email         ,/landing-promo,1079,678,401,1222,3907,0.5,376.7,145,0.1,15318.1,14.2,2026-10-01
06-02-2026,Friday   ,Safari ,Desktop,India  ,Organic Search,/about        ,809,563,246,884,1544,0.3,562.6,86,0.1,2644.6,3.3,2026-06-02
29-01-2026,Thursday ,Chrome ,Mobile ,France ,Direct        ,/products     ,3644,2201,1443,3687,14042,0.5,99.9,499,0.1,62952.4,17.3,2026-01-29
21-11-2025,Friday   ,Safari ,Desktop,India  ,Organic Search,/landing-promo,4745,3687,1058,5144,13805,0.6,431.7,554,0.1,47269.2,10,2025-11-21
06-01-2026,Tuesday  ,Chrome ,Mobile ,UK     ,Organic Search,/contact      ,3957,3086,871,4060,18671,0.7,156.5,577,0.1,117147.6,29.6,2026-06-01
02-03-2026,Monday   ,Chrome ,Desktop,Canada ,Paid Search   ,/home         ,3206,2613,593,3443,10415,0.6,436.7,556,0.2,29494.3,9.2,2026-02-03
30-12-2025,Tuesday  ,Chrome ,Desktop,India  ,Social Media  ,/home         ,3949,3232,717,4219,13963,0.5,236.2,199,0.1,5066.8,1.3,2025-12-30
24-03-2026,Tuesday  ,Edge   ,Desktop,India  ,Direct        ,/products     ,4366,2420,1946,4764,10295,0.4,0,584,0.1,19473.6,4.5,2026-03-24
17-02-2026,Tuesday  ,Chrome ,Desktop,UK     ,Paid Search   ,/products     ,2703,2397,306,2878,10465,0.5,499.2,406,0.2,23269.5,8.6,2026-02-17
20-01-2026,Tuesday  ,Safari ,Mobile ,USA    ,Direct        ,/pricing      ,902,407,495,1025,3442,0.5,265.6,127,0.1,20868.5,23.1,2026-01-20
07-11-2025,Friday   ,Chrome ,Mobile ,USA    ,Paid Search   ,/blog         ,5814,5000,814,5814,18419,0.8,243.6,976,0.2,97247.9,16.7,2025-07-11
04-11-2025,Tuesday  ,Chrome ,Mobile ,USA    ,Paid Search   ,/about        ,3252,2466,786,3607,14993,0.7,224.6,584,0.2,104009.4,32,2025-04-11
27-10-2025,Monday   ,Chrome ,Desktop,USA    ,Organic Search,/contact      ,2069,1299,770,2377,6225,0.3,259.2,312,0.2,63004.9,30.5,2025-10-27
20-11-2025,Thursday ,Safari ,Desktop,USA    ,Social Media  ,/blog         ,2609,2314,295,2806,4722,0.5,328,225,0.1,56551,21.7,2025-11-20
05-02-2026,Thursday ,Safari ,Mobile ,USA    ,Organic Search,/pricing      ,1024,712,312,1083,1846,0.7,140.4,136,0.1,26506,25.9,2026-05-02
07-11-2025,Friday   ,Safari ,Desktop,USA    ,Organic Search,/pricing      ,4201,3158,1043,4685,13231,0.6,292.4,644,0.2,138765.6,33,2025-07-11
23-11-2025,Sunday   ,Chrome ,Desktop,India  ,Paid Search   ,/products     ,3706,3087,619,3860,16930,0.3,378.4,531,0.1,30898.2,8.3,2025-11-23
02-10-2025,Thursday ,Safari ,Desktop,USA    ,Organic Search,/pricing      ,453,354,99,469,1546,0.4,438.9,72,0.2,14145.6,31.2,2025-02-10
22-11-2025,Saturday ,Safari ,Mobile ,UK     ,Direct        ,/about        ,3901,2118,1783,4251,16507,0.3,288.6,592,0.2,64760.9,16.6,2025-11-22
19-10-2025,Sunday   ,Safari ,Mobile ,USA    ,Paid Search   ,/pricing      ,3962,3210,752,4183,7018,0.5,131.3,696,0.2,43891.4,11.1,2025-10-19
23-11-2025,Sunday   ,Safari ,Desktop,USA    ,Paid Search   ,/about        ,512,447,65,564,2397,0.5,183.5,90,0.2,22253.3,43.5,2025-11-23
21-10-2025,Tuesday  ,Safari ,Mobile ,France ,Organic Search,/landing-promo,3335,2663,672,3604,12411,0.4,281.6,451,0.1,19557.8,5.9,2025-10-21
24-03-2026,Tuesday  ,Chrome ,Desktop,India  ,Organic Search,/blog         ,4602,2846,1756,5216,21812,0.5,180.5,516,0.1,44401.5,9.6,2026-03-24
28-10-2025,Tuesday  ,Safari ,Desktop,UK     ,Paid Search   ,/contact      ,658,569,89,741,2779,0.6,371.6,101,0.2,11963.9,18.2,2025-10-28
01-03-2026,Sunday   ,Safari ,Desktop,Canada ,Paid Search   ,/home         ,1169,896,273,1263,3991,0.6,452.5,181,0.2,12531.2,10.7,2026-01-03
10-01-2026,Saturday ,Safari ,Desktop,USA    ,Paid Search   ,/contact      ,1697,1397,300,1822,6497,0.7,242.8,288,0.2,61259,36.1,2026-10-01
22-10-2025,Wednesday,Firefox,Mobile ,Japan  ,Social Media  ,/products     ,793,606,187,901,2127,0.5,101.3,41,0.1,6399.4,8.1,2025-10-22
16-01-2026,Friday   ,Firefox,Desktop,India  ,Organic Search,/products     ,4116,2808,1308,4457,17726,0.4,589.1,474,0.1,28750.5,7,2026-01-16
17-11-2025,Monday   ,Chrome ,Mobile ,USA    ,Direct        ,/home         ,1079,530,549,1111,2749,0.3,279.4,153,0.1,11861,11,2025-11-17
24-10-2025,Friday   ,Chrome ,Mobile ,Germany,Direct        ,/pricing      ,5348,2913,2435,5704,8337,0.5,145,772,0.1,85600.8,16,2025-10-24
07-12-2025,Sunday   ,Safari ,Desktop,India  ,Paid Search   ,/landing-promo,1687,1500,187,1780,6030,0.5,465.8,221,0.1,10552.7,6.3,2025-07-12
19-01-2026,Monday   ,Chrome ,Tablet ,Japan  ,Organic Search,/products     ,666,450,216,741,2576,0.4,379.5,88,0.1,9547.4,14.3,2026-01-19
11-12-2025,Thursday ,Chrome ,Desktop,India  ,Direct        ,/blog         ,1845,1006,839,1919,7133,0.4,677.5,228,0.1,14131.7,7.7,2025-11-12
23-01-2026,Friday   ,Firefox,Tablet ,India  ,Social Media  ,/products     ,3980,3095,885,4306,15820,0.5,161.9,186,0,9247.2,2.3,2026-01-23
07-11-2025,Friday   ,Chrome ,Desktop,USA    ,Organic Search,/pricing      ,3454,2142,1312,3670,5091,0.3,489.8,538,0.2,183239.1,53.1,2025-07-11
18-02-2026,Wednesday,Chrome ,Tablet ,France ,Organic Search,/contact      ,2212,1659,553,2516,6094,0.4,397.2,273,0.1,33010.1,14.9,2026-02-18
26-10-2025,Sunday   ,Safari ,Unknown,India  ,Social Media  ,/products     ,607,461,146,643,823,0.7,372.2,27,0,1007.5,1.7,2025-10-26
13-01-2026,Tuesday  ,Chrome ,Desktop,USA    ,Social Media  ,/home         ,1383,1099,284,1388,3538,0.7,242.7,115,0.1,35792.6,25.9,2026-01-13
21-11-2025,Friday   ,Safari ,Mobile ,USA    ,Organic Search,/contact      ,3126,2015,1111,3379,11981,0.6,295.7,455,0.1,58986,18.9,2025-11-21
08-02-2026,Sunday   ,Safari ,Mobile ,France ,Organic Search,/pricing      ,743,577,166,804,2691,0.7,158.8,91,0.1,7255,9.8,2026-08-02
27-10-2025,Monday   ,Chrome ,Desktop,France ,Organic Search,/landing-promo,3772,2716,1056,3960,13750,0.3,209.1,548,0.1,68971.4,18.3,2025-10-27
24-01-2026,Saturday ,Chrome ,Desktop,Japan  ,Referral      ,/landing-promo,2324,1850,474,2464,5960,0.6,157.9,302,0.1,41297.8,17.8,2026-01-24
28-12-2025,Sunday   ,Chrome ,Tablet ,USA    ,Social Media  ,/contact      ,1447,1186,261,1467,4752,0.8,246.5,89,0.1,9812.9,6.8,2025-12-28
24-12-2025,Wednesday,Chrome ,Mobile ,India  ,Organic Search,/about        ,828,643,185,915,2742,0.7,100.4,76,0.1,1429.9,1.7,2025-12-24
07-03-2026,Saturday ,Safari ,Desktop,Japan  ,Paid Search   ,/contact      ,2000,1573,427,2228,5361,0.4,297,320,0.2,34242.1,17.1,2026-07-03
07-03-2026,Saturday ,Chrome ,Tablet ,Germany,Organic Search,/about        ,2643,1851,792,2720,5266,0.5,143.6,324,0.1,19740,7.5,2026-07-03
09-02-2026,Monday   ,Chrome ,Desktop,Canada ,Organic Search,/home         ,2273,1447,826,2603,5944,0.5,162.7,313,0.1,13893.2,6.1,2026-09-02
10-02-2026,Tuesday  ,Chrome ,Mobile ,India  ,Organic Search,/landing-promo,5397,3654,1743,5824,20789,0.5,209.5,553,0.1,30025,5.6,2026-10-02
28-02-2026,Saturday ,Chrome ,Mobile ,Germany,Paid Search   ,/contact      ,4184,3406,778,4446,8928,0.5,225.6,643,0.2,57624.3,13.8,2026-02-28
23-10-2025,Thursday ,Chrome ,Mobile ,India  ,Email         ,/blog         ,2773,1333,1440,3111,3827,0.6,169.3,384,0.1,40585,14.6,2025-10-23
22-10-2025,Wednesday,Chrome ,Unknown,Canada ,Organic Search,/products     ,2693,1666,1027,2853,11297,0.5,565.3,389,0.1,70216.4,26.1,2025-10-22
02-11-2025,Sunday   ,Safari ,Tablet ,India  ,Direct        ,/about        ,3668,1672,1996,3794,11482,0.3,325.6,462,0.1,11448.4,3.1,2025-02-11
30-01-2026,Friday   ,Chrome ,Mobile ,Canada ,Direct        ,/contact      ,3998,1903,2095,4050,16378,0.3,326.5,574,0.1,0,0,2026-01-30
26-12-2025,Friday   ,Chrome ,Desktop,UK     ,Direct        ,/contact      ,2446,1150,1296,2723,10286,0.6,425.6,363,0.1,34678.3,14.2,2025-12-26
01-01-2026,Thursday ,Chrome ,Desktop,France ,Organic Search,/contact      ,4306,2646,1660,4935,19061,0.5,321,604,0.1,116844.6,27.1,2026-01-01
14-11-2025,Friday   ,Safari ,Desktop,USA    ,Organic Search,/products     ,4840,3689,1151,4977,15834,0.3,485.6,808,0.2,90361.9,18.7,2025-11-14
15-11-2025,Saturday ,Chrome ,Mobile ,France ,Email         ,/products     ,2171,1401,770,2292,4467,0.5,182.6,350,0.2,54251.6,25,2025-11-15
28-09-2025,Sunday   ,Safari ,Desktop,USA    ,Email         ,/blog         ,1449,580,869,1484,2195,0.3,186,260,0.2,15836.6,10.9,2025-09-28
21-01-2026,Wednesday,Edge   ,Mobile ,Germany,Referral      ,/blog         ,3501,2759,742,4017,15775,0.4,206.3,479,0.1,128801,36.8,2026-01-21
15-03-2026,Sunday   ,Chrome ,Tablet ,USA    ,Social Media  ,/pricing      ,2157,1857,300,2215,7292,0.7,234.8,159,0.1,34366.1,15.9,2026-03-15
16-10-2025,Thursday ,Chrome ,Mobile ,UK     ,Organic Search,/products     ,3374,2564,810,3429,6843,0.4,150.2,498,0.1,76208.2,22.6,2025-10-16
17-12-2025,Wednesday,Chrome ,Desktop,India  ,Organic Search,/about        ,3237,2480,757,3238,5745,0.4,435.6,407,0.1,38129.1,11.8,2025-12-17
04-12-2025,Thursday ,Chrome ,Mobile ,USA    ,Organic Search,/blog         ,1267,891,376,1375,4122,0.4,127.8,177,0.1,47282.9,37.3,2025-04-12
31-10-2025,Friday   ,Edge   ,Tablet ,India  ,Referral      ,/about        ,3322,2985,337,3758,12780,0.5,109.2,356,0.1,31836.3,9.6,2025-10-31
22-03-2026,Sunday   ,Chrome ,Mobile ,India  ,Social Media  ,/blog         ,2606,1980,626,2922,11879,0.7,45.4,59,0,2671.9,1,2026-03-22
29-11-2025,Saturday ,Chrome ,Desktop,USA    ,Organic Search,/home         ,3113,2108,1005,3474,12421,0.6,251.5,517,0.2,131854.6,42.4,2025-11-29
11-03-2026,Wednesday,Chrome ,Desktop,Japan  ,Direct        ,/pricing      ,1888,1139,749,1985,6458,0.4,195.8,280,0.1,37353.6,19.8,2026-11-03
02-10-2025,Thursday ,Chrome ,Desktop,USA    ,Organic Search,/landing-promo,1632,1069,563,1847,3677,0.3,510.9,258,0.2,74601.4,45.7,2025-02-10
10-03-2026,Tuesday  ,Firefox,Mobile ,France ,Direct        ,/about        ,4737,2490,2247,5344,11889,0.5,363.1,655,0.1,85445.5,18,2026-10-03
14-01-2026,Wednesday,Firefox,Desktop,UAE    ,Organic Search,/pricing      ,4793,3164,1629,5067,7591,0.4,262,720,0.2,87762.1,18.3,2026-01-14
06-11-2025,Thursday ,Safari ,Tablet ,India  ,Paid Search   ,/pricing      ,5744,4731,1013,5953,27162,0.6,393.4,790,0.1,36807.2,6.4,2025-06-11
25-02-2026,Wednesday,Chrome ,Desktop,UK     ,Organic Search,/contact      ,1166,883,283,1230,3840,0.6,198.8,164,0.1,32558.2,27.9,2026-02-25
03-03-2026,Tuesday  ,Chrome ,Desktop,UAE    ,Direct        ,/home         ,2707,1553,1154,2781,5253,0.4,154.5,435,0.2,24363.2,9,2026-03-03
25-10-2025,Saturday ,Chrome ,Mobile ,UAE    ,Organic Search,/landing-promo,1158,921,237,1255,3181,0.7,203.7,163,0.1,32447.9,28,2025-10-25
18-12-2025,Thursday ,Chrome ,Desktop,India  ,Organic Search,/home         ,895,561,334,946,2009,0.5,239.2,92,0.1,6077.5,6.8,2025-12-18
01-11-2025,Saturday ,Edge   ,Desktop,USA    ,Organic Search,/home         ,1228,782,446,1245,5821,0.6,528.9,178,0.1,46313.6,37.7,2025-01-11
11-03-2026,Wednesday,Chrome ,Desktop,India  ,Organic Search,/blog         ,2405,1874,531,2649,6926,0.6,310.6,265,0.1,23943.5,10,2026-11-03
12-01-2026,Monday   ,Chrome ,Mobile ,USA    ,Organic Search,/about        ,2268,1703,565,2342,6967,0.6,137.3,337,0.1,107518.7,47.4,2026-12-01
13-02-2026,Friday   ,Safari ,Mobile ,India  ,Direct        ,/blog         ,4277,2717,1560,4458,11143,0.5,121.2,502,0.1,40027.8,9.4,2026-02-13
12-02-2026,Thursday ,Chrome ,Desktop,USA    ,Paid Search   ,/contact      ,2187,1823,364,2225,3893,0.7,395.8,366,0.2,94095.2,43,2026-12-02
20-10-2025,Monday   ,Chrome ,Desktop,USA    ,Referral      ,/blog         ,1583,1224,359,1736,3263,0.5,145.2,212,0.1,22060.1,13.9,2025-10-20
12-12-2025,Friday   ,Safari ,Tablet ,USA    ,Organic Search,/blog         ,2160,1529,631,2166,5763,0.3,405.3,291,0.1,88998.6,41.2,2025-12-12
15-10-2025,Wednesday,Safari ,Desktop,Germany,Organic Search,/about        ,600,472,128,677,1339,0.4,544,85,0.1,8063.5,13.4,2025-10-15
06-10-2025,Monday   ,Safari ,Tablet ,USA    ,Direct        ,/landing-promo,1395,854,541,1549,4166,0.3,253.5,213,0.2,22550.1,16.2,2025-06-10
17-01-2026,Saturday ,Chrome ,Desktop,UK     ,Direct        ,/landing-promo,3960,2139,1821,4297,6360,0.4,668.9,639,0.2,52577.4,13.3,2026-01-17
25-11-2025,Tuesday  ,Safari ,Mobile ,USA    ,Email         ,/products     ,889,570,319,1004,3624,0.3,162.3,154,0.2,28420,32,2025-11-25
25-12-2025,Thursday ,Safari ,Desktop,USA    ,Organic Search,/blog         ,3162,2361,801,3278,4648,0.4,332.3,519,0.2,125315.8,39.6,2025-12-25
09-12-2025,Tuesday  ,Safari ,Tablet ,India  ,Paid Search   ,/blog         ,5359,4739,620,5362,12315,0.4,234.9,720,0.1,65512.3,12.2,2025-09-12
01-12-2025,Monday   ,Chrome ,Desktop,USA    ,Direct        ,/contact      ,3952,1705,2247,4512,6971,0.4,311.8,646,0.2,154350.7,39.1,2025-01-12
24-10-2025,Friday   ,Firefox,Mobile ,Canada ,Social Media  ,/products     ,1970,1485,485,2147,9165,0.8,167,125,0.1,26200.6,13.3,2025-10-24
25-12-2025,Thursday ,Chrome ,Desktop,USA    ,Organic Search,/contact      ,5352,3356,1996,5564,12139,0.3,581.4,837,0.2,135011.7,25.2,2025-12-25
25-01-2026,Sunday   ,Chrome ,Mobile ,UAE    ,Social Media  ,/pricing      ,959,744,215,988,3743,0.5,174.1,71,0.1,4370.6,4.6,2026-01-25
20-10-2025,Monday   ,Chrome ,Mobile ,USA    ,Social Media  ,/products     ,2617,2035,582,2856,11252,0.6,186.3,199,0.1,40488.7,15.5,2025-10-20
24-12-2025,Wednesday,Chrome ,Tablet ,India  ,Organic Search,/contact      ,948,721,227,969,2473,0.4,142.5,97,0.1,8144.5,8.6,2025-12-24
06-11-2025,Thursday ,Chrome ,Desktop,Japan  ,Social Media  ,/home         ,3373,3001,372,3846,11514,0.7,199.4,276,0.1,52172.9,15.5,2025-06-11
16-01-2026,Friday   ,Edge   ,Desktop,Japan  ,Referral      ,/blog         ,668,513,155,763,2141,0.3,272.4,89,0.1,18262.3,27.3,2026-01-16
01-10-2025,Wednesday,Chrome ,Desktop,Canada ,Direct        ,/blog         ,2110,1284,826,2244,7382,0.3,193.2,304,0.1,71362.8,33.8,2025-01-10
01-02-2026,Sunday   ,Chrome ,Desktop,USA    ,Organic Search,/products     ,3081,1892,1189,3355,13239,0.4,424,504,0.2,167550.7,54.4,2026-01-02
05-01-2026,Monday   ,Chrome ,Desktop,USA    ,Paid Search   ,/home         ,4574,3966,608,4646,12346,0.5,596.5,814,0.2,117506.7,25.7,2026-05-01
23-01-2026,Friday   ,Safari ,Mobile ,France ,Paid Search   ,/blog         ,1980,1501,479,2024,3722,0.5,181,258,0.1,22181.6,11.2,2026-01-23
01-11-2025,Saturday ,Chrome ,Tablet ,France ,Social Media  ,/products     ,2191,1645,546,2315,6279,0.4,81.5,108,0,19670.7,9,2025-01-11
10-10-2025,Friday   ,Chrome ,Mobile ,India  ,Organic Search,/landing-promo,2945,2338,607,3327,6870,0.5,182.1,291,0.1,28886.8,9.8,2025-10-10
07-12-2025,Sunday   ,Chrome ,Desktop,UK     ,Paid Search   ,/landing-promo,438,385,53,463,1558,0.7,332.8,69,0.2,15251.5,34.8,2025-07-12
19-02-2026,Thursday ,Safari ,Desktop,Japan  ,Direct        ,/contact      ,978,560,418,1039,1177,0.5,381.1,149,0.2,17838.8,18.2,2026-02-19
18-11-2025,Tuesday  ,Chrome ,Mobile ,UK     ,Direct        ,/home         ,5578,2739,2839,5961,10624,0.5,276.7,880,0.2,155476.4,27.9,2025-11-18
17-01-2026,Saturday ,Firefox,Desktop,UAE    ,Direct        ,/home         ,644,406,238,735,1001,0.6,590.2,99,0.2,17066.5,26.5,2026-01-17
30-10-2025,Thursday ,Edge   ,Mobile ,India  ,Referral      ,/landing-promo,492,396,96,523,1183,0.5,293.6,44,0.1,1120.6,2.3,2025-10-30
11-11-2025,Tuesday  ,Chrome ,Desktop,Germany,Organic Search,/about        ,3121,2007,1114,3400,11009,0.5,558,470,0.2,36361.6,11.7,2025-11-11
22-12-2025,Monday   ,Chrome ,Desktop,UAE    ,Organic Search,/home         ,4428,3446,982,4561,20926,0.4,429.8,712,0.2,122660.5,27.7,2025-12-22
22-01-2026,Thursday ,Chrome ,Mobile ,Germany,Direct        ,/contact      ,4084,1807,2277,4153,15426,0.6,162.8,650,0.2,104526,25.6,2026-01-22
04-11-2025,Tuesday  ,Unknown,Desktop,USA    ,Direct        ,/about        ,3839,1863,1976,4036,12358,0.6,279,622,0.2,44805.8,11.7,2025-04-11
25-02-2026,Wednesday,Chrome ,Tablet ,USA    ,Referral      ,/blog         ,3673,3006,667,3952,16187,0.6,0,482,0.1,149100.7,40.6,2026-02-25
11-01-2026,Sunday   ,Safari ,Desktop,France ,Organic Search,/blog         ,1626,1068,558,1733,4850,0.4,197.9,209,0.1,25164.5,15.5,2026-11-01
05-12-2025,Friday   ,Edge   ,Mobile ,Canada ,Direct        ,/landing-promo,814,396,418,867,3203,0.4,298.9,109,0.1,5290.2,6.5,2025-05-12
10-01-2026,Saturday ,Chrome ,Mobile ,Canada ,Referral      ,/about        ,2220,1738,482,2550,10349,0.4,263.9,276,0.1,14538.1,6.5,2026-10-01
23-11-2025,Sunday   ,Chrome ,Mobile ,UAE    ,Organic Search,/products     ,521,360,161,546,827,0.5,97.8,77,0.1,7317.6,14,2025-11-23
16-11-2025,Sunday   ,Chrome ,Desktop,India  ,Social Media  ,/blog         ,1499,1268,231,1649,5192,0.7,306.5,56,0,5205.9,3.5,2025-11-16
04-12-2025,Thursday ,Firefox,Desktop,Canada ,Email         ,/blog         ,2085,837,1248,2290,4913,0.6,315.2,375,0.2,20333.4,9.8,2025-04-12
29-01-2026,Thursday ,Chrome ,Desktop,Germany,Paid Search   ,/about        ,1524,1363,161,1726,5221,0.6,350,253,0.2,21275.1,14,2026-01-29
06-01-2026,Tuesday  ,Firefox,Desktop,India  ,Paid Search   ,/home         ,879,734,145,908,2895,0.5,245.7,110,0.1,8855.3,10.1,2026-06-01
04-10-2025,Saturday ,Safari ,Desktop,Japan  ,Paid Search   ,/landing-promo,2015,1774,241,2229,7046,0.4,531.1,328,0.2,55864.8,27.7,2025-04-10
14-03-2026,Saturday ,Safari ,Desktop,India  ,Organic Search,/blog         ,2523,2004,519,2552,4012,0.5,526.4,266,0.1,6536.8,2.6,2026-03-14
25-01-2026,Sunday   ,Edge   ,Mobile ,France ,Organic Search,/about        ,1337,1068,269,1486,2465,0.3,179.1,155,0.1,14699,11,2026-01-25
01-03-2026,Sunday   ,Safari ,Desktop,India  ,Referral      ,/pricing      ,2266,1933,333,2545,9793,0.5,196.3,226,0.1,23816.8,10.5,2026-01-03
14-12-2025,Sunday   ,Chrome ,Mobile ,USA    ,Email         ,/about        ,2222,1278,944,2252,3372,0.3,338.6,383,0.2,100367.2,45.2,2025-12-14
20-02-2026,Friday   ,Edge   ,Mobile ,UAE    ,Organic Search,/landing-promo,4057,2778,1279,4519,7109,0.6,201.3,610,0.2,95054,23.4,2026-02-20
16-03-2026,Monday   ,Safari ,Tablet ,India  ,Referral      ,/contact      ,3454,2642,812,3827,15006,0.4,361.2,352,0.1,19958.6,5.8,2026-03-16
08-12-2025,Monday   ,Safari ,Mobile ,USA    ,Email         ,/pricing      ,2074,1084,990,2179,8423,0.7,113.7,373,0.2,32242.8,15.5,2025-08-12
09-03-2026,Monday   ,Chrome ,Desktop,UK     ,Direct        ,/home         ,4339,1977,2362,4610,14576,0.5,585,718,0.2,0,0,2026-09-03
23-03-2026,Monday   ,Firefox,Desktop,USA    ,Paid Search   ,/about        ,3207,2451,756,3298,4903,0.7,150.6,577,0.2,68325.9,21.3,2026-03-23
23-10-2025,Thursday ,Firefox,Desktop,USA    ,Direct        ,/pricing      ,2427,1470,957,2776,4186,0.3,651.7,388,0.2,110495,45.5,2025-10-23
21-10-2025,Tuesday  ,Chrome ,Tablet ,Germany,Social Media  ,/blog         ,1168,1014,154,1214,1801,0.5,122.9,77,0.1,8494.6,7.3,2025-10-21
29-10-2025,Wednesday,Chrome ,Tablet ,Japan  ,Direct        ,/landing-promo,1127,610,517,1137,4527,0.6,364.6,148,0.1,8042.7,7.1,2025-10-29
26-10-2025,Sunday   ,Safari ,Desktop,UK     ,Organic Search,/about        ,786,602,184,853,3435,0.4,586.9,113,0.1,19365.4,24.6,2025-10-26
27-12-2025,Saturday ,Chrome ,Mobile ,France ,Email         ,/landing-promo,1834,809,1025,1907,2626,0.3,180.1,279,0.2,31185.8,17,2025-12-27
31-01-2026,Saturday ,Chrome ,Mobile ,USA    ,Organic Search,/pricing      ,913,635,278,1002,1394,0.7,224.1,132,0.1,15317.7,16.8,2026-01-31
20-02-2026,Friday   ,Safari ,Tablet ,USA    ,Organic Search,/landing-promo,2935,2163,772,3361,9303,0.6,112,436,0.1,54202,18.5,2026-02-20
02-03-2026,Monday   ,Safari ,Desktop,UK     ,Direct        ,/pricing      ,4420,2188,2232,4817,6567,0.3,481.2,712,0.2,35668.9,8.1,2026-02-03
15-11-2025,Saturday ,Firefox,Desktop,UAE    ,Direct        ,/home         ,3151,1398,1753,3600,4600,0.3,388,538,0.2,112266.5,35.6,2025-11-15
08-02-2026,Sunday   ,Safari ,Desktop,Japan  ,Referral      ,/pricing      ,620,522,98,627,1673,0.6,243.7,82,0.1,21227.4,34.2,2026-08-02
20-11-2025,Thursday ,Chrome ,Desktop,USA    ,Organic Search,/landing-promo,2695,2132,563,2912,10909,0.5,485.2,414,0.2,101459.6,37.6,2025-11-20
19-11-2025,Wednesday,Firefox,Desktop,Canada ,Organic Search,/home         ,2387,1520,867,2524,6887,0.5,283.4,346,0.1,45292.9,19,2025-11-19
08-10-2025,Wednesday,Chrome ,Desktop,USA    ,Direct        ,/contact      ,4175,1814,2361,4435,14760,0.6,759.9,675,0.2,147492.9,35.3,2025-08-10
16-01-2026,Friday   ,Chrome ,Tablet ,USA    ,Organic Search,/blog         ,3430,2319,1111,3788,4389,0.3,365.2,544,0.2,134980,39.4,2026-01-16
14-12-2025,Sunday   ,Chrome ,Desktop,USA    ,Social Media  ,/blog         ,570,480,90,579,1049,0.5,190.7,40,0.1,5527.5,9.7,2025-12-14
01-10-2025,Wednesday,Chrome ,Mobile ,Japan  ,Social Media  ,/pricing      ,789,703,86,876,1971,0.8,188,49,0.1,9823,12.4,2025-01-10
16-11-2025,Sunday   ,Firefox,Mobile ,Germany,Social Media  ,/products     ,1480,1219,261,1680,4135,0.4,138.3,91,0.1,7706.3,5.2,2025-11-16
24-10-2025,Friday   ,Firefox,Desktop,UK     ,Social Media  ,/about        ,1461,1214,247,1586,2135,0.5,251.3,105,0.1,20206.1,13.8,2025-10-24
23-03-2026,Monday   ,Safari ,Desktop,UAE    ,Paid Search   ,/about        ,3438,2609,829,3714,13783,0.7,533.7,602,0.2,59926.2,17.4,2026-03-23
31-12-2025,Wednesday,Chrome ,Desktop,UAE    ,Paid Search   ,/about        ,6247,4742,1505,7012,7672,0.4,438.4,1078,0.2,80704.7,12.9,2025-12-31
02-10-2025,Thursday ,Chrome ,Desktop,India  ,Organic Search,/contact      ,3765,2762,1003,4064,10932,0.4,478,467,0.1,16813.4,4.5,2025-02-10
30-10-2025,Thursday ,Chrome ,Mobile ,UAE    ,Organic Search,/pricing      ,4265,3156,1109,4592,15456,0.4,96.4,641,0.2,164361.7,38.5,2025-10-30
05-12-2025,Friday   ,Safari ,Tablet ,Japan  ,Paid Search   ,/products     ,5067,4259,808,5784,10489,0.4,358.7,852,0.2,182793.1,36.1,2025-05-12
17-02-2026,Tuesday  ,Edge   ,Desktop,Germany,Direct        ,/contact      ,4988,2072,2916,5467,14844,0.6,676.4,758,0.2,145541.1,29.2,2026-02-17
15-02-2026,Sunday   ,Safari ,Mobile ,Japan  ,Referral      ,/products     ,724,648,76,794,1245,0.4,286.2,81,0.1,11649,16.1,2026-02-15
01-11-2025,Saturday ,Chrome ,Desktop,Canada ,Direct        ,/landing-promo,2360,1089,1271,2638,3391,0.6,543.4,333,0.1,36429.1,15.4,2025-01-11
05-01-2026,Monday   ,Edge   ,Desktop,France ,Paid Search   ,/blog         ,1059,854,205,1094,3076,0.3,291,160,0.2,33159.1,31.3,2026-05-01
29-01-2026,Thursday ,Chrome ,Desktop,UK     ,Social Media  ,/products     ,373,299,74,403,485,0.6,319.1,25,0.1,6333.8,17,2026-01-29
19-11-2025,Wednesday,Safari ,Desktop,USA    ,Social Media  ,/home         ,974,862,112,990,3941,0.7,378.3,81,0.1,25551.6,26.2,2025-11-19
16-11-2025,Sunday   ,Chrome ,Desktop,Japan  ,Organic Search,/landing-promo,2347,1467,880,2611,4892,0.5,454.5,338,0.1,22195.3,9.5,2025-11-16
01-12-2025,Monday   ,Chrome ,Mobile ,Japan  ,Direct        ,/blog         ,3529,2028,1501,3824,16363,0.7,174.1,496,0.1,83728.8,23.7,2025-01-12
19-11-2025,Wednesday,Firefox,Mobile ,Unknown,Direct        ,/landing-promo,5158,2901,2257,5704,13691,0.5,107.3,615,0.1,66150.7,12.8,2025-11-19
22-10-2025,Wednesday,Chrome ,Mobile ,India  ,Organic Search,/home         ,1476,962,514,1551,1891,0.4,282.1,148,0.1,6916.6,4.7,2025-10-22
02-11-2025,Sunday   ,Firefox,Desktop,USA    ,Email         ,/contact      ,1439,687,752,1461,5650,0.5,401.9,259,0.2,46820.6,32.5,2025-02-11
31-10-2025,Friday   ,Firefox,Tablet ,UAE    ,Organic Search,/landing-promo,4212,2554,1658,4476,5482,0.5,374.6,598,0.1,0,0,2025-10-31
31-10-2025,Friday   ,Safari ,Tablet ,USA    ,Direct        ,/home         ,1009,510,499,1056,2161,0.5,437.7,152,0.2,33966.7,33.7,2025-10-31
05-11-2025,Wednesday,Chrome ,Desktop,Unknown,Direct        ,/landing-promo,2717,1384,1333,3005,6201,0.6,723.7,405,0.1,22476.5,8.3,2025-05-11
03-12-2025,Wednesday,Safari ,Desktop,USA    ,Paid Search   ,/pricing      ,3845,3016,829,4240,6824,0.7,546.1,692,0.2,204647.8,53.2,2025-03-12
03-03-2026,Tuesday  ,Safari ,Desktop,USA    ,Paid Search   ,/pricing      ,774,686,88,803,1834,0.6,346.5,129,0.2,39483.6,51,2026-03-03
20-12-2025,Saturday ,Chrome ,Desktop,USA    ,Organic Search,/home         ,629,493,136,639,1021,0.4,191.7,97,0.2,21747.8,34.6,2025-12-20
09-10-2025,Thursday ,Chrome ,Desktop,USA    ,Organic Search,/products     ,1328,896,432,1455,1745,0.4,355.2,201,0.2,24324.8,18.3,2025-09-10
17-02-2026,Tuesday  ,Chrome ,Mobile ,USA    ,Organic Search,/pricing      ,983,715,268,1081,3354,0.5,183,141,0.1,49889,50.8,2026-02-17
14-02-2026,Saturday ,Chrome ,Tablet ,France ,Direct        ,/about        ,3244,2084,1160,3400,10498,0.3,358.3,474,0.1,85327.3,26.3,2026-02-14
23-03-2026,Monday   ,Chrome ,Mobile ,France ,Organic Search,/contact      ,3410,2357,1053,3756,15156,0.7,228.7,442,0.1,62319,18.3,2026-03-23
12-11-2025,Wednesday,Chrome ,Desktop,India  ,Organic Search,/landing-promo,4507,2856,1651,4861,19545,0.5,244.5,503,0.1,26400.9,5.9,2025-12-11
29-12-2025,Monday   ,Chrome ,Mobile ,UK     ,Organic Search,/home         ,4201,2932,1269,4675,8136,0.5,121.3,628,0.1,102783.9,24.5,2025-12-29
12-11-2025,Wednesday,Safari ,Mobile ,Germany,Paid Search   ,/about        ,5231,4076,1155,5732,16134,0.5,182.6,830,0.2,75421.6,14.4,2025-12-11
15-01-2026,Thursday ,Edge   ,Desktop,USA    ,Organic Search,/pricing      ,3111,2037,1074,3286,5995,0.5,234.3,528,0.2,136733.2,44,2026-01-15
25-02-2026,Wednesday,Chrome ,Mobile ,USA    ,Direct        ,/landing-promo,4151,2314,1837,4686,6508,0.7,290.2,624,0.2,137705.6,33.2,2026-02-25
01-01-2026,Thursday ,Chrome ,Tablet ,UAE    ,Email         ,/home         ,1384,555,829,1551,4573,0.3,428,249,0.2,14689.1,10.6,2026-01-01
18-02-2026,Wednesday,Chrome ,Mobile ,India  ,Paid Search   ,/landing-promo,1293,1153,140,1317,4200,0.6,172.2,156,0.1,13435.6,10.4,2026-02-18
05-03-2026,Thursday ,Chrome ,Mobile ,USA    ,Organic Search,/pricing      ,2901,1981,920,3266,9725,0.5,206.2,406,0.1,104901.6,36.2,2026-05-03
16-12-2025,Tuesday  ,Safari ,Mobile ,UAE    ,Organic Search,/pricing      ,1294,920,374,1318,1600,0.7,283.6,181,0.1,37664,29.1,2025-12-16
16-10-2025,Thursday ,Safari ,Desktop,India  ,Organic Search,/products     ,2681,2128,553,2992,12673,0.7,521.2,317,0.1,13324.8,5,2025-10-16
18-10-2025,Saturday ,Chrome ,Desktop,UAE    ,Referral      ,/products     ,545,423,122,576,974,0.3,322.5,81,0.1,13160.2,24.1,2025-10-18
02-02-2026,Monday   ,Chrome ,Desktop,Unknown,Referral      ,/about        ,1484,1206,278,1599,7034,0.5,143.7,220,0.1,18564,12.5,2026-02-02
21-12-2025,Sunday   ,Firefox,Mobile ,UK     ,Organic Search,/about        ,2847,2096,751,2848,5158,0.4,136.5,342,0.1,80093,28.1,2025-12-21
08-10-2025,Wednesday,Chrome ,Tablet ,India  ,Paid Search   ,/about        ,6396,5387,1009,6696,11666,0.4,408.7,812,0.1,78948.9,12.3,2025-08-10
28-01-2026,Wednesday,Firefox,Desktop,India  ,Direct        ,/home         ,1775,1078,697,1835,2376,0.4,347.8,210,0.1,5824.1,3.3,2026-01-28
02-10-2025,Thursday ,Chrome ,Mobile ,UK     ,Email         ,/blog         ,1376,685,691,1521,2866,0.6,323.4,231,0.2,47301.9,34.4,2025-02-10
31-01-2026,Saturday ,Chrome ,Mobile ,India  ,Organic Search,/about        ,487,334,153,489,971,0.4,244.1,51,0.1,3333.8,6.8,2026-01-31
10-10-2025,Friday   ,Safari ,Desktop,UK     ,Email         ,/landing-promo,2872,1598,1274,3181,7535,0.3,226.5,512,0.2,44148.6,15.4,2025-10-10
01-12-2025,Monday   ,Chrome ,Desktop,India  ,Direct        ,/pricing      ,4576,2004,2572,5255,14798,0.3,571.5,609,0.1,46181,10.1,2025-01-12
08-10-2025,Wednesday,Chrome ,Desktop,Canada ,Organic Search,/pricing      ,1178,926,252,1329,4868,0.5,172.6,172,0.1,16954.2,14.4,2025-08-10
06-01-2026,Tuesday  ,Firefox,Mobile ,India  ,Social Media  ,/landing-promo,3673,2877,796,3961,11988,0.8,158.1,159,0,0,0,2026-06-01
21-12-2025,Sunday   ,Safari ,Desktop,India  ,Direct        ,/home         ,2339,1519,820,2605,2982,0.3,710.6,276,0.1,16461.5,7,2025-12-21
25-03-2026,Wednesday,Safari ,Desktop,France ,Organic Search,/pricing      ,1332,881,451,1455,5596,0.6,254.3,165,0.1,12419,9.3,2026-03-25
28-02-2026,Saturday ,Unknown,Mobile ,UAE    ,Email         ,/blog         ,352,221,131,400,536,0.3,62.3,63,0.2,8258.4,23.5,2026-02-28
11-10-2025,Saturday ,Chrome ,Desktop,UAE    ,Referral      ,/about        ,835,654,181,846,2968,0.3,571,110,0.1,18919,22.7,2025-11-10
14-12-2025,Sunday   ,Safari ,Mobile ,UAE    ,Direct        ,/about        ,2783,1238,1545,2896,4129,0.5,117.9,408,0.1,40861.8,14.7,2025-12-14
19-11-2025,Wednesday,Chrome ,Mobile ,India  ,Social Media  ,/about        ,2775,2177,598,3142,9673,0.8,180,65,0,2660.8,1,2025-11-19
19-11-2025,Wednesday,Chrome ,Mobile ,USA    ,Direct        ,/contact      ,1828,1093,735,1896,2413,0.4,136.5,259,0.1,64249,35.1,2025-11-19
09-11-2025,Sunday   ,Chrome ,Desktop,Canada ,Paid Search   ,/home         ,848,692,156,947,1838,0.5,493.9,133,0.2,19891.9,23.5,2025-09-11
25-12-2025,Thursday ,Chrome ,Desktop,UK     ,Organic Search,/blog         ,1534,1086,448,1627,6923,0.5,189.8,209,0.1,50429.6,32.9,2025-12-25
15-11-2025,Saturday ,Chrome ,Tablet ,Japan  ,Direct        ,/products     ,1811,882,929,2010,3028,0.5,250.8,236,0.1,21194,11.7,2025-11-15
28-12-2025,Sunday   ,Safari ,Mobile ,UK     ,Social Media  ,/landing-promo,1219,917,302,1258,1936,0.7,106.5,62,0.1,9266.5,7.6,2025-12-28
06-01-2026,Tuesday  ,Firefox,Desktop,India  ,Social Media  ,/landing-promo,477,414,63,519,1121,0.6,231.5,15,0,847.8,1.8,2026-06-01
28-09-2025,Sunday   ,Chrome ,Mobile ,USA    ,Organic Search,/home         ,2395,1826,569,2566,7437,0.4,199.4,325,0.1,81154,33.9,2025-09-28
05-01-2026,Monday   ,Chrome ,Tablet ,Japan  ,Organic Search,/landing-promo,3548,2389,1159,3925,15070,0.4,197.4,486,0.1,27776.8,7.8,2026-05-01
22-01-2026,Thursday ,Safari ,Desktop,UK     ,Referral      ,/products     ,2601,2184,417,2777,6731,0.5,217.4,315,0.1,71322.2,27.4,2026-01-22
08-03-2026,Sunday   ,Safari ,Desktop,USA    ,Social Media  ,/home         ,300,238,62,331,1360,0.6,213.6,25,0.1,1970.3,6.6,2026-08-03
16-11-2025,Sunday   ,Firefox,Mobile ,India  ,Direct        ,/contact      ,3295,2078,1217,3542,14414,0.4,195.5,408,0.1,0,0,2025-11-16
12-02-2026,Thursday ,Chrome ,Desktop,India  ,Organic Search,/contact      ,1256,813,443,1416,3159,0.4,523.8,132,0.1,10220.3,8.1,2026-12-02
24-02-2026,Tuesday  ,Chrome ,Tablet ,India  ,Organic Search,/contact      ,4092,2760,1332,4626,7634,0.5,80.5,440,0.1,27178.2,6.6,2026-02-24
10-03-2026,Tuesday  ,Chrome ,Tablet ,India  ,Organic Search,/products     ,2322,1447,875,2608,10892,0.4,279.6,214,0.1,21168.8,9.1,2026-10-03
20-02-2026,Friday   ,Chrome ,Desktop,France ,Organic Search,/pricing      ,2777,1755,1022,3175,5792,0.5,436.8,383,0.1,22590.3,8.1,2026-02-20
02-12-2025,Tuesday  ,Safari ,Desktop,Canada ,Paid Search   ,/blog         ,6054,4557,1497,6234,19632,0.4,325.3,1040,0.2,121652.4,20.1,2025-02-12
20-11-2025,Thursday ,Safari ,Desktop,USA    ,Social Media  ,/home         ,570,487,83,638,2355,0.4,261.2,44,0.1,14218.4,24.9,2025-11-20
22-11-2025,Saturday ,Chrome ,Mobile ,UK     ,Organic Search,/blog         ,723,509,214,785,1954,0.6,244.2,97,0.1,21024.6,29.1,2025-11-22
16-10-2025,Thursday ,Chrome ,Desktop,Germany,Organic Search,/contact      ,3899,2533,1366,4041,11618,0.5,122.7,605,0.2,71702,18.4,2025-10-16
31-10-2025,Friday   ,Chrome ,Mobile ,Japan  ,Direct        ,/contact      ,3399,2170,1229,3790,15821,0.6,348.4,525,0.2,58785.1,17.3,2025-10-31
06-03-2026,Friday   ,Edge   ,Mobile ,UK     ,Organic Search,/products     ,4624,3427,1197,4769,13610,0.3,91.9,693,0.1,102641.1,22.2,2026-06-03
25-12-2025,Thursday ,Chrome ,Mobile ,India  ,Direct        ,/about        ,3731,1931,1800,4075,11048,0.5,361.1,457,0.1,30491.2,8.2,2025-12-25
28-01-2026,Wednesday,Chrome ,Mobile ,India  ,Organic Search,/contact      ,922,634,288,1034,1610,0.7,108.3,90,0.1,7177.5,7.8,2026-01-28
23-10-2025,Thursday ,Safari ,Desktop,USA    ,Direct        ,/products     ,2388,1455,933,2427,7176,0.4,643.2,369,0.2,38595.6,16.2,2025-10-23
30-01-2026,Friday   ,Safari ,Desktop,Germany,Direct        ,/blog         ,4502,2287,2215,4623,18506,0.2,237.9,729,0.2,0,0,2026-01-30
28-01-2026,Wednesday,Firefox,Desktop,USA    ,Paid Search   ,/blog         ,3574,2710,864,3796,6844,0.4,540.7,643,0.2,224624.1,62.8,2026-01-28
01-11-2025,Saturday ,Chrome ,Desktop,Canada ,Organic Search,/blog         ,428,293,135,480,1967,0.6,365.4,60,0.1,7995.2,18.7,2025-01-11
17-12-2025,Wednesday,Chrome ,Desktop,France ,Referral      ,/pricing      ,458,360,98,521,2138,0.5,199.2,54,0.1,10932.9,23.9,2025-12-17
14-02-2026,Saturday ,Chrome ,Desktop,Canada ,Organic Search,/products     ,3013,2028,985,3434,8195,0.5,169.2,462,0.2,77561.8,25.7,2026-02-14
27-01-2026,Tuesday  ,Chrome ,Desktop,USA    ,Referral      ,/home         ,515,452,63,580,950,0.3,219.4,75,0.1,21483.2,41.7,2026-01-27
26-03-2026,Thursday ,Safari ,Desktop,UAE    ,Organic Search,/products     ,4037,2947,1090,4172,17253,0.6,441.2,643,0.2,138715.3,34.4,2026-03-26
19-03-2026,Thursday ,Chrome ,Mobile ,USA    ,Organic Search,/home         ,1216,936,280,1390,1865,0.6,171.6,163,0.1,43628.7,35.9,2026-03-19
22-02-2026,Sunday   ,Chrome ,Desktop,Canada ,Organic Search,/pricing      ,2705,2016,689,3029,10399,0.6,354.4,377,0.1,80294.3,29.7,2026-02-22
01-03-2026,Sunday   ,Chrome ,Mobile ,India  ,Organic Search,/home         ,3084,2220,864,3135,6535,0.5,249.9,361,0.1,40983.1,13.3,2026-01-03
05-10-2025,Sunday   ,Chrome ,Mobile ,Japan  ,Organic Search,/landing-promo,874,630,244,917,3766,0.5,225.3,110,0.1,18661.5,21.4,2025-05-10
09-02-2026,Monday   ,Chrome ,Desktop,USA    ,Organic Search,/pricing      ,1466,896,570,1511,4162,0.3,204.5,209,0.1,59730,40.7,2026-09-02
25-11-2025,Tuesday  ,Chrome ,Tablet ,India  ,Organic Search,/pricing      ,1567,947,620,1661,6072,0.3,359.7,159,0.1,12684.1,8.1,2025-11-25
24-12-2025,Wednesday,Chrome ,Desktop,Germany,Direct        ,/products     ,5655,3643,2012,6440,21885,0.3,139.5,905,0.2,179327.9,31.7,2025-12-24
22-12-2025,Monday   ,Chrome ,Mobile ,USA    ,Organic Search,/pricing      ,1651,1252,399,1666,6179,0.5,151,228,0.1,51099.2,31,2025-12-22
04-01-2026,Sunday   ,Chrome ,Mobile ,UK     ,Direct        ,/products     ,1900,857,1043,1968,5372,0.6,94.8,272,0.1,21390.1,11.3,2026-04-01
14-01-2026,Wednesday,Chrome ,Desktop,USA    ,Direct        ,/pricing      ,4123,2267,1856,4295,16508,0.2,280.4,717,0.2,215714.3,52.3,2026-01-14
28-09-2025,Sunday   ,Chrome ,Mobile ,India  ,Organic Search,/contact      ,1585,1141,444,1649,6362,0.4,268.1,147,0.1,9948.8,6.3,2025-09-28
01-12-2025,Monday   ,Chrome ,Mobile ,Germany,Paid Search   ,/about        ,5689,4840,849,6224,25706,0.8,289.4,931,0.2,127686.6,22.4,2025-01-12
21-01-2026,Wednesday,Chrome ,Desktop,India  ,Organic Search,/home         ,870,610,260,907,3590,0.6,577.9,90,0.1,2313.4,2.7,2026-01-21
27-12-2025,Saturday ,Safari ,Mobile ,USA    ,Organic Search,/landing-promo,503,380,123,525,944,0.7,198.5,69,0.1,13363.5,26.6,2025-12-27
27-01-2026,Tuesday  ,Safari ,Desktop,Japan  ,Direct        ,/home         ,655,398,257,752,2123,0.6,466.7,93,0.1,9799.4,15,2026-01-27
19-01-2026,Monday   ,Safari ,Mobile ,USA    ,Organic Search,/blog         ,3576,2775,801,3727,12502,0.7,242.6,531,0.1,64316.2,18,2026-01-19
16-03-2026,Monday   ,Edge   ,Desktop,India  ,Social Media  ,/contact      ,3152,2780,372,3530,6476,0.5,412.5,161,0.1,10164.9,3.2,2026-03-16
29-11-2025,Saturday ,Chrome ,Desktop,UK     ,Organic Search,/about        ,549,394,155,562,949,0.6,368,82,0.1,21259.4,38.7,2025-11-29
06-01-2026,Tuesday  ,Chrome ,Tablet ,Germany,Paid Search   ,/home         ,1801,1462,339,2062,3086,0.5,236.3,262,0.1,10696.1,5.9,2026-06-01
24-10-2025,Friday   ,Chrome ,Mobile ,India  ,Paid Search   ,/home         ,4189,3505,684,4772,16595,0.5,68.3,585,0.1,21693.3,5.2,2025-10-24
02-11-2025,Sunday   ,Chrome ,Desktop,UAE    ,Organic Search,/landing-promo,3633,2811,822,3653,15917,0.5,487.8,572,0.2,153097.9,42.1,2025-02-11
18-10-2025,Saturday ,Safari ,Mobile ,Canada ,Referral      ,/landing-promo,1373,1120,253,1488,5798,0.5,219.8,162,0.1,7881.1,5.7,2025-10-18
03-02-2026,Tuesday  ,Chrome ,Mobile ,India  ,Organic Search,/about        ,2805,1831,974,2854,9708,0.4,99.4,296,0.1,16130.8,5.8,2026-03-02
09-12-2025,Tuesday  ,Chrome ,Mobile ,USA    ,Social Media  ,/landing-promo,2829,2539,290,3152,12501,0.4,195.6,222,0.1,45158.1,16,2025-09-12
12-02-2026,Thursday ,Safari ,Mobile ,India  ,Organic Search,/about        ,4865,3476,1389,5194,8884,0.6,198.3,553,0.1,13703.6,2.8,2026-12-02
28-10-2025,Tuesday  ,Safari ,Tablet ,USA    ,Organic Search,/pricing      ,4723,3351,1372,5178,21160,0.6,342.2,722,0.2,87845.3,18.6,2025-10-28
29-12-2025,Monday   ,Chrome ,Desktop,Canada ,Organic Search,/about        ,589,377,212,645,1004,0.4,506.9,86,0.1,22145.8,37.6,2025-12-29
03-11-2025,Monday   ,Firefox,Desktop,UK     ,Social Media  ,/landing-promo,672,593,79,767,1984,0.6,218.5,43,0.1,7405.6,11,2025-03-11
09-11-2025,Sunday   ,Chrome ,Mobile ,Germany,Direct        ,/about        ,2264,1074,1190,2370,8960,0.6,133.8,302,0.1,48859.6,21.6,2025-09-11
06-02-2026,Friday   ,Edge   ,Desktop,USA    ,Organic Search,/home         ,4635,3362,1273,4764,16546,0.3,401.7,730,0.2,48875.1,10.5,2026-06-02
24-01-2026,Saturday ,Safari ,Desktop,USA    ,Direct        ,/about        ,4035,2133,1902,4584,6324,0.6,218,722,0.2,138950.3,34.4,2026-01-24
01-01-2026,Thursday ,Chrome ,Desktop,UAE    ,Organic Search,/landing-promo,4869,3602,1267,5369,20886,0.6,229.4,802,0.2,107138.3,22,2026-01-01
28-11-2025,Friday   ,Chrome ,Tablet ,UK     ,Organic Search,/about        ,3113,2024,1089,3537,13508,0.4,103.7,447,0.1,71743.6,23,2025-11-28
03-02-2026,Tuesday  ,Chrome ,Desktop,Germany,Organic Search,/home         ,5109,3493,1616,5637,14592,0.5,221.2,748,0.1,73261.8,14.3,2026-03-02
12-10-2025,Sunday   ,Chrome ,Desktop,UAE    ,Direct        ,/blog         ,647,379,268,664,1113,0.5,190.7,103,0.2,15700.3,24.3,2025-12-10
24-01-2026,Saturday ,Chrome ,Tablet ,Germany,Direct        ,/pricing      ,2777,1759,1018,2810,6643,0.3,512.6,378,0.1,55224.8,19.9,2026-01-24
24-10-2025,Friday   ,Chrome ,Desktop,France ,Paid Search   ,/products     ,1365,1064,301,1466,2378,0.5,269.6,218,0.2,36922.3,27,2025-10-24
25-12-2025,Thursday ,Chrome ,Tablet ,USA    ,Referral      ,/pricing      ,1318,1096,222,1341,5641,0.3,339.1,183,0.1,39922,30.3,2025-12-25
01-12-2025,Monday   ,Chrome ,Desktop,USA    ,Organic Search,/home         ,3259,2485,774,3662,6175,0.6,585.3,497,0.2,56102.6,17.2,2025-01-12
22-10-2025,Wednesday,Safari ,Mobile ,USA    ,Social Media  ,/pricing      ,916,696,220,1042,3671,0.6,123.2,57,0.1,16113.9,17.6,2025-10-22
11-11-2025,Tuesday  ,Chrome ,Mobile ,USA    ,Direct        ,/contact      ,5682,2811,2871,6362,8810,0.5,50.5,960,0.2,300880.1,53,2025-11-11
07-10-2025,Tuesday  ,Chrome ,Desktop,USA    ,Organic Search,/blog         ,2620,1735,885,2779,3746,0.6,283.2,410,0.2,81358.6,31.1,2025-07-10
09-11-2025,Sunday   ,Chrome ,Desktop,France ,Referral      ,/contact      ,617,511,106,621,1870,0.6,237.4,72,0.1,16232,26.3,2025-09-11
26-12-2025,Friday   ,Firefox,Mobile ,USA    ,Social Media  ,/products     ,374,320,54,398,1609,0.8,156.4,23,0.1,7920.4,21.2,2025-12-26
24-10-2025,Friday   ,Chrome ,Desktop,India  ,Organic Search,/home         ,2842,2027,815,3036,13114,0.5,371.6,323,0.1,34669.3,12.2,2025-10-24
19-10-2025,Sunday   ,Chrome ,Mobile ,India  ,Direct        ,/products     ,562,320,242,597,1931,0.5,322.6,60,0.1,2444.6,4.3,2025-10-19
16-02-2026,Monday   ,Safari ,Mobile ,USA    ,Referral      ,/about        ,3364,2552,812,3367,13712,0.6,96.8,475,0.1,101636.4,30.2,2026-02-16
30-12-2025,Tuesday  ,Chrome ,Tablet ,France ,Organic Search,/home         ,2076,1283,793,2092,2796,0.6,240.5,232,0.1,45991.6,22.2,2025-12-30
30-11-2025,Sunday   ,Chrome ,Desktop,Japan  ,Paid Search   ,/pricing      ,4095,3404,691,4158,7136,0.5,195.2,708,0.2,170569.7,41.7,2025-11-30
01-17-2026,Saturday ,Edge   ,Tablet ,India  ,Paid Search   ,/home         ,1971,1735,236,2225,3717,0.7,248,250,0.1,25141.2,12.8,2026-01-17
15-02-2026,Sunday   ,Safari ,Mobile ,Japan  ,Organic Search,/home         ,1663,1080,583,1737,2074,0.7,106.4,216,0.1,46458.1,27.9,2026-02-15
14-01-2026,Wednesday,Safari ,Desktop,USA    ,Organic Search,/home         ,2225,1664,561,2263,8969,0.5,500.4,343,0.2,52364.5,23.5,2026-01-14
16-03-2026,Monday   ,Chrome ,Desktop,UK     ,Direct        ,/about        ,3030,1419,1611,3418,12140,0.6,376.8,465,0.2,21937.9,7.2,2026-03-16
21-12-2025,Sunday   ,Safari ,Desktop,UK     ,Direct        ,/contact      ,4014,2352,1662,4047,18840,0.5,283.7,661,0.2,116859.6,29.1,2025-12-21
12-12-2025,Friday   ,Chrome ,Mobile ,India  ,Referral      ,/contact      ,389,339,50,419,1107,0.6,287.6,36,0.1,913,2.3,2025-12-12
03-01-2026,Saturday ,Safari ,Mobile ,Japan  ,Referral      ,/landing-promo,1124,965,159,1169,1710,0.3,248.8,139,0.1,14872.8,13.2,2026-03-01
15-02-2026,Sunday   ,Edge   ,Mobile ,UAE    ,Social Media  ,/about        ,2602,1983,619,2718,8296,0.8,52.3,177,0.1,17247.5,6.6,2026-02-15
09-11-2025,Sunday   ,Chrome ,Desktop,India  ,Direct        ,/contact      ,1461,744,717,1660,4050,0.5,663.2,186,0.1,15810.1,10.8,2025-09-11
18-12-2025,Thursday ,Chrome ,Desktop,USA    ,Direct        ,/home         ,3204,1775,1429,3263,8703,0.3,335.7,549,0.2,138416.6,43.2,2025-12-18
20-12-2025,Saturday ,Chrome ,Mobile ,France ,Direct        ,/pricing      ,3316,1518,1798,3684,9808,0.5,254.9,455,0.1,86582.9,26.1,2025-12-20
07-01-2026,Wednesday,Chrome ,Tablet ,UAE    ,Organic Search,/blog         ,1151,796,355,1227,2816,0.4,148.7,171,0.1,14322,12.4,2026-07-01
07-12-2025,Sunday   ,Chrome ,Mobile ,Canada ,Email         ,/landing-promo,2228,1222,1006,2328,2742,0.6,184.3,382,0.2,57977.9,26,2025-07-12
20-02-2026,Friday   ,Firefox,Mobile ,USA    ,Paid Search   ,/products     ,1701,1359,342,1883,2221,0.5,107.7,261,0.2,89730.2,52.8,2026-02-20
01-03-2026,Sunday   ,Safari ,Desktop,India  ,Unknown       ,/contact      ,1322,997,325,1366,2659,0.5,287.4,52,0,1331.5,1,2026-01-03
30-12-2025,Tuesday  ,Safari ,Mobile ,France ,Organic Search,/contact      ,887,540,347,940,1266,0.7,149.6,105,0.1,7012.9,7.9,2025-12-30
22-02-2026,Sunday   ,Safari ,Desktop,India  ,Organic Search,/home         ,1475,1076,399,1534,4217,0.5,374.8,151,0.1,6883.8,4.7,2026-02-22
11-03-2026,Wednesday,Edge   ,Desktop,UAE    ,Organic Search,/landing-promo,3208,2519,689,3265,9517,0.3,228.3,493,0.2,59278.8,18.5,2026-11-03
09-12-2025,Tuesday  ,Safari ,Mobile ,India  ,Organic Search,/contact      ,503,370,133,511,1650,0.3,220.4,48,0.1,3406.9,6.8,2025-09-12
11-12-2025,Thursday ,Chrome ,Desktop,India  ,Social Media  ,/about        ,2946,2283,663,3263,12206,0.5,277.5,94,0,9980.3,3.4,2025-11-12
06-03-2026,Friday   ,Chrome ,Mobile ,Germany,Organic Search,/home         ,4241,3129,1112,4433,11840,0.4,174.4,589,0.1,111406.5,26.3,2026-06-03
27-02-2026,Friday   ,Chrome ,Desktop,USA    ,Organic Search,/home         ,3172,2128,1044,3646,14435,0.5,148.7,520,0.2,42077.4,13.3,2026-02-27
06-03-2026,Friday   ,Firefox,Desktop,USA    ,Direct        ,/landing-promo,3240,2048,1192,3280,13346,0.6,598.7,535,0.2,0,0,2026-06-03
05-12-2025,Friday   ,Firefox,Tablet ,Japan  ,Organic Search,/home         ,4020,3140,880,4027,4866,0.3,254.6,568,0.1,107210,26.7,2025-05-12
16-01-2026,Friday   ,Chrome ,Desktop,Germany,Direct        ,/blog         ,3720,2001,1719,3885,14886,0.3,773.7,611,0.2,67341.7,18.1,2026-01-16
30-09-2025,Tuesday  ,Chrome ,Mobile ,Japan  ,Direct        ,/products     ,816,457,359,878,3282,0.6,277.5,116,0.1,6052.2,7.4,2025-09-30
07-03-2026,Saturday ,Chrome ,Mobile ,USA    ,Organic Search,/home         ,726,439,287,809,901,0.4,183.6,102,0.1,29458.1,40.6,2026-07-03
05-12-2025,Friday   ,Chrome ,Desktop,USA    ,Organic Search,/contact      ,2764,2060,704,2958,7686,0.4,313.2,416,0.2,100107.3,36.2,2025-05-12
10-02-2026,Tuesday  ,Chrome ,Mobile ,UK     ,Organic Search,/blog         ,3210,2044,1166,3325,6619,0.5,231.6,480,0.1,36868.2,11.5,2026-10-02
09-02-2026,Monday   ,Safari ,Desktop,Japan  ,Organic Search,/pricing      ,3009,1876,1133,3439,11814,0.3,573.6,465,0.2,48304.2,16.1,2026-09-02
18-03-2026,Wednesday,Safari ,Mobile ,India  ,Organic Search,/home         ,2688,1914,774,2829,9933,0.7,57.3,264,0.1,16260,6,2026-03-18
02-23-2026,Monday   ,Safari ,Desktop,Canada ,Direct        ,/about        ,3401,1395,2006,3870,14700,0.5,170.8,533,0.2,38843.3,11.4,2026-02-23
02-11-2025,Sunday   ,Chrome ,Mobile ,USA    ,Referral      ,/home         ,1731,1383,348,1916,3988,0.5,226.8,213,0.1,19504.2,11.3,2025-02-11
30-09-2025,Tuesday  ,Safari ,Mobile ,India  ,Organic Search,/home         ,3316,2167,1149,3390,10424,0.5,57.9,357,0.1,25583.8,7.7,2025-09-30
26-10-2025,Sunday   ,Chrome ,Desktop,France ,Organic Search,/about        ,1605,1254,351,1658,2487,0.5,578.2,221,0.1,42571.1,26.5,2025-10-26
15-11-2025,Saturday ,Firefox,Desktop,India  ,Social Media  ,/pricing      ,405,316,89,460,1175,0.5,446.2,17,0,1582.3,3.9,2025-11-15
24-03-2026,Tuesday  ,Chrome ,Desktop,Germany,Social Media  ,/contact      ,3859,3215,644,4204,6219,0.5,152.2,294,0.1,52027.3,13.5,2026-03-24
25-10-2025,Saturday ,Chrome ,Desktop,USA    ,Social Media  ,/contact      ,2399,1922,477,2612,11128,0.4,440,213,0.1,57339.1,23.9,2025-10-25
03-02-2026,Tuesday  ,Safari ,Mobile ,India  ,Email         ,/about        ,2756,1268,1488,2892,12640,0.4,349.8,411,0.1,8503.7,3.1,2026-03-02
07-03-2026,Saturday ,Chrome ,Mobile ,France ,Email         ,/blog         ,1919,971,948,2048,5322,0.6,85.5,308,0.2,31323.2,16.3,2026-07-03
18-01-2026,Sunday   ,Chrome ,Mobile ,UK     ,Social Media  ,/products     ,1328,1113,215,1482,3040,0.5,97.5,79,0.1,4307.9,3.2,2026-01-18
28-02-2026,Saturday ,Chrome ,Desktop,Canada ,Referral      ,/contact      ,504,438,66,523,1976,0.4,120.6,65,0.1,14357,28.5,2026-02-28
18-10-2025,Saturday ,Edge   ,Desktop,USA    ,Direct        ,/landing-promo,1615,792,823,1812,5619,0.5,765.9,254,0.2,67473.6,41.8,2025-10-18
27-12-2025,Saturday ,Edge   ,Tablet ,UK     ,Organic Search,/home         ,2736,2050,686,2920,3914,0.3,265.2,365,0.1,75040.6,27.4,2025-12-27
06-03-2026,Friday   ,Safari ,Desktop,UK     ,Organic Search,/about        ,2942,1821,1121,3155,9535,0.6,546,390,0.1,41324.2,14,2026-06-03
26-11-2025,Wednesday,Firefox,Mobile ,France ,Social Media  ,/products     ,2046,1675,371,2129,2669,0.8,53.4,100,0,19662.5,9.6,2025-11-26
26-10-2025,Sunday   ,Chrome ,Mobile ,UAE    ,Direct        ,/home         ,2660,1249,1411,2871,12730,0.7,49,408,0.2,47644.6,17.9,2025-10-26
30-10-2025,Thursday ,Safari ,Mobile ,UAE    ,Direct        ,/blog         ,2876,1413,1463,3208,13505,0.3,376.8,458,0.2,88930.2,30.9,2025-10-30
27-11-2025,Thursday ,Chrome ,Tablet ,USA    ,Paid Search   ,/landing-promo,1862,1631,231,1922,2884,0.7,140.7,308,0.2,48616.9,26.1,2025-11-27
29-01-2026,Thursday ,Chrome ,Desktop,India  ,Paid Search   ,/contact      ,2801,2323,478,2929,9801,0.7,327.3,363,0.1,20327,7.3,2026-01-29
17-12-2025,Wednesday,Safari ,Desktop,UAE    ,Direct        ,/products     ,5689,3605,2084,6102,16699,0.4,561.4,935,0.2,81120.3,14.3,2025-12-17
03-11-2025,Monday   ,Chrome ,Desktop,India  ,Social Media  ,/about        ,1410,1097,313,1515,6709,0.4,120.9,61,0,4032.4,2.9,2025-03-11
03-01-2026,Saturday ,Chrome ,Mobile ,Germany,Direct        ,/products     ,3710,2286,1424,4177,16799,0.4,276.2,524,0.1,0,0,2026-03-01
09-01-2026,Friday   ,Safari ,Desktop,UK     ,Paid Search   ,/contact      ,2526,2161,365,2812,8703,0.4,540.1,391,0.2,61996.9,24.5,2026-09-01
16-12-2025,Tuesday  ,Safari ,Desktop,Germany,Organic Search,/landing-promo,5305,3196,2109,5497,17681,0.6,468.7,754,0.1,94181.8,17.8,2025-12-16
27-11-2025,Thursday ,Chrome ,Desktop,Canada ,Paid Search   ,/home         ,1749,1567,182,1952,3876,0.6,320.9,275,0.2,55392.9,31.7,2025-11-27
26-10-2025,Sunday   ,Firefox,Desktop,India  ,Organic Search,/products     ,3626,2352,1274,3785,8921,0.6,244.6,469,0.1,44845.5,12.4,2025-10-26
18-02-2026,Wednesday,Chrome ,Mobile ,Germany,Social Media  ,/about        ,2310,1798,512,2489,7002,0.6,89.4,116,0.1,28979.6,12.5,2026-02-18
29-01-2026,Thursday ,Chrome ,Tablet ,UK     ,Organic Search,/landing-promo,1126,771,355,1152,2371,0.4,219,137,0.1,22596.4,20.1,2026-01-29
17-01-2026,Saturday ,Safari ,Desktop,USA    ,Social Media  ,/contact      ,1667,1451,216,1686,6676,0.6,295.1,142,0.1,46343.9,27.8,2026-01-17
30-10-2025,Thursday ,Chrome ,Mobile ,UAE    ,Social Media  ,/home         ,2602,2208,394,2909,9765,0.5,72.4,171,0.1,35847.9,13.8,2025-10-30
11-02-2026,Wednesday,Chrome ,Mobile ,India  ,Paid Search   ,/landing-promo,3861,3337,524,4043,14436,0.4,171.7,498,0.1,17545.3,4.5,2026-11-02
09-12-2025,Tuesday  ,Chrome ,Desktop,Germany,Direct        ,/pricing      ,2174,995,1179,2307,4325,0.3,504.5,331,0.2,26983.5,12.4,2025-09-12
02-10-2025,Thursday ,Chrome ,Desktop,USA    ,Direct        ,/blog         ,747,377,370,776,2501,0.5,761.6,115,0.2,21281.5,28.5,2025-02-10
08-12-2025,Monday   ,Chrome ,Desktop,Germany,Email         ,/blog         ,1731,921,810,1888,7288,0.6,684.6,311,0.2,69714.4,40.3,2025-08-12
22-11-2025,Saturday ,Safari ,Desktop,USA    ,Paid Search   ,/products     ,2642,2325,317,2999,9279,0.4,482.8,425,0.2,38696.9,14.6,2025-11-22
03-10-2025,Friday   ,Safari ,Mobile ,UK     ,Organic Search,/contact      ,882,587,295,1001,1785,0.6,105.7,109,0.1,28442,32.2,2025-03-10
01-01-2026,Thursday ,Safari ,Tablet ,India  ,Paid Search   ,/landing-promo,4102,3371,731,4302,14248,0.4,323.6,515,0.1,46652,11.4,2026-01-01
10-01-2026,Saturday ,Chrome ,Desktop,Canada ,Direct        ,/landing-promo,3186,1382,1804,3388,7374,0.4,315.6,487,0.2,105046.8,33,2026-10-01
19-03-2026,Thursday ,Chrome ,Desktop,India  ,Direct        ,/about        ,2907,1569,1338,3187,8902,0.5,434.1,345,0.1,18046.9,6.2,2026-03-19
18-10-2025,Saturday ,Chrome ,Mobile ,USA    ,Organic Search,/contact      ,3590,2302,1288,3911,9230,0.4,154.7,510,0.1,150685.6,42,2025-10-18
28-01-2026,Wednesday,Safari ,Tablet ,USA    ,Social Media  ,/contact      ,2057,1824,233,2157,9164,0.5,291.5,163,0.1,47188.2,22.9,2026-01-28
07-01-2026,Wednesday,Firefox,Mobile ,USA    ,Paid Search   ,/about        ,1832,1405,427,2059,5640,0.8,109.2,283,0.2,72981.5,39.8,2026-07-01
15-02-2026,Sunday   ,Chrome ,Tablet ,India  ,Paid Search   ,/home         ,591,523,68,612,2004,0.4,267.8,76,0.1,4005.1,6.8,2026-02-15
26-03-2026,Thursday ,Chrome ,Mobile ,Germany,Paid Search   ,/landing-promo,4729,4134,595,4847,17568,0.6,200.5,742,0.2,0,12.3,2026-03-26
04-02-2026,Wednesday,Chrome ,Mobile ,India  ,Organic Search,/landing-promo,2491,1564,927,2511,3181,0.7,181.2,258,0.1,15125.3,6.1,2026-04-02
07-10-2025,Tuesday  ,Safari ,Mobile ,Canada ,Paid Search   ,/about        ,2543,2236,307,2711,11866,0.4,210.8,391,0.2,37794,14.9,2025-07-10
10-02-2026,Tuesday  ,Chrome ,Tablet ,USA    ,Organic Search,/blog         ,5386,3430,1956,6126,15123,0.5,151.1,825,0.2,93586.9,17.4,2026-10-02
09-11-2025,Sunday   ,Firefox,Desktop,India  ,Paid Search   ,/products     ,3477,2625,852,3885,13590,0.4,234.8,506,0.1,18903.3,5.4,2025-09-11
15-12-2025,Monday   ,Safari ,Tablet ,India  ,Organic Search,/landing-promo,3067,1951,1116,3169,7791,0.4,368.4,339,0.1,18386.9,6,2025-12-15
29-10-2025,Wednesday,Edge   ,Mobile ,Canada ,Referral      ,/products     ,1442,1156,286,1538,1758,0.4,191.6,161,0.1,30222.5,21,2025-10-29
20-10-2025,Monday   ,Safari ,Desktop,India  ,Email         ,/contact      ,304,165,139,320,866,0.3,563.4,47,0.2,4290.6,14.1,2025-10-20
18-11-2025,Tuesday  ,Safari ,Desktop,UAE    ,Referral      ,/pricing      ,1911,1618,293,2166,8060,0.4,191.5,250,0.1,22447,11.7,2025-11-18
03-04-2026,Wednesday,Chrome ,Tablet ,USA    ,Social Media  ,/blog         ,3587,2851,736,3926,16064,0.7,258.1,303,0.1,70796.8,19.7,2026-03-04
15-10-2025,Wednesday,Safari ,Mobile ,Canada ,Social Media  ,/blog         ,2722,2317,405,2801,10270,0.6,221.2,165,0.1,19375.8,7.1,2025-10-15
03-02-2026,Tuesday  ,Chrome ,Mobile ,USA    ,Organic Search,/blog         ,3331,2091,1240,3755,12662,0.6,187.1,511,0.2,150464.3,45.2,2026-03-02
03-10-2025,Friday   ,Safari ,Mobile ,USA    ,Paid Search   ,/pricing      ,5630,4893,737,5647,13693,0.6,157.8,917,0.2,270852.2,48.1,2025-03-10
15-10-2025,Wednesday,Chrome ,Desktop,USA    ,Organic Search,/landing-promo,4026,2655,1371,4405,12173,0.5,319.4,610,0.2,125430.2,31.2,2025-10-15
18-12-2025,Thursday ,Firefox,Desktop,India  ,Paid Search   ,/about        ,5381,4045,1336,5898,13864,0.4,402,724,0.1,67367.9,12.5,2025-12-18
24-11-2025,Monday   ,Chrome ,Desktop,USA    ,Organic Search,/contact      ,1941,1182,759,1974,7532,0.4,529.6,294,0.2,21010.5,10.8,2025-11-24
20-01-2026,Tuesday  ,Chrome ,Mobile ,USA    ,Paid Search   ,/home         ,2245,1934,311,2409,9985,0.5,285.6,367,0.2,59920.9,26.7,2026-01-20
11-11-2025,Tuesday  ,Chrome ,Desktop,India  ,Direct        ,/pricing      ,2665,1687,978,2990,3831,0.5,363.5,304,0.1,25024.8,9.4,2025-11-11
14-02-2026,Saturday ,Chrome ,Desktop,Germany,Social Media  ,/about        ,2632,2324,308,2939,11543,0.5,168.4,209,0.1,41319.4,15.7,2026-02-14
05-11-2025,Wednesday,Chrome ,Desktop,India  ,Organic Search,/home         ,4171,3001,1170,4487,18319,0.6,578.4,483,0.1,48088.7,11.5,2025-05-11
11-02-2026,Wednesday,Chrome ,Mobile ,UAE    ,Organic Search,/products     ,1998,1300,698,2045,4640,0.6,191.4,269,0.1,16698.3,8.4,2026-11-02
05-01-2026,Monday   ,Firefox,Desktop,USA    ,Paid Search   ,/home         ,926,724,202,936,3447,0.7,0,153,0.2,39129.9,42.3,2026-05-01
08-11-2025,Saturday ,Chrome ,Desktop,UK     ,Social Media  ,/landing-promo,2858,2247,611,3083,11983,0.6,301.9,178,0.1,12128.7,4.2,2025-08-11
20-11-2025,Thursday ,Firefox,Desktop,USA    ,Social Media  ,/landing-promo,3281,2872,409,3649,15439,0.7,198.1,314,0.1,46917,14.3,2025-11-20
04-02-2026,Wednesday,Chrome ,Desktop,UAE    ,Organic Search,/contact      ,4574,3389,1185,5067,16163,0.3,281.8,747,0.2,151438.6,33.1,2026-04-02
27-02-2026,Friday   ,Safari ,Mobile ,India  ,Organic Search,/about        ,2449,1574,875,2556,4516,0.5,265.6,256,0.1,14617.3,6,2026-02-27
21-12-2025,Sunday   ,Safari ,Mobile ,UK     ,Organic Search,/landing-promo,1199,949,250,1364,4583,0.4,167.1,160,0.1,8378,7,2025-12-21
03-10-2025,Friday   ,Safari ,Mobile ,UK     ,Paid Search   ,/pricing      ,4438,3369,1069,5100,16201,0.6,147.7,686,0.2,135207.8,30.5,2025-03-10
09-01-2026,Friday   ,Safari ,Desktop,USA    ,Direct        ,/about        ,1091,638,453,1146,3285,0.3,458.8,175,0.2,20904,19.2,2026-09-01
09-11-2025,Sunday   ,Chrome ,Mobile ,Japan  ,Social Media  ,/blog         ,1352,1184,168,1461,2982,0.8,76.2,93,0.1,7699,5.7,2025-09-11
10-03-2026,Tuesday  ,Chrome ,Mobile ,UAE    ,Paid Search   ,/about        ,2019,1689,330,2054,3433,0.5,263.4,331,0.2,89186,44.2,2026-10-03
23-01-2026,Friday   ,Chrome ,Mobile ,UK     ,Organic Search,/products     ,3998,2504,1494,4139,11611,0.7,228.8,571,0.1,0,0,2026-01-23
20-10-2025,Monday   ,Chrome ,Desktop,France ,Organic Search,/pricing      ,2497,1512,985,2662,9856,0.6,571.1,324,0.1,27605.5,11.1,2025-10-20
04-02-2026,Wednesday,Chrome ,Desktop,Germany,Direct        ,/landing-promo,1217,507,710,1274,4557,0.6,406,189,0.2,43332.5,35.6,2026-04-02
11-12-2025,Thursday ,Edge   ,Mobile ,India  ,Organic Search,/home         ,482,361,121,519,584,0.6,67.9,47,0.1,3650,7.6,2025-11-12
26-01-2026,Monday   ,Chrome ,Mobile ,UK     ,Organic Search,/about        ,3609,2274,1335,3613,4992,0.6,0,522,0.1,83032.3,23,2026-01-26
07-03-2026,Saturday ,Firefox,Desktop,UAE    ,Organic Search,/pricing      ,3410,2286,1124,3509,7148,0.5,210.1,538,0.2,100598.5,29.5,2026-07-03
25-02-2026,Wednesday,Chrome ,Mobile ,Germany,Organic Search,/products     ,3135,1998,1137,3319,14441,0.4,84.8,461,0.1,45655.9,14.6,2026-02-25
24-12-2025,Wednesday,Chrome ,Desktop,Germany,Paid Search   ,/landing-promo,6283,5307,976,6805,8627,0.7,425.1,1038,0.2,98564.2,15.7,2025-12-24
26-11-2025,Wednesday,Safari ,Desktop,France ,Social Media  ,/blog         ,3436,2731,705,3921,15739,0.6,337.3,213,0.1,32914.7,9.6,2025-11-26
22-12-2025,Monday   ,Chrome ,Mobile ,UAE    ,Social Media  ,/blog         ,1363,1059,304,1385,5499,0.8,85,94,0.1,20619.9,15.1,2025-12-22
28-12-2025,Sunday   ,Chrome ,Desktop,Germany,Organic Search,/contact      ,2112,1681,431,2132,9456,0.4,282,288,0.1,65625.5,31.1,2025-12-28
05-03-2026,Thursday ,Chrome ,Mobile ,UK     ,Paid Search   ,/about        ,5289,4500,789,5691,12280,0.6,266,855,0.2,166959.5,31.6,2026-05-03
15-02-2026,Sunday   ,Safari ,Mobile ,France ,Organic Search,/landing-promo,2573,2047,526,2898,11642,0.5,72.5,291,0.1,46666.1,18.1,2026-02-15
12-12-2025,Friday   ,Chrome ,Mobile ,USA    ,Paid Search   ,/pricing      ,4540,3910,630,4930,15141,0.7,78.5,813,0.2,144051.9,31.7,2025-12-12
29-11-2025,Saturday ,Firefox,Desktop,UAE    ,Paid Search   ,/blog         ,3384,2818,566,3864,13751,0.6,255.7,596,0.2,99114.2,29.3,2025-11-29
20-11-2025,Thursday ,Chrome ,Tablet ,USA    ,Organic Search,/contact      ,4788,3721,1067,4945,19311,0.6,308.7,734,0.2,114914.2,24,2025-11-20
01-01-2026,Thursday ,Chrome ,Desktop,India  ,Direct        ,/landing-promo,2041,1321,720,2043,4904,0.3,349.6,244,0.1,10017.1,4.9,2026-01-01
22-01-2026,Thursday ,Safari ,Mobile ,USA    ,Direct        ,/home         ,647,404,243,730,1247,0.5,96.6,96,0.1,6723.5,10.4,2026-01-22
13-02-2026,Friday   ,Firefox,Mobile ,Germany,Organic Search,/home         ,3699,2711,988,3940,16955,0.4,285.5,524,0.1,124007.7,33.5,2026-02-13
25-01-2026,Sunday   ,Chrome ,Mobile ,France ,Organic Search,/about        ,2950,2013,937,3044,5884,0.5,48,331,0.1,46279.3,15.7,2026-01-25
28-10-2025,Tuesday  ,Chrome ,Desktop,USA    ,Direct        ,/products     ,5983,2534,3449,6479,10280,0.6,267.8,1018,0.2,164691.4,27.5,2025-10-28
26-01-2026,Monday   ,Unknown,Desktop,UK     ,Organic Search,/home         ,1589,1221,368,1739,4182,0.6,175.5,234,0.1,59432.9,37.4,2026-01-26
19-03-2026,Thursday ,Chrome ,Tablet ,India  ,Organic Search,/pricing      ,2964,2104,860,3051,12495,0.4,296.2,276,0.1,6362.8,2.1,2026-03-19
24-01-2026,Saturday ,Safari ,Mobile ,USA    ,Organic Search,/pricing      ,2063,1472,591,2171,3271,0.6,47.3,276,0.1,79668.4,38.6,2026-01-24
16-10-2025,Thursday ,Chrome ,Desktop,Japan  ,Direct        ,/blog         ,1407,692,715,1460,6567,0.6,622.1,213,0.2,27397.2,19.5,2025-10-16
07-01-2026,Wednesday,Chrome ,Desktop,USA    ,Direct        ,/contact      ,3081,1822,1259,3461,10180,0.6,191.5,494,0.2,114208.1,37.1,2026-07-01
14-12-2025,Sunday   ,Firefox,Desktop,Germany,Organic Search,/about        ,2582,1987,595,2672,9779,0.5,443.6,347,0.1,44986.1,17.4,2025-12-14
30-11-2025,Sunday   ,Chrome ,Tablet ,Germany,Referral      ,/blog         ,2245,1912,333,2439,7179,0.4,123.2,275,0.1,25460.4,11.3,2025-11-30
04-01-2026,Sunday   ,Firefox,Mobile ,USA    ,Referral      ,/pricing      ,1690,1520,170,1879,2777,0.7,287.9,236,0.1,66329.7,39.2,2026-04-01
18-03-2026,Wednesday,Chrome ,Mobile ,India  ,Social Media  ,/products     ,841,672,169,842,3150,0.6,156.2,27,0,1424.1,1.7,2026-03-18
09-10-2025,Thursday ,Chrome ,Mobile ,India  ,Referral      ,/products     ,3776,2939,837,4305,14179,0.5,151.6,352,0.1,26621.7,7.1,2025-09-10
18-01-2026,Sunday   ,Firefox,Tablet ,Germany,Organic Search,/home         ,992,603,389,1101,3030,0.3,151.1,129,0.1,10232.6,10.3,2026-01-18
07-10-2025,Tuesday  ,Chrome ,Mobile ,India  ,Social Media  ,/pricing      ,4038,3319,719,4582,6526,0.5,123.5,186,0,20445.4,5.1,2025-07-10
11-11-2025,Tuesday  ,Edge   ,Desktop,USA    ,Social Media  ,/about        ,2435,2186,249,2768,8031,0.8,267.2,205,0.1,19791,8.1,2025-11-11
21-10-2025,Tuesday  ,Chrome ,Mobile ,France ,Organic Search,/products     ,1690,1032,658,1741,6198,0.5,216.7,205,0.1,29195.4,17.3,2025-10-21
06-12-2025,Saturday ,Chrome ,Mobile ,France ,Organic Search,/contact      ,1795,1420,375,2039,3776,0.4,256.5,209,0.1,39877.9,22.2,2025-06-12
09-01-2026,Friday   ,Chrome ,Desktop,Germany,Direct        ,/about        ,1042,473,569,1158,4912,0.6,736.3,157,0.2,16540.1,15.9,2026-09-01
15-10-2025,Wednesday,Chrome ,Mobile ,UAE    ,Organic Search,/blog         ,2020,1469,551,2170,7933,0.4,80.4,282,0.1,75994.7,37.6,2025-10-15
28-01-2026,Wednesday,Safari ,Mobile ,UAE    ,Paid Search   ,/products     ,1367,1036,331,1548,4673,0.7,263.6,230,0.2,32750.2,24,2026-01-28
21-11-2025,Friday   ,Firefox,Mobile ,UK     ,Organic Search,/contact      ,4467,3403,1064,4987,18603,0.4,81.2,664,0.1,106768.3,23.9,2025-11-21
29-12-2025,Monday   ,Chrome ,Desktop,UK     ,Direct        ,/about        ,4345,2409,1936,4879,17106,0.5,133.1,726,0.2,188433.7,43.4,2025-12-29
27-10-2025,Monday   ,Safari ,Desktop,India  ,Paid Search   ,/pricing      ,4978,4410,568,5609,14808,0.7,179.4,733,0.1,24360.1,4.9,2025-10-27
27-01-2026,Tuesday  ,Firefox,Desktop,India  ,Organic Search,/contact      ,5470,3491,1979,5550,10130,0.3,244.2,685,0.1,51560,9.4,2026-01-27
02-01-2026,Friday   ,Safari ,Desktop,USA    ,Organic Search,/landing-promo,4158,3111,1047,4717,15192,0.6,351.3,655,0.2,78831.5,19,2026-02-01
18-02-2026,Wednesday,Chrome ,Desktop,USA    ,Social Media  ,/pricing      ,3079,2401,678,3115,6139,0.6,290.5,284,0.1,37794.1,12.3,2026-02-18
02-11-2025,Sunday   ,Chrome ,Desktop,India  ,Organic Search,/contact      ,534,334,200,544,1119,0.3,163.9,63,0.1,2684,5,2025-02-11
07-11-2025,Friday   ,Safari ,Mobile ,Canada ,Paid Search   ,/pricing      ,525,452,73,544,1278,0.4,250.8,82,0.2,5704.2,10.9,2025-07-11
14-01-2026,Wednesday,Chrome ,Mobile ,Germany,Organic Search,/landing-promo,2263,1729,534,2530,2768,0.4,255.6,305,0.1,50841.5,22.5,2026-01-14
30-11-2025,Sunday   ,Chrome ,Desktop,Germany,Social Media  ,/about        ,2196,1767,429,2406,2659,0.7,226.3,170,0.1,35191.8,16,2025-11-30
13-10-2025,Monday   ,Chrome ,Desktop,India  ,Email         ,/about        ,318,182,136,360,1270,0.3,168.1,49,0.2,3709.7,11.7,2025-10-13
13-11-2025,Thursday ,Chrome ,Desktop,Canada ,Referral      ,/products     ,2905,2328,577,3321,12705,0.5,503.7,382,0.1,38067.5,13.1,2025-11-13
05-10-2025,Sunday   ,Chrome ,Mobile ,UK     ,Email         ,/about        ,1438,891,547,1625,4653,0.5,284.5,244,0.2,51581.5,35.9,2025-05-10
27-11-2025,Thursday ,Safari ,Desktop,Germany,Organic Search,/home         ,517,353,164,553,1820,0.5,256.6,73,0.1,15608.4,30.2,2025-11-27
09-11-2025,Sunday   ,Chrome ,Mobile ,India  ,Organic Search,/blog         ,569,389,180,601,1810,0.6,158.3,52,0.1,2763.4,4.9,2025-09-11
03-04-2026,Wednesday,Safari ,Mobile ,India  ,Organic Search,/pricing      ,2390,1669,721,2701,11140,0.6,84.5,249,0.1,27261.1,11.4,2026-03-04
24-03-2026,Tuesday  ,Chrome ,Mobile ,Germany,Organic Search,/home         ,2939,2027,912,3295,12837,0.5,70.5,353,0.1,80342.7,27.3,2026-03-24
08-01-2026,Thursday ,Firefox,Mobile ,UAE    ,Email         ,/pricing      ,1661,1000,661,1830,6225,0.3,270.8,296,0.2,33155.2,20,2026-08-01
17-03-2026,Tuesday  ,Chrome ,Mobile ,Japan  ,Organic Search,/products     ,1403,1097,306,1440,2910,0.4,105.4,170,0.1,29565.5,21.1,2026-03-17
23-03-2026,Monday   ,Safari ,Desktop,UK     ,Paid Search   ,/home         ,1846,1494,352,2109,3236,0.5,422.3,299,0.2,72350.6,39.2,2026-03-23
14-10-2025,Tuesday  ,Chrome ,Mobile ,India  ,Organic Search,/products     ,3038,2338,700,3073,14125,0.4,82.7,316,0.1,6174.7,2,2025-10-14
22-02-2026,Sunday   ,Chrome ,Desktop,India  ,Organic Search,/about        ,1168,755,413,1215,2341,0.4,425.5,134,0.1,9702.8,8.3,2026-02-22
07-02-2026,Saturday ,Firefox,Tablet ,USA    ,Organic Search,/pricing      ,2987,1858,1129,3006,6928,0.6,193.3,394,0.1,86178.3,28.9,2026-07-02
30-10-2025,Thursday ,Firefox,Mobile ,USA    ,Paid Search   ,/products     ,3963,3229,734,4158,11687,0.7,83.9,698,0.2,65580.8,16.5,2025-10-30
23-12-2025,Tuesday  ,Chrome ,Desktop,France ,Paid Search   ,/landing-promo,2863,2186,677,3283,4127,0.6,194.2,428,0.1,51868.2,18.1,2025-12-23
16-02-2026,Monday   ,Firefox,Mobile ,India  ,Organic Search,/pricing      ,3020,2307,713,3055,6573,0.5,275,350,0.1,31652.2,10.5,2026-02-16
01-01-2026,Thursday ,Chrome ,Tablet ,USA    ,Organic Search,/home         ,4367,2804,1563,4747,11386,0.3,177.7,640,0.1,0,0,2026-01-01
22-01-2026,Thursday ,Chrome ,Desktop,India  ,Organic Search,/pricing      ,3216,2200,1016,3407,12233,0.6,478,356,0.1,9703.6,3,2026-01-22
10-03-2026,Tuesday  ,Firefox,Mobile ,France ,Direct        ,/about        ,4737,2490,2247,5344,11889,0.5,363.1,655,0.1,85445.5,18,2026-10-03
07-10-2025,Tuesday  ,Safari ,Mobile ,USA    ,Organic Search,/products     ,3550,2157,1393,3736,15805,0.6,124.1,563,0.2,138055.1,38.9,2025-07-10
07-10-2025,Tuesday  ,Edge   ,Mobile ,UK     ,Organic Search,/about        ,5022,3369,1653,5181,23193,0.5,231.1,719,0.1,100968.4,20.1,2025-07-10
02-10-2025,Thursday ,Safari ,Mobile ,UK     ,Email         ,/about        ,614,246,368,640,2512,0.3,388.4,105,0.2,23987.9,39.1,2025-02-10
21-01-2026,Wednesday,Safari ,Desktop,USA    ,Referral      ,/home         ,1283,1038,245,1435,5643,0.5,314.3,184,0.1,21296.2,16.6,2026-01-21
02-02-2026,Monday   ,Firefox,Mobile ,Canada ,Paid Search   ,/landing-promo,5350,4541,809,5395,15250,0.6,206.3,821,0.2,70877,13.2,2026-02-02
16-10-2025,Thursday ,Safari ,Mobile ,UK     ,Organic Search,/about        ,1151,755,396,1290,4401,0.5,111.4,152,0.1,16118,14,2025-10-16
28-01-2026,Wednesday,Chrome ,Desktop,Japan  ,Direct        ,/contact      ,1854,1013,841,1926,3065,0.3,141.8,281,0.2,56068.5,30.2,2026-01-28
18-12-2025,Thursday ,Safari ,Mobile ,Canada ,Referral      ,/blog         ,2815,2385,430,3175,4877,0.5,117.6,364,0.1,25164.4,8.9,2025-12-18
22-03-2026,Sunday   ,Chrome ,Mobile ,Canada ,Direct        ,/pricing      ,1902,952,950,2143,3118,0.5,266.4,248,0.1,21973.5,11.6,2026-03-22
30-12-2025,Tuesday  ,Safari ,Mobile ,USA    ,Direct        ,/landing-promo,4688,1875,2813,5163,13138,0.4,192.8,737,0.2,111550.1,23.8,2025-12-30
16-10-2025,Thursday ,Chrome ,Mobile ,India  ,Organic Search,/blog         ,2072,1458,614,2256,8075,0.4,89.5,215,0.1,19220.3,9.3,2025-10-16
08-03-2026,Sunday   ,Chrome ,Mobile ,USA    ,Direct        ,/blog         ,2513,1619,894,2857,3922,0.4,109.2,392,0.2,80525.9,32,2026-08-03
19-12-2025,Friday   ,Safari ,Desktop,USA    ,Email         ,/landing-promo,341,157,184,375,1636,0.3,146.6,61,0.2,16625.3,48.8,2025-12-19
12-03-2026,Thursday ,Firefox,Mobile ,Japan  ,Direct        ,/contact      ,5684,2296,3388,6083,8539,0.3,148.6,873,0.2,74720.6,13.1,2026-12-03
23-02-2026,Monday   ,Chrome ,Mobile ,Canada ,Direct        ,/blog         ,3047,1957,1090,3322,12951,0.3,221.1,438,0.1,68094.6,22.3,2026-02-23
04-12-2025,Thursday ,Firefox,Mobile ,India  ,Organic Search,/landing-promo,5427,3495,1932,5666,13284,0.5,126.3,556,0.1,18857.1,3.5,2025-04-12
09-12-2025,Tuesday  ,Chrome ,Mobile ,Canada ,Referral      ,/home         ,1206,943,263,1308,5364,0.5,250.2,142,0.1,21265,17.6,2025-09-12
26-03-2026,Thursday ,Chrome ,Mobile ,India  ,Direct        ,/landing-promo,1505,739,766,1618,5604,0.4,249,157,0.1,3863.6,2.6,2026-03-26
27-10-2025,Monday   ,Safari ,Desktop,UK     ,Email         ,/contact      ,1914,1126,788,2146,3121,0.5,541.1,344,0.2,16311.1,8.5,2025-10-27
22-01-2026,Thursday ,Firefox,Mobile ,Germany,Direct        ,/landing-promo,1219,764,455,1276,3193,0.7,289.9,178,0.1,17383.8,14.3,2026-01-22
23-10-2025,Thursday ,Chrome ,Tablet ,UK     ,Organic Search,/about        ,863,542,321,909,4140,0.4,139.4,112,0.1,11981.6,13.9,2025-10-23
12-11-2025,Wednesday,Chrome ,Desktop,USA    ,Direct        ,/about        ,1576,952,624,1768,4448,0.3,158.9,260,0.2,75262.3,47.8,2025-12-11
20-10-2025,Monday   ,Chrome ,Tablet ,France ,Organic Search,/landing-promo,2249,1447,802,2282,4914,0.7,403.6,253,0.1,50284,22.4,2025-10-20
30-01-2026,Friday   ,Chrome ,Desktop,Canada ,Organic Search,/blog         ,4976,3008,1968,5275,22196,0.6,392.8,773,0.2,176387.3,35.4,2026-01-30
26-11-2025,Wednesday,Chrome ,Desktop,UK     ,Email         ,/products     ,2059,903,1156,2247,6329,0.5,429.3,356,0.2,60057.6,29.2,2025-11-26
10-01-2026,Saturday ,Chrome ,Mobile ,India  ,Organic Search,/blog         ,1989,1328,661,2194,5637,0.7,204.4,216,0.1,15115.4,7.6,2026-10-01
01-02-2026,Sunday   ,Safari ,Desktop,India  ,Referral      ,/about        ,319,266,53,340,1410,0.3,224.9,31,0.1,2694.2,8.4,2026-01-02
22-03-2026,Sunday   ,Edge   ,Desktop,UAE    ,Direct        ,/pricing      ,1098,556,542,1184,2180,0.6,126.8,169,0.2,16768.2,15.3,2026-03-22
23-10-2025,Thursday ,Firefox,Mobile ,UK     ,Organic Search,/blog         ,2296,1591,705,2407,7568,0.7,155.4,283,0.1,63417.3,27.6,2025-10-23
16-02-2026,Monday   ,Chrome ,Mobile ,UK     ,Paid Search   ,/about        ,5953,5069,884,6125,15321,0.4,144.7,958,0.2,214511.5,36,2026-02-16
01-17-2026,Saturday ,Safari ,Desktop,Germany,Direct        ,/landing-promo,3974,1838,2136,4099,6808,0.4,294.1,599,0.2,117429.7,29.5,2026-01-17
04-02-2026,Wednesday,Chrome ,Tablet ,India  ,Organic Search,/landing-promo,2602,1721,881,2610,10731,0.4,402.9,276,0.1,15204.4,5.8,2026-04-02
18-03-2026,Wednesday,Chrome ,Mobile ,India  ,Paid Search   ,/home         ,5848,4767,1081,6572,22280,0.8,295.4,810,0.1,61071.8,10.4,2026-03-18
23-10-2025,Thursday ,Chrome ,Desktop,Germany,Paid Search   ,/blog         ,2331,1905,426,2395,6163,0.5,246.8,388,0.2,32793.4,14.1,2025-10-23
14-10-2025,Tuesday  ,Unknown,Desktop,UAE    ,Organic Search,/about        ,2754,2015,739,3013,12115,0.4,586.4,419,0.2,105245.4,38.2,2025-10-14
02-12-2025,Tuesday  ,Chrome ,Desktop,Japan  ,Direct        ,/home         ,3003,1479,1524,3426,10917,0.3,254.5,466,0.2,81780.2,27.2,2025-02-12
17-02-2026,Tuesday  ,Firefox,Mobile ,UK     ,Social Media  ,/blog         ,2286,1833,453,2517,3131,0.6,111.1,129,0.1,12830.6,5.6,2026-02-17
14-12-2025,Sunday   ,Chrome ,Desktop,Germany,Social Media  ,/pricing      ,1527,1340,187,1660,6916,0.4,225.4,109,0.1,26105.3,17.1,2025-12-14
29-11-2025,Saturday ,Safari ,Mobile ,UK     ,Organic Search,/blog         ,551,405,146,593,790,0.3,229.6,66,0.1,11185.5,20.3,2025-11-29
10-10-2025,Friday   ,Chrome ,Mobile ,UAE    ,Referral      ,/blog         ,1885,1658,227,2015,8141,0.7,150.4,235,0.1,44089.3,23.4,2025-10-10
12-12-2025,Friday   ,Chrome ,Mobile ,Japan  ,Organic Search,/pricing      ,4440,3237,1203,5015,9532,0.7,74.7,584,0.1,100130.6,22.6,2025-12-12
01-11-2025,Saturday ,Safari ,Mobile ,India  ,Organic Search,/pricing      ,531,411,120,557,1956,0.5,173.1,50,0.1,1379.9,2.6,2025-01-11
14-03-2026,Saturday ,Chrome ,Desktop,India  ,Paid Search   ,/home         ,1024,821,203,1121,4779,0.7,0,132,0.1,13337.6,13,2026-03-14
19-01-2026,Monday   ,Chrome ,Mobile ,Japan  ,Organic Search,/products     ,1634,1281,353,1795,2894,0.7,51.6,228,0.1,29910,18.3,2026-01-19
03-01-2026,Saturday ,Firefox,Mobile ,Germany,Paid Search   ,/home         ,1103,962,141,1132,4896,0.7,113.4,166,0.2,18474.8,16.7,2026-03-01
03-10-2025,Friday   ,Chrome ,Desktop,India  ,Direct        ,/pricing      ,4086,1814,2272,4448,5657,0.6,290,535,0.1,22933.2,5.6,2025-03-10
28-09-2025,Sunday   ,Chrome ,Desktop,India  ,Direct        ,/pricing      ,2646,1139,1507,2920,8229,0.5,159.6,302,0.1,20089.9,7.6,2025-09-28
02-02-2026,Monday   ,Chrome ,Desktop,Japan  ,Paid Search   ,/contact      ,1927,1510,417,1994,6908,0.5,581.6,297,0.2,38835.2,20.2,2026-02-02
03-11-2025,Monday   ,Chrome ,Desktop,USA    ,Referral      ,/pricing      ,2104,1727,377,2128,6573,0.3,418.6,296,0.1,71193.2,33.8,2025-03-11
03-01-2026,Saturday ,Chrome ,Tablet ,India  ,Paid Search   ,/pricing      ,2474,2128,346,2830,3505,0.4,292.7,276,0.1,16754.8,6.8,2026-03-01
01-10-2025,Wednesday,Chrome ,Mobile ,Canada ,Organic Search,/landing-promo,4049,2581,1468,4431,10284,0.6,111,527,0.1,128509.9,31.7,2025-01-10
20-02-2026,Friday   ,Safari ,Mobile ,UK     ,Direct        ,/contact      ,1325,558,767,1351,4026,0.6,213.5,182,0.1,41100.8,31,2026-02-20
30-11-2025,Sunday   ,Firefox,Desktop,India  ,Direct        ,/landing-promo,1350,756,594,1371,3159,0.2,323.5,155,0.1,5321.2,3.9,2025-11-30
07-10-2025,Tuesday  ,Chrome ,Desktop,Germany,Organic Search,/contact      ,1280,987,293,1324,5926,0.3,447.1,184,0.1,31114.4,24.3,2025-07-10
04-10-2025,Saturday ,Safari ,Mobile ,India  ,Organic Search,/contact      ,836,631,205,942,2623,0.3,262.2,89,0.1,6093.1,7.3,2025-04-10
28-11-2025,Friday   ,Chrome ,Mobile ,India  ,Social Media  ,/products     ,2298,1752,546,2466,9981,0.8,165.7,85,0,8104.4,3.5,2025-11-28
13-03-2026,Friday   ,Safari ,Desktop,Germany,Social Media  ,/products     ,1908,1691,217,2130,2781,0.5,425,140,0.1,15253.3,8,2026-03-13
27-10-2025,Monday   ,Firefox,Mobile ,UK     ,Direct        ,/products     ,4274,2370,1904,4501,8829,0.3,308.9,664,0.2,163782.5,38.3,2025-10-27
09-10-2025,Thursday ,Safari ,Mobile ,UK     ,Social Media  ,/pricing      ,3648,3256,392,4171,13024,0.5,140.5,287,0.1,44210.6,12.1,2025-09-10
11-01-2026,Sunday   ,Edge   ,Desktop,UK     ,Direct        ,/products     ,2337,1064,1273,2469,7899,0.3,222.4,356,0.2,27111.3,11.6,2026-11-01
14-03-2026,Saturday ,Chrome ,Desktop,USA    ,Unknown       ,/home         ,2950,1835,1115,3080,3994,0.6,727.8,455,0.2,74175.4,25.1,2026-03-14
25-03-2026,Wednesday,Chrome ,Mobile ,USA    ,Direct        ,/home         ,2040,1316,724,2263,7035,0.4,289.7,300,0.1,59827.6,29.3,2026-03-25
13-01-2026,Tuesday  ,Chrome ,Desktop,India  ,Organic Search,/blog         ,3843,2543,1300,4028,12502,0.3,354.4,438,0.1,41873.8,10.9,2026-01-13
26-10-2025,Sunday   ,Chrome ,Mobile ,UAE    ,Organic Search,/pricing      ,1062,641,421,1189,2774,0.4,210.6,146,0.1,30546.9,28.8,2025-10-26
28-09-2025,Sunday   ,Safari ,Mobile ,UAE    ,Organic Search,/pricing      ,2971,2202,769,3393,13427,0.5,154.8,399,0.1,53477.6,18,2025-09-28
01-10-2025,Wednesday,Chrome ,Desktop,India  ,Organic Search,/about        ,2706,1879,827,3036,11968,0.3,216.1,280,0.1,8229.5,3,2025-01-10
02-11-2025,Sunday   ,Safari ,Mobile ,USA    ,Social Media  ,/blog         ,2127,1661,466,2309,8853,0.7,120.8,161,0.1,0,6.6,2025-02-11
23-01-2026,Friday   ,Chrome ,Mobile ,UK     ,Paid Search   ,/contact      ,4585,3810,775,4863,10280,0.8,286.6,751,0.2,94867,20.7,2026-01-23
29-09-2025,Monday   ,Safari ,Desktop,UAE    ,Paid Search   ,/products     ,4462,3657,805,4567,14788,0.4,453.8,803,0.2,219905.4,49.3,2025-09-29
03-10-2025,Friday   ,Chrome ,Mobile ,France ,Referral      ,/contact      ,2708,2115,593,2993,4603,0.5,164.7,305,0.1,46698.9,17.2,2025-03-10
10-02-2026,Tuesday  ,Firefox,Mobile ,Germany,Email         ,/contact      ,3094,1971,1123,3175,13779,0.4,166.9,556,0.2,129938.1,42,2026-10-02
23-11-2025,Sunday   ,Chrome ,Mobile ,UAE    ,Organic Search,/about        ,418,326,92,464,638,0.7,169,61,0.1,8686.7,20.8,2025-11-23
22-01-2026,Thursday ,Chrome ,Desktop,India  ,Direct        ,/blog         ,5045,2995,2050,5358,15335,0.4,601.5,703,0.1,48115.9,9.5,2026-01-22
10-12-2025,Wednesday,Chrome ,Desktop,Japan  ,Organic Search,/landing-promo,2003,1251,752,2006,6032,0.6,446.4,282,0.1,61576.6,30.7,2025-10-12
31-12-2025,Wednesday,Chrome ,Desktop,France ,Organic Search,/landing-promo,2131,1464,667,2329,3673,0.6,164.9,264,0.1,45281.5,21.2,2025-12-31
15-03-2026,Sunday   ,Chrome ,Tablet ,India  ,Referral      ,/home         ,997,837,160,1037,3590,0.6,133,95,0.1,5177.3,5.2,2026-03-15
28-11-2025,Friday   ,Chrome ,Tablet ,India  ,Organic Search,/products     ,3467,2376,1091,3736,14654,0.6,137.9,376,0.1,20709.7,6,2025-11-28
14-12-2025,Sunday   ,Chrome ,Tablet ,France ,Organic Search,/landing-promo,1312,822,490,1485,4556,0.6,91.5,165,0.1,19411,14.8,2025-12-14
22-03-2026,Sunday   ,Safari ,Desktop,India  ,Organic Search,/landing-promo,1041,786,255,1153,3631,0.5,296.5,114,0.1,11072,10.6,2026-03-22
12-03-2026,Thursday ,Safari ,Desktop,Germany,Paid Search   ,/contact      ,4909,4050,859,5294,19173,0.5,361.5,864,0.2,139347.1,28.4,2026-12-03
09-03-2026,Monday   ,Safari ,Mobile ,UAE    ,Social Media  ,/products     ,811,668,143,867,2786,0.6,127.9,50,0.1,8215.1,10.1,2026-09-03
05-12-2025,Friday   ,Chrome ,Mobile ,India  ,Social Media  ,/home         ,3087,2351,736,3489,9776,0.6,181.7,142,0,14128.6,4.6,2025-05-12
16-01-2026,Friday   ,Safari ,Mobile ,UAE    ,Organic Search,/home         ,2903,2166,737,2928,6818,0.7,89.6,404,0.1,19931.1,6.9,2026-01-16
12-11-2025,Wednesday,Chrome ,Mobile ,India  ,Email         ,/contact      ,1874,1009,865,1912,4987,0.3,198.7,253,0.1,13212.3,7.1,2025-12-11
04-10-2025,Saturday ,Safari ,Mobile ,Japan  ,Unknown       ,/products     ,713,633,80,802,3316,0.8,87.6,44,0.1,2496.1,3.5,2025-04-10
29-09-2025,Monday   ,Edge   ,Tablet ,UK     ,Organic Search,/about        ,4629,3629,1000,4963,21918,0.5,146.6,655,0.1,92922.2,20.1,2025-09-29
01-02-2026,Sunday   ,Chrome ,Desktop,USA    ,Paid Search   ,/blog         ,2278,1912,366,2497,5671,0.5,173.6,388,0.2,101382.9,44.5,2026-01-02
17-01-2026,Saturday ,Safari ,Desktop,USA    ,Paid Search   ,/landing-promo,591,467,124,658,1398,0.3,365.6,103,0.2,27954.8,47.3,2026-01-17
05-03-2026,Thursday ,Chrome ,Mobile ,USA    ,Paid Search   ,/contact      ,6355,5449,906,6535,26364,0.7,84.3,1068,0.2,89500.6,14.1,2026-05-03
09-01-2026,Friday   ,Chrome ,Desktop,Germany,Direct        ,/about        ,1042,473,569,1158,4912,0.6,736.3,157,0.2,16540.1,15.9,2026-09-01
16-11-2025,Sunday   ,Safari ,Desktop,Germany,Direct        ,/pricing      ,703,300,403,807,1225,0.4,771.5,112,0.2,22591.4,32.1,2025-11-16
01-12-2025,Monday   ,Chrome ,Mobile ,USA    ,Social Media  ,/blog         ,809,653,156,838,2527,0.6,101.2,57,0.1,13626,16.8,2025-01-12
02-12-2025,Tuesday  ,Safari ,Tablet ,India  ,Social Media  ,/landing-promo,1181,943,238,1194,3408,0.7,238.9,32,0,1913,1.6,2025-02-12
02-01-2026,Friday   ,Chrome ,Tablet ,India  ,Social Media  ,/products     ,1794,1509,285,1808,6676,0.7,194.6,71,0,7687.1,4.3,2026-02-01
06-12-2025,Saturday ,Safari ,Desktop,USA    ,Organic Search,/contact      ,506,374,132,552,1913,0.3,516.7,75,0.1,9094.5,18,2025-06-12
31-10-2025,Friday   ,Chrome ,Mobile ,India  ,Organic Search,/products     ,4004,2809,1195,4109,18645,0.7,236.4,443,0.1,13557.6,3.4,2025-10-31
23-10-2025,Thursday ,Safari ,Desktop,USA    ,Paid Search   ,/blog         ,5443,4803,640,5890,24727,0.5,335,979,0.2,137841.8,25.3,2025-10-23
04-12-2025,Thursday ,Chrome ,Mobile ,UK     ,Email         ,/pricing      ,689,326,363,774,2196,0.5,244.2,110,0.2,10585.4,15.4,2025-04-12
18-12-2025,Thursday ,Chrome ,Mobile ,USA    ,Social Media  ,/pricing      ,1870,1522,348,1917,5827,0.6,163.9,115,0.1,32190.9,17.2,2025-12-18
17-12-2025,Wednesday,Chrome ,Mobile ,USA    ,Direct        ,/landing-promo,1416,857,559,1513,2556,0.7,199.8,222,0.2,34908.1,24.7,2025-12-17
02-12-2025,Tuesday  ,Chrome ,Mobile ,Canada ,Social Media  ,/landing-promo,1118,904,214,1233,4249,0.8,157.7,60,0.1,6448.9,5.8,2025-02-12
16-11-2025,Sunday   ,Chrome ,Desktop,India  ,Referral      ,/blog         ,1418,1077,341,1522,5225,0.4,389,148,0.1,10436.2,7.4,2025-11-16
20-11-2025,Thursday ,Chrome ,Desktop,India  ,Paid Search   ,/contact      ,2193,1871,322,2354,3583,0.5,507,293,0.1,25097.4,11.4,2025-11-20
07-02-2026,Saturday ,Chrome ,Mobile ,USA    ,Organic Search,/home         ,3456,2700,756,3494,10911,0.5,178.9,501,0.1,120048.1,34.7,2026-07-02
10-01-2026,Saturday ,Chrome ,Desktop,UK     ,Unknown       ,/products     ,926,714,212,968,4414,0.5,499.8,131,0.1,36017.6,38.9,2026-10-01
04-10-2025,Saturday ,Chrome ,Tablet ,India  ,Organic Search,/contact      ,1700,1299,401,1718,5894,0.6,218.6,174,0.1,12045,7.1,2025-04-10
25-01-2026,Sunday   ,Firefox,Mobile ,India  ,Organic Search,/contact      ,1325,836,489,1439,4274,0.6,155.2,129,0.1,9224.2,7,2026-01-25
02-10-2025,Thursday ,Safari ,Desktop,Germany,Organic Search,/pricing      ,5153,3282,1871,5417,20348,0.5,133.8,744,0.1,49102.5,9.5,2025-02-10
29-10-2025,Wednesday,Chrome ,Desktop,USA    ,Direct        ,/about        ,1944,833,1111,1970,8148,0.6,659,327,0.2,50669.7,26.1,2025-10-29
22-10-2025,Wednesday,Chrome ,Unknown,USA    ,Direct        ,/blog         ,5239,2393,2846,5390,8626,0.3,285.3,884,0.2,248666,47.5,2025-10-22
10-11-2025,Monday   ,Chrome ,Mobile ,USA    ,Organic Search,/pricing      ,1561,973,588,1716,7280,0.5,293.5,208,0.1,11256.2,7.2,2025-10-11
25-11-2025,Tuesday  ,Chrome ,Mobile ,USA    ,Paid Search   ,/contact      ,4918,3904,1014,5284,11441,0.5,112.5,821,0.2,261466.9,53.2,2025-11-25
29-10-2025,Wednesday,Chrome ,Desktop,USA    ,Paid Search   ,/pricing      ,6504,5034,1470,7465,30279,0.6,483.6,1170,0.2,262509.5,40.4,2025-10-29
22-01-2026,Thursday ,Chrome ,Desktop,Germany,Organic Search,/about        ,1597,1125,472,1601,3772,0.3,276.7,212,0.1,21955.8,13.7,2026-01-22
04-02-2026,Wednesday,Chrome ,Desktop,India  ,Organic Search,/products     ,2646,1604,1042,2886,7214,0.4,396.7,275,0.1,19140.1,7.2,2026-04-02
23-11-2025,Sunday   ,Chrome ,Mobile ,UK     ,Direct        ,/about        ,2753,1436,1317,2903,4745,0.6,342,386,0.1,78372.6,28.5,2025-11-23
05-12-2025,Friday   ,Firefox,Desktop,USA    ,Social Media  ,/landing-promo,3236,2652,584,3625,12547,0.5,295,301,0.1,87956.6,27.2,2025-05-12
26-02-2026,Thursday ,Edge   ,Desktop,USA    ,Paid Search   ,/blog         ,5009,4358,651,5356,9164,0.6,559.1,901,0.2,184267.7,36.8,2026-02-26
22-10-2025,Wednesday,Safari ,Mobile ,UK     ,Social Media  ,/landing-promo,2522,2215,307,2786,5491,0.6,108.3,132,0.1,28303.1,11.2,2025-10-22
25-10-2025,Saturday ,Chrome ,Tablet ,USA    ,Paid Search   ,/landing-promo,1317,993,324,1437,2650,0.4,252.8,206,0.2,55696,42.3,2025-10-25
16-03-2026,Monday   ,Chrome ,Desktop,Canada ,Organic Search,/home         ,3605,2769,836,3751,10455,0.3,358.7,564,0.2,54978,15.3,2026-03-16
31-10-2025,Friday   ,Chrome ,Desktop,Germany,Paid Search   ,/landing-promo,816,614,202,913,3176,0.6,501.2,122,0.2,24440.1,30,2025-10-31
27-12-2025,Saturday ,Chrome ,Desktop,India  ,Organic Search,/products     ,342,239,103,359,1076,0.6,171.4,38,0.1,3050.9,8.9,2025-12-27
17-01-2026,Saturday ,Safari ,Mobile ,USA    ,Organic Search,/pricing      ,1060,654,406,1181,4120,0.7,264.3,151,0.1,17820.7,16.8,2026-01-17
23-01-2026,Friday   ,Edge   ,Desktop,USA    ,Paid Search   ,/landing-promo,1480,1138,342,1489,6164,0.4,422.4,263,0.2,34332.5,23.2,2026-01-23
27-12-2025,Saturday ,Edge   ,Mobile ,Germany,Organic Search,/products     ,668,464,204,765,1515,0.6,156.7,91,0.1,18332.4,27.4,2025-12-27
29-09-2025,Monday   ,Chrome ,Desktop,USA    ,Paid Search   ,/home         ,2697,2360,337,2868,12732,0.4,240,448,0.2,35676.3,13.2,2025-09-29
12-12-2025,Friday   ,Chrome ,Tablet ,Canada ,Referral      ,/pricing      ,2125,1813,312,2424,3591,0.3,269,273,0.1,61792.4,29.1,2025-12-12
05-02-2026,Thursday ,Chrome ,Tablet ,Germany,Paid Search   ,/pricing      ,1454,1108,346,1537,5394,0.7,166.1,229,0.2,32953.5,22.7,2026-05-02
27-12-2025,Saturday ,Chrome ,Desktop,USA    ,Social Media  ,/products     ,535,442,93,574,1987,0.7,304,45,0.1,6314.1,11.8,2025-12-27
14-10-2025,Tuesday  ,Firefox,Mobile ,Canada ,Direct        ,/about        ,5365,2523,2842,5485,13863,0.6,219.5,767,0.1,91827.2,17.1,2025-10-14
26-01-2026,Monday   ,Chrome ,Desktop,USA    ,Paid Search   ,/products     ,1395,1252,143,1425,6477,0.6,482.8,234,0.2,52041,37.3,2026-01-26
08-03-2026,Sunday   ,Safari ,Mobile ,India  ,Paid Search   ,/about        ,2965,2360,605,3268,12735,0.7,83.4,374,0.1,30708,10.4,2026-08-03
19-11-2025,Wednesday,Chrome ,Desktop,UK     ,Organic Search,/home         ,976,753,223,1028,4373,0.6,493.8,135,0.1,25780.7,26.4,2025-11-19
28-12-2025,Sunday   ,Firefox,Desktop,France ,Organic Search,/home         ,3037,1839,1198,3325,11590,0.4,251.9,436,0.1,88573.8,29.2,2025-12-28
09-11-2025,Sunday   ,Chrome ,Desktop,UK     ,Email         ,/products     ,339,159,180,369,699,0.6,718.8,60,0.2,11937.6,35.2,2025-09-11
28-12-2025,Sunday   ,Chrome ,Desktop,UK     ,Direct        ,/home         ,2250,1351,899,2274,3497,0.2,252.2,329,0.1,79316.6,35.3,2025-12-28
19-01-2026,Monday   ,Chrome ,Mobile ,Japan  ,Organic Search,/landing-promo,859,551,308,907,1938,0.4,189.3,106,0.1,22929.2,26.7,2026-01-19
06-12-2025,Saturday ,Chrome ,Desktop,UK     ,Paid Search   ,/contact      ,2843,2307,536,3074,11012,0.7,165.9,448,0.2,115899.9,40.8,2025-06-12
11-10-2025,Saturday ,Firefox,Desktop,Germany,Paid Search   ,/pricing      ,3480,3127,353,3593,5990,0.6,473,607,0.2,128366.3,36.9,2025-11-10
13-12-2025,Saturday ,Chrome ,Desktop,USA    ,Referral      ,/products     ,957,733,224,1094,4522,0.5,488.1,127,0.1,32767.1,34.2,2025-12-13
11-10-2025,Saturday ,Safari ,Desktop,USA    ,Organic Search,/landing-promo,1978,1549,429,2046,2507,0.3,473.9,285,0.1,31943.7,16.1,2025-11-10
04-11-2025,Tuesday  ,Chrome ,Desktop,USA    ,Social Media  ,/pricing      ,3287,2748,539,3632,10156,0.8,193.2,266,0.1,15959.5,4.9,2025-04-11
04-12-2025,Thursday ,Safari ,Desktop,India  ,Organic Search,/blog         ,974,649,325,1053,1657,0.6,563.6,114,0.1,3176.4,3.3,2025-04-12
08-10-2025,Wednesday,Chrome ,Mobile ,France ,Direct        ,/home         ,3783,2440,1343,3857,12047,0.7,298.5,520,0.1,46732.2,12.4,2025-08-10
30-09-2025,Tuesday  ,Safari ,Mobile ,India  ,Direct        ,/landing-promo,1298,764,534,1466,5963,0.5,134,131,0.1,13675.5,10.5,2025-09-30
17-11-2025,Monday   ,Firefox,Mobile ,USA    ,Social Media  ,/pricing      ,1515,1277,238,1700,1837,0.5,178.6,116,0.1,29840,19.7,2025-11-17
25-01-2026,Sunday   ,Chrome ,Desktop,UK     ,Direct        ,/blog         ,780,385,395,869,3054,0.5,257.3,110,0.1,23194.8,29.7,2026-01-25
03-10-2025,Friday   ,Chrome ,Mobile ,Germany,Organic Search,/home         ,898,562,336,991,3645,0.6,219.6,125,0.1,24089.2,26.8,2025-03-10
12-10-2025,Sunday   ,Safari ,Mobile ,France ,Organic Search,/about        ,1268,873,395,1338,4136,0.7,0,149,0.1,4880.9,3.8,2025-12-10
27-01-2026,Tuesday  ,Chrome ,Mobile ,UAE    ,Organic Search,/home         ,4324,2900,1424,4590,10703,0.6,211.6,610,0.1,129315.7,29.9,2026-01-27
12-01-2026,Monday   ,Chrome ,Desktop,Japan  ,Social Media  ,/pricing      ,3946,3375,571,4479,17869,0.7,241.4,331,0.1,70461.1,17.9,2026-12-01
10-02-2026,Tuesday  ,Firefox,Tablet ,USA    ,Direct        ,/blog         ,4763,2791,1972,5228,16183,0.4,453.9,770,0.2,167877.2,35.2,2026-10-02
21-10-2025,Tuesday  ,Chrome ,Mobile ,Germany,Organic Search,/contact      ,3577,2495,1082,3626,12842,0.4,266.3,468,0.1,111762.4,31.2,2025-10-21
07-10-2025,Tuesday  ,Chrome ,Mobile ,UAE    ,Direct        ,/pricing      ,1663,830,833,1798,4415,0.3,347.3,240,0.1,71896.8,43.2,2025-07-10
13-12-2025,Saturday ,Chrome ,Mobile ,UAE    ,Organic Search,/products     ,1429,1030,399,1527,5486,0.7,190,212,0.1,50772.4,35.5,2025-12-13
29-11-2025,Saturday ,Firefox,Desktop,Germany,Social Media  ,/pricing      ,894,794,100,968,3865,0.5,176,62,0.1,9665.9,10.8,2025-11-29
14-10-2025,Tuesday  ,Chrome ,Desktop,USA    ,Social Media  ,/blog         ,425,379,46,458,1198,0.6,152.9,38,0.1,5836,13.7,2025-10-14
17-03-2026,Tuesday  ,Chrome ,Desktop,USA    ,Direct        ,/blog         ,1476,618,858,1668,1787,0.4,671.4,222,0.2,49720.1,33.7,2026-03-17
02-01-2026,Friday   ,Safari ,Desktop,USA    ,Organic Search,/landing-promo,4158,3111,1047,4717,15192,0.6,351.3,655,0.2,78831.5,19,2026-02-01
10-03-2026,Tuesday  ,Chrome ,Desktop,Germany,Organic Search,/landing-promo,4418,2999,1419,4809,13017,0.5,245.2,629,0.1,53021.2,12,2026-10-03
05-10-2025,Sunday   ,Chrome ,Mobile ,USA    ,Direct        ,/blog         ,1261,770,491,1407,4788,0.5,63.2,192,0.2,25662.8,20.4,2025-05-10
21-02-2026,Saturday ,Chrome ,Tablet ,USA    ,Direct        ,/contact      ,1383,608,775,1544,2207,0.4,291.8,209,0.2,63656.9,46,2026-02-21
11-02-2026,Wednesday,Chrome ,Desktop,France ,Social Media  ,/blog         ,1523,1163,360,1629,7092,0.8,198.6,84,0.1,8246.2,5.4,2026-11-02
08-10-2025,Wednesday,Chrome ,Desktop,UAE    ,Direct        ,/about        ,3118,1737,1381,3339,14204,0.4,403.4,554,0.2,153086.6,49.1,2025-08-10
21-01-2026,Wednesday,Chrome ,Desktop,India  ,Email         ,/landing-promo,1743,754,989,1978,5450,0.6,130.8,269,0.2,25848.9,14.8,2026-01-21
08-03-2026,Sunday   ,Edge   ,Desktop,India  ,Paid Search   ,/pricing      ,2640,2306,334,2836,7720,0.5,511.5,346,0.1,11071.3,4.2,2026-08-03
12-01-2026,Monday   ,Chrome ,Desktop,UAE    ,Organic Search,/products     ,1451,1057,394,1611,3337,0.5,436.2,209,0.1,51551.6,35.5,2026-12-01
02-01-2026,Friday   ,Firefox,Desktop,UK     ,Organic Search,/landing-promo,2091,1473,618,2156,9608,0.5,562,300,0.1,24553.4,11.7,2026-02-01
07-11-2025,Friday   ,Chrome ,Desktop,USA    ,Social Media  ,/landing-promo,3360,2813,547,3704,11969,0.4,311.5,297,0.1,16847.1,5,2025-07-11
31-01-2026,Saturday ,Chrome ,Unknown,Japan  ,Paid Search   ,/blog         ,3143,2660,483,3529,7122,0.5,205.8,504,0.2,84521.1,26.9,2026-01-31
30-11-2025,Sunday   ,Chrome ,Mobile ,UAE    ,Social Media  ,/contact      ,2020,1551,469,2101,6623,0.6,159.1,125,0.1,16224.8,8,2025-11-30
12-01-2026,Monday   ,Chrome ,Tablet ,Germany,Organic Search,/blog         ,2225,1377,848,2325,6268,0.5,158,278,0.1,36780.5,16.5,2026-12-01
23-01-2026,Friday   ,Chrome ,Desktop,India  ,Direct        ,/blog         ,2924,1733,1191,3152,13536,0.5,729.7,358,0.1,17614.9,6,2026-01-23
12-10-2025,Sunday   ,Chrome ,Mobile ,Germany,Direct        ,/landing-promo,554,304,250,601,2179,0.5,65.8,77,0.1,11992.3,21.6,2025-12-10
28-10-2025,Tuesday  ,Chrome ,Desktop,India  ,Paid Search   ,/products     ,4587,3809,778,5268,18316,0.6,163,671,0.1,49437,10.8,2025-10-28
02-10-2025,Thursday ,Chrome ,Mobile ,UAE    ,Email         ,/products     ,756,339,417,855,1345,0.4,141.2,131,0.2,9716.5,12.9,2025-02-10
25-10-2025,Saturday ,Chrome ,Mobile ,UAE    ,Paid Search   ,/contact      ,2832,2329,503,3080,4636,0.6,223.9,456,0.2,41179.2,14.5,2025-10-25
17-11-2025,Monday   ,Chrome ,Tablet ,India  ,Direct        ,/home         ,4858,1952,2906,4934,6246,0.5,222.5,609,0.1,49676,10.2,2025-11-17
09-01-2026,Friday   ,Firefox,Desktop,Germany,Paid Search   ,/pricing      ,487,376,111,542,815,0.4,272.8,81,0.2,8606.2,17.7,2026-09-01
24-03-2026,Tuesday  ,Safari ,Mobile ,USA    ,Organic Search,/home         ,469,358,111,473,2172,0.6,113.9,68,0.1,14153.7,30.2,2026-03-24
26-10-2025,Sunday   ,Chrome ,Tablet ,USA    ,Paid Search   ,/pricing      ,2441,1898,543,2710,8331,0.7,291.1,370,0.2,104965.4,43,2025-10-26
07-10-2025,Tuesday  ,Chrome ,Mobile ,UK     ,Social Media  ,/blog         ,1859,1583,276,2080,7283,0.6,162.4,119,0.1,32535.6,17.5,2025-07-10
19-02-2026,Thursday ,Firefox,Mobile ,India  ,Organic Search,/blog         ,3018,2335,683,3271,13373,0.6,220.9,353,0.1,12327.5,4.1,2026-02-19
22-02-2026,Sunday   ,Chrome ,Mobile ,USA    ,Email         ,/about        ,579,370,209,660,1044,0.4,141.7,101,0.2,27696.5,47.8,2026-02-22
07-11-2025,Friday   ,Safari ,Tablet ,Canada ,Organic Search,/products     ,2182,1695,487,2250,7631,0.5,368.6,265,0.1,70543.1,32.3,2025-07-11
23-03-2026,Monday   ,Edge   ,Desktop,UK     ,Organic Search,/pricing      ,1884,1351,533,1961,6860,0.4,129,249,0.1,51160,27.2,2026-03-23
22-10-2025,Wednesday,Firefox,Mobile ,USA    ,Organic Search,/products     ,2346,1849,497,2425,5971,0.5,60.8,305,0.1,68374.8,29.1,2025-10-22
06-11-2025,Thursday ,Chrome ,Desktop,UK     ,Direct        ,/landing-promo,4036,2314,1722,4290,14543,0.4,699,660,0.2,103885.1,25.7,2025-06-11
06-01-2026,Tuesday  ,Chrome ,Desktop,USA    ,Organic Search,/landing-promo,2726,2117,609,3115,8939,0.5,463.4,430,0.2,124669,45.7,2026-06-01
28-12-2025,Sunday   ,Chrome ,Mobile ,Canada ,Organic Search,/home         ,2427,1794,633,2756,5668,0.5,89.7,330,0.1,72126.4,29.7,2025-12-28
25-02-2026,Wednesday,Chrome ,Mobile ,India  ,Direct        ,/blog         ,756,438,318,844,3526,0.5,237.4,79,0.1,8186.1,10.8,2026-02-25
18-12-2025,Thursday ,Safari ,Desktop,Germany,Email         ,/landing-promo,1047,427,620,1159,2624,0.5,133.9,188,0.2,38542.6,36.8,2025-12-18
26-03-2026,Thursday ,Safari ,Tablet ,UAE    ,Organic Search,/blog         ,918,730,188,978,2622,0.5,418.6,127,0.1,33167,36.1,2026-03-26
07-12-2025,Sunday   ,Chrome ,Desktop,USA    ,Organic Search,/about        ,1188,907,281,1219,3007,0.5,233.4,178,0.2,64885,54.6,2025-07-12
13-12-2025,Saturday ,Chrome ,Desktop,USA    ,Direct        ,/pricing      ,3017,1311,1706,3158,10209,0.5,604.6,541,0.2,84880.2,28.1,2025-12-13
02-11-2025,Sunday   ,Chrome ,Mobile ,India  ,Paid Search   ,/contact      ,3254,2520,734,3506,4874,0.5,296.1,446,0.1,48999.8,15.1,2025-02-11
31-10-2025,Friday   ,Safari ,Mobile ,USA    ,Paid Search   ,/contact      ,2352,2010,342,2509,4455,0.5,202.8,375,0.2,66555.9,28.3,2025-10-31
10-01-2026,Saturday ,Chrome ,Desktop,USA    ,Direct        ,/about        ,2959,1482,1477,3155,11726,0.4,421.1,471,0.2,52523.8,17.8,2026-10-01
03-12-2025,Wednesday,Safari ,Desktop,UAE    ,Direct        ,/landing-promo,796,347,449,901,3794,0.3,417.1,126,0.2,11941.5,15,2025-03-12
23-10-2025,Thursday ,Chrome ,Mobile ,India  ,Organic Search,/pricing      ,3923,2756,1167,3957,14580,0.6,96.9,427,0.1,0,0,2025-10-23
20-10-2025,Monday   ,Chrome ,Desktop,UK     ,Referral      ,/blog         ,3322,2552,770,3776,10808,0.3,0,475,0.1,44159.9,13.3,2025-10-20
23-02-2026,Monday   ,Chrome ,Desktop,Japan  ,Organic Search,/products     ,2713,1675,1038,2786,5814,0.3,525.4,364,0.1,68828.1,25.4,2026-02-23
27-01-2026,Tuesday  ,Chrome ,Desktop,UAE    ,Direct        ,/blog         ,1103,487,616,1123,2568,0.5,389.7,170,0.2,19027.5,17.3,2026-01-27
01-01-2026,Thursday ,Chrome ,Tablet ,UAE    ,Email         ,/home         ,1384,555,829,1551,4573,0.3,428,249,0.2,14689.1,10.6,2026-01-01
20-02-2026,Friday   ,Chrome ,Desktop,Canada ,Organic Search,/pricing      ,632,462,170,712,2417,0.4,512.8,94,0.1,11809.5,18.7,2026-02-20
09-10-2025,Thursday ,Safari ,Desktop,USA    ,Social Media  ,/home         ,630,545,85,706,1225,0.7,256.1,49,0.1,15074.7,23.9,2025-09-10
07-01-2026,Wednesday,Chrome ,Mobile ,USA    ,Organic Search,/products     ,3160,2283,877,3320,8745,0.6,117.7,494,0.2,0,0,2026-07-01
23-01-2026,Friday   ,Chrome ,Desktop,Germany,Paid Search   ,/blog         ,5655,4815,840,6407,14639,0.7,325.7,918,0.2,63420.9,11.2,2026-01-23
09-11-2025,Sunday   ,Safari ,Mobile ,USA    ,Paid Search   ,/about        ,3399,2861,538,3597,15181,0.8,294.8,557,0.2,61138.9,18,2025-09-11
05-10-2025,Sunday   ,Chrome ,Desktop,UK     ,Organic Search,/home         ,827,529,298,945,1398,0.5,125.9,111,0.1,10541.3,12.7,2025-05-10
13-12-2025,Saturday ,Firefox,Desktop,USA    ,Organic Search,/home         ,3245,2232,1013,3592,14187,0.5,421.1,512,0.2,0,24.2,2025-12-13
10-11-2025,Monday   ,Chrome ,Tablet ,UK     ,Organic Search,/about        ,2125,1554,571,2263,10152,0.5,178.2,296,0.1,58458.7,27.5,2025-10-11
22-02-2026,Sunday   ,Chrome ,Desktop,Japan  ,Organic Search,/blog         ,2326,1576,750,2347,9111,0.4,206.2,347,0.1,23596.1,10.1,2026-02-22
24-10-2025,Friday   ,Safari ,Desktop,USA    ,Direct        ,/landing-promo,1414,839,575,1531,3479,0.3,303.9,224,0.2,60646.9,42.9,2025-10-24
14-10-2025,Tuesday  ,Chrome ,Desktop,Canada ,Direct        ,/pricing      ,5510,3358,2152,6259,24846,0.6,199.9,889,0.2,148487.2,26.9,2025-10-14
18-12-2025,Thursday ,Chrome ,Desktop,UAE    ,Direct        ,/pricing      ,2664,1129,1535,2846,9505,0.3,718.9,401,0.2,89470.9,33.6,2025-12-18
23-01-2026,Friday   ,Safari ,Desktop,India  ,Direct        ,/blog         ,1464,588,876,1478,5215,0.6,607,181,0.1,6541.6,4.5,2026-01-23
16-03-2026,Monday   ,Safari ,Desktop,France ,Email         ,/pricing      ,1085,529,556,1115,3459,0.5,701.3,175,0.2,28890.7,26.6,2026-03-16
17-03-2026,Tuesday  ,Edge   ,Mobile ,USA    ,Email         ,/blog         ,1432,929,503,1598,6718,0.3,244.7,253,0.2,72075.8,50.3,2026-03-17
29-12-2025,Monday   ,Firefox,Mobile ,France ,Social Media  ,/products     ,3329,2774,555,3568,9028,0.8,197.9,213,0.1,15034.7,4.5,2025-12-29
10-02-2026,Tuesday  ,Chrome ,Mobile ,Japan  ,Social Media  ,/products     ,3557,3097,460,3627,10194,0.6,118.2,213,0.1,11948.6,3.4,2026-10-02
09-12-2025,Tuesday  ,Firefox,Mobile ,Germany,Paid Search   ,/blog         ,4608,3684,924,5146,11402,0.6,250.2,728,0.2,38659,8.4,2025-09-12
19-11-2025,Wednesday,Chrome ,Desktop,USA    ,Paid Search   ,/pricing      ,1378,1161,217,1538,3482,0.7,334.4,224,0.2,35167.2,25.5,2025-11-19
15-02-2026,Sunday   ,Chrome ,Mobile ,UK     ,Paid Search   ,/products     ,3925,3078,847,4147,6619,0.5,248.6,608,0.2,102292.2,26.1,2026-02-15
18-03-2026,Wednesday,Safari ,Mobile ,USA    ,Organic Search,/blog         ,2505,1826,679,2602,9439,0.7,0,327,0.1,67163.3,26.8,2026-03-18
17-12-2025,Wednesday,Chrome ,Tablet ,UK     ,Organic Search,/blog         ,2168,1448,720,2336,9046,0.4,224.1,293,0.1,24178,11.2,2025-12-17
05-01-2026,Monday   ,Chrome ,Desktop,India  ,Social Media  ,/about        ,1551,1347,204,1637,7078,0.5,219.7,64,0,3285.7,2.1,2026-05-01
15-02-2026,Sunday   ,Chrome ,Desktop,Japan  ,Direct        ,/products     ,3924,2184,1740,4343,14454,0.4,563.3,659,0.2,50030,12.7,2026-02-15
21-03-2026,Saturday ,Safari ,Tablet ,UK     ,Direct        ,/contact      ,421,230,191,476,600,0.4,380.4,57,0.1,6938.9,16.5,2026-03-21
31-12-2025,Wednesday,Safari ,Desktop,UK     ,Organic Search,/contact      ,1184,745,439,1248,1438,0.4,505.6,165,0.1,17217.9,14.5,2025-12-31
23-02-2026,Monday   ,Chrome ,Desktop,India  ,Paid Search   ,/about        ,2701,2253,448,2900,12827,0.7,253.4,354,0.1,22395.1,8.3,2026-02-23
10-01-2026,Saturday ,Safari ,Mobile ,UK     ,Organic Search,/home         ,2552,1988,564,2788,3816,0.6,151.9,341,0.1,68181.1,26.7,2026-10-01
26-02-2026,Thursday ,Unknown,Desktop,Germany,Social Media  ,/pricing      ,2740,2325,415,3094,11375,0.5,208.7,213,0.1,47699.9,17.4,2026-02-26
20-11-2025,Thursday ,Chrome ,Tablet ,USA    ,Organic Search,/landing-promo,4178,3027,1151,4258,6698,0.5,163.1,624,0.1,73083,17.5,2025-11-20
04-12-2025,Thursday ,Chrome ,Mobile ,UK     ,Organic Search,/contact      ,1311,903,408,1378,1977,0.6,195.4,179,0.1,25180.9,19.2,2025-04-12
18-02-2026,Wednesday,Edge   ,Mobile ,UAE    ,Paid Search   ,/pricing      ,5755,4818,937,6525,20083,0.5,281.1,979,0.2,108696.1,18.9,2026-02-18
11-10-2025,Saturday ,Chrome ,Mobile ,India  ,Paid Search   ,/landing-promo,3303,2513,790,3553,12984,0.6,139.7,451,0.1,16110.6,4.9,2025-11-10
25-10-2025,Saturday ,Chrome ,Mobile ,UAE    ,Paid Search   ,/contact      ,2832,2329,503,3080,4636,0.6,223.9,456,0.2,41179.2,14.5,2025-10-25
15-02-2026,Sunday   ,Chrome ,Desktop,India  ,Direct        ,/blog         ,2027,1052,975,2139,6920,0.5,213.4,231,0.1,19122.5,9.4,2026-02-15
02-12-2025,Tuesday  ,Safari ,Mobile ,India  ,Direct        ,/about        ,5800,3148,2652,6642,27265,0.5,157,689,0.1,58409.6,10.1,2025-02-12
30-01-2026,Friday   ,Firefox,Desktop,Canada ,Social Media  ,/home         ,912,727,185,975,2555,0.7,0,66,0.1,7759.4,8.5,2026-01-30
11-03-2026,Wednesday,Safari ,Desktop,Canada ,Organic Search,/landing-promo,2142,1548,594,2209,5717,0.3,389.2,316,0.1,85337.9,39.8,2026-11-03
15-11-2025,Saturday ,Chrome ,Desktop,USA    ,Social Media  ,/home         ,1494,1129,365,1606,4934,0.7,0,106,0.1,23949.9,16,2025-11-15
27-02-2026,Friday   ,Chrome ,Tablet ,Japan  ,Referral      ,/about        ,1505,1218,287,1642,3928,0.4,105.9,189,0.1,31628.2,21,2026-02-27
03-11-2025,Monday   ,Firefox,Desktop,UK     ,Social Media  ,/landing-promo,672,593,79,767,1984,0.6,218.5,43,0.1,7405.6,11,2025-03-11
27-12-2025,Saturday ,Chrome ,Mobile ,UK     ,Paid Search   ,/pricing      ,3986,3309,677,4125,17463,0.5,75.1,661,0.2,62675.9,15.7,2025-12-27
26-02-2026,Thursday ,Unknown,Mobile ,India  ,Email         ,/blog         ,595,382,213,599,774,0.6,301,87,0.1,2220.1,3.7,2026-02-26
08-11-2025,Saturday ,Chrome ,Desktop,France ,Organic Search,/pricing      ,1993,1350,643,2019,7003,0.3,441.9,270,0.1,12179.3,6.1,2025-08-11
21-12-2025,Sunday   ,Safari ,Desktop,UK     ,Organic Search,/contact      ,1627,1064,563,1689,3664,0.3,324.7,223,0.1,28187.6,17.3,2025-12-21
20-03-2026,Friday   ,Safari ,Desktop,USA    ,Paid Search   ,/pricing      ,1994,1622,372,2234,3838,0.4,380.6,324,0.2,44789.3,22.5,2026-03-20
11-11-2025,Tuesday  ,Chrome ,Desktop,France ,Organic Search,/contact      ,548,401,147,548,2589,0.4,360.4,75,0.1,13930.5,25.4,2025-11-11
07-01-2026,Wednesday,Chrome ,Mobile ,UAE    ,Organic Search,/blog         ,541,399,142,613,1794,0.7,126.3,76,0.1,20144.1,37.2,2026-07-01
18-10-2025,Saturday ,Safari ,Desktop,Canada ,Organic Search,/home         ,303,194,109,338,591,0.5,196,44,0.1,6140.9,20.3,2025-10-18
02-03-2026,Monday   ,Chrome ,Mobile ,France ,Direct        ,/contact      ,4545,2665,1880,5186,6643,0.4,309.8,621,0.1,71460.4,15.7,2026-02-03
17-02-2026,Tuesday  ,Chrome ,Desktop,France ,Referral      ,/landing-promo,2755,2183,572,2819,12074,0.6,290.3,357,0.1,54938.5,19.9,2026-02-17
16-03-2026,Monday   ,Firefox,Desktop,UAE    ,Organic Search,/pricing      ,3532,2470,1062,3828,8379,0.5,223.2,590,0.2,59463.1,16.8,2026-03-16
20-03-2026,Friday   ,Chrome ,Mobile ,UAE    ,Social Media  ,/blog         ,2280,1736,544,2370,6701,0.4,115.9,179,0.1,34367.1,15.1,2026-03-20
24-01-2026,Saturday ,Chrome ,Tablet ,USA    ,Direct        ,/about        ,2326,1473,853,2527,2947,0.4,450.8,332,0.1,46520.8,20,2026-01-24
10-11-2025,Monday   ,Chrome ,Mobile ,UK     ,Organic Search,/blog         ,4709,3618,1091,5141,6866,0.4,262.4,685,0.1,98441,20.9,2025-10-11
28-09-2025,Sunday   ,Safari ,Tablet ,Canada ,Organic Search,/about        ,1687,1218,469,1778,3610,0.4,191.3,205,0.1,32901.9,19.5,2025-09-28
10-10-2025,Friday   ,Chrome ,Desktop,UK     ,Referral      ,/pricing      ,2520,1919,601,2689,6093,0.4,538.6,310,0.1,45016.5,17.9,2025-10-10
24-02-2026,Tuesday  ,Chrome ,Desktop,USA    ,Organic Search,/products     ,1937,1237,700,2119,2851,0.3,536,274,0.1,53160.2,27.4,2026-02-24
13-01-2026,Tuesday  ,Firefox,Mobile ,UAE    ,Direct        ,/about        ,2947,1803,1144,3360,11178,0.5,221.5,438,0.1,54621.1,18.5,2026-01-13
07-10-2025,Tuesday  ,Chrome ,Mobile ,USA    ,Social Media  ,/landing-promo,2438,2090,348,2441,10620,0.6,221.9,194,0.1,41129.3,16.9,2025-07-10
16-03-2026,Monday   ,Chrome ,Desktop,India  ,Organic Search,/contact      ,3343,2650,693,3786,9866,0.4,210.9,369,0.1,14076.2,4.2,2026-03-16
03-11-2025,Monday   ,Firefox,Mobile ,Germany,Organic Search,/contact      ,1491,1025,466,1714,2918,0.5,92.4,182,0.1,13468,9,2025-03-11
22-03-2026,Sunday   ,Chrome ,Desktop,Germany,Organic Search,/contact      ,1227,740,487,1405,4539,0.4,546,173,0.1,45152.7,36.8,2026-03-22
16-01-2026,Friday   ,Chrome ,Mobile ,UAE    ,Organic Search,/home         ,468,316,152,516,1402,0.5,291.5,67,0.1,8557.3,18.3,2026-01-16
04-02-2026,Wednesday,Safari ,Mobile ,UAE    ,Email         ,/about        ,2460,1543,917,2801,6615,0.6,78,428,0.2,65682,26.7,2026-04-02
08-10-2025,Wednesday,Chrome ,Tablet ,India  ,Paid Search   ,/about        ,6396,5387,1009,6696,11666,0.4,408.7,812,0.1,78948.9,12.3,2025-08-10
02-01-2026,Friday   ,Edge   ,Mobile ,Japan  ,Social Media  ,/home         ,1150,952,198,1189,5109,0.7,65.4,78,0.1,12700.4,11,2026-02-01
28-01-2026,Wednesday,Safari ,Mobile ,USA    ,Organic Search,/pricing      ,4901,3556,1345,5254,18011,0.5,151,740,0.2,37427.4,7.6,2026-01-28
16-03-2026,Monday   ,Chrome ,Desktop,UK     ,Organic Search,/about        ,2781,1885,896,3103,5777,0.5,490.3,373,0.1,35005.3,12.6,2026-03-16
07-11-2025,Friday   ,Chrome ,Mobile ,Canada ,Organic Search,/landing-promo,2558,1803,755,2722,8525,0.7,273.1,326,0.1,66225.1,25.9,2025-07-11
24-01-2026,Saturday ,Safari ,Mobile ,UAE    ,Direct        ,/blog         ,1613,697,916,1744,4666,0.5,374.7,239,0.1,34449.3,21.4,2026-01-24
28-11-2025,Friday   ,Firefox,Desktop,UK     ,Organic Search,/home         ,934,695,239,960,2544,0.6,204.1,124,0.1,16884,18.1,2025-11-28
06-10-2025,Monday   ,Chrome ,Desktop,Canada ,Organic Search,/pricing      ,2774,2069,705,3149,8850,0.3,381.3,406,0.1,25481,9.2,2025-06-10
30-01-2026,Friday   ,Safari ,Desktop,India  ,Social Media  ,/home         ,2581,2064,517,2690,7091,0.6,280.6,79,0,4843.8,1.9,2026-01-30
03-10-2025,Friday   ,Chrome ,Desktop,USA    ,Direct        ,/home         ,5195,2384,2811,5780,18044,0.4,591,909,0.2,89763.3,17.3,2025-03-10
07-12-2025,Sunday   ,Chrome ,Desktop,USA    ,Direct        ,/home         ,721,417,304,743,2226,0.3,309.6,110,0.2,21570.5,29.9,2025-07-12
31-01-2026,Saturday ,Chrome ,Mobile ,USA    ,Organic Search,/pricing      ,913,635,278,1002,1394,0.7,224.1,132,0.1,15317.7,16.8,2026-01-31
08-01-2026,Thursday ,Chrome ,Mobile ,India  ,Social Media  ,/landing-promo,427,342,85,456,1209,0.6,63.2,14,0,927.5,2.2,2026-08-01
27-11-2025,Thursday ,Chrome ,Mobile ,USA    ,Organic Search,/products     ,4660,3011,1649,5254,10624,0.5,58.6,692,0.1,0,0,2025-11-27
31-12-2025,Wednesday,Safari ,Desktop,India  ,Organic Search,/about        ,3821,2745,1076,4137,14621,0.3,345.5,438,0.1,31711.2,8.3,2025-12-31
06-11-2025,Thursday ,Firefox,Tablet ,USA    ,Organic Search,/contact      ,2412,1812,600,2493,5024,0.5,84.2,314,0.1,85739.4,35.5,2025-06-11
03-10-2025,Friday   ,Chrome ,Mobile ,India  ,Social Media  ,/home         ,3508,2786,722,3628,12357,0.5,224.6,146,0,3700,1.1,2025-03-10
06-02-2026,Friday   ,Chrome ,Mobile ,France ,Email         ,/products     ,2161,1229,932,2333,3688,0.4,135.4,329,0.2,68608.4,31.7,2026-06-02
23-12-2025,Tuesday  ,Chrome ,Desktop,USA    ,Organic Search,/products     ,4321,3338,983,4331,20079,0.3,391.3,683,0.2,0,0,2025-12-23
16-02-2026,Monday   ,Safari ,Desktop,USA    ,Direct        ,/pricing      ,3928,2294,1634,4344,15273,0.6,650.3,657,0.2,190797.3,48.6,2026-02-16
21-12-2025,Sunday   ,Firefox,Mobile ,India  ,Organic Search,/contact      ,3339,2172,1167,3373,4438,0.6,299.3,362,0.1,30199.7,9,2025-12-21
31-12-2025,Wednesday,Chrome ,Mobile ,Japan  ,Organic Search,/contact      ,3723,2586,1137,4245,7764,0.5,70.6,526,0.1,39072.9,10.5,2025-12-31
16-03-2026,Monday   ,Chrome ,Desktop,Canada ,Direct        ,/pricing      ,2446,982,1464,2670,5061,0.5,141.8,379,0.2,71691.1,29.3,2026-03-16
20-12-2025,Saturday ,Chrome ,Desktop,USA    ,Direct        ,/blog         ,1182,708,474,1248,2798,0.6,199.8,195,0.2,39247.9,33.2,2025-12-20
16-01-2026,Friday   ,Firefox,Mobile ,Germany,Direct        ,/blog         ,1610,1019,591,1756,3660,0.6,236,212,0.1,36859.6,22.9,2026-01-16
17-12-2025,Wednesday,Chrome ,Desktop,USA    ,Referral      ,/products     ,2168,1832,336,2310,4625,0.3,290.5,315,0.1,92472.1,42.7,2025-12-17
20-01-2026,Tuesday  ,Chrome ,Desktop,Germany,Organic Search,/blog         ,4934,3811,1123,5341,13238,0.3,254.3,710,0.1,112463.9,22.8,2026-01-20
06-11-2025,Thursday ,Firefox,Desktop,USA    ,Direct        ,/home         ,2266,1083,1183,2469,3988,0.6,506.1,357,0.2,43018.8,19,2025-06-11
23-03-2026,Monday   ,Safari ,Mobile ,India  ,Paid Search   ,/products     ,3140,2598,542,3507,7964,0.7,60.2,415,0.1,27837,8.9,2026-03-23
28-02-2026,Saturday ,Safari ,Mobile ,UK     ,Social Media  ,/landing-promo,2580,2142,438,2793,6073,0.6,145.1,154,0.1,21496.9,8.3,2026-02-28
16-01-2026,Friday   ,Firefox,Desktop,UK     ,Organic Search,/contact      ,647,441,206,697,2633,0.6,597,87,0.1,10058.5,15.5,2026-01-16
20-02-2026,Friday   ,Chrome ,Desktop,Canada ,Organic Search,/pricing      ,632,462,170,712,2417,0.4,512.8,94,0.1,11809.5,18.7,2026-02-20
12-02-2026,Thursday ,Edge   ,Desktop,India  ,Social Media  ,/blog         ,2675,2309,366,3008,11411,0.4,410.9,105,0,4697.8,1.8,2026-12-02
08-12-2025,Monday   ,Edge   ,Desktop,USA    ,Direct        ,/about        ,1945,1043,902,2234,6165,0.3,670.6,303,0.2,86483.6,44.5,2025-08-12
02-10-2025,Thursday ,Chrome ,Tablet ,India  ,Referral      ,/products     ,3583,3099,484,3655,6113,0.3,417,392,0.1,26366.8,7.4,2025-02-10
12-02-2026,Thursday ,Safari ,Desktop,France ,Social Media  ,/about        ,537,419,118,616,2034,0.5,341.8,32,0.1,2545,4.7,2026-12-02
12-03-2026,Thursday ,Chrome ,Desktop,India  ,Paid Search   ,/blog         ,3202,2511,691,3659,10783,0.7,125.9,457,0.1,25217.4,7.9,2026-12-03
09-01-2026,Friday   ,Safari ,Mobile ,Germany,Social Media  ,/pricing      ,3428,2633,795,3604,5822,0.5,172.3,239,0.1,27710.2,8.1,2026-09-01
01-10-2025,Wednesday,Firefox,Mobile ,UK     ,Direct        ,/pricing      ,1966,1001,965,2139,3408,0.6,364.1,259,0.1,40861.1,20.8,2025-01-10
25-01-2026,Sunday   ,Chrome ,Desktop,UAE    ,Email         ,/pricing      ,469,208,261,516,2215,0.4,654.2,84,0.2,16217.2,34.6,2026-01-25
16-01-2026,Friday   ,Firefox,Desktop,India  ,Organic Search,/contact      ,3619,2286,1333,3781,16278,0.3,163.3,470,0.1,22280,6.2,2026-01-16
03-11-2025,Monday   ,Chrome ,Desktop,UAE    ,Organic Search,/landing-promo,2179,1538,641,2255,3687,0.6,432.4,344,0.2,21593,9.9,2025-03-11
23-01-2026,Friday   ,Chrome ,Desktop,USA    ,Paid Search   ,/blog         ,4690,3862,828,4970,20786,0.4,598.8,805,0.2,0,0,2026-01-23
13-10-2025,Monday   ,Chrome ,Mobile ,USA    ,Organic Search,/landing-promo,2980,2244,736,3155,13510,0.6,160.5,443,0.1,102426.9,34.4,2025-10-13
05-12-2025,Friday   ,Chrome ,Tablet ,India  ,Organic Search,/products     ,3650,2529,1121,3662,9573,0.3,181,365,0.1,18533.4,5.1,2025-05-12
01-10-2025,Wednesday,Chrome ,Mobile ,Germany,Paid Search   ,/products     ,5060,4154,906,5464,7887,0.6,122.9,769,0.2,34497.9,6.8,2025-01-10
27-11-2025,Thursday ,Chrome ,Desktop,Canada ,Social Media  ,/home         ,692,552,140,696,831,0.5,248.8,42,0.1,8847.5,12.8,2025-11-27
13-11-2025,Thursday ,Firefox,Desktop,UK     ,Paid Search   ,/products     ,4143,3174,969,4297,11782,0.6,365.3,683,0.2,63273.6,15.3,2025-11-13
24-01-2026,Saturday ,Chrome ,Mobile ,Germany,Organic Search,/contact      ,2692,2037,655,3048,10376,0.5,46.1,338,0.1,72337.1,26.9,2026-01-24
11-11-2025,Tuesday  ,Edge   ,Desktop,UK     ,Direct        ,/about        ,4865,2467,2398,4875,12707,0.5,159.1,738,0.2,79510.6,16.3,2025-11-11
09-02-2026,Monday   ,Chrome ,Mobile ,Germany,Organic Search,/contact      ,4733,3514,1219,5076,22500,0.6,296.5,673,0.1,117744.4,24.9,2026-09-02
30-11-2025,Sunday   ,Chrome ,Mobile ,India  ,Organic Search,/blog         ,1928,1233,695,2161,8310,0.6,115.7,194,0.1,11726.6,6.1,2025-11-30
20-03-2026,Friday   ,Safari ,Desktop,Canada ,Paid Search   ,/blog         ,768,586,182,837,3080,0.4,447.8,115,0.2,10981.2,14.3,2026-03-20
25-12-2025,Thursday ,Chrome ,Desktop,USA    ,Social Media  ,/contact      ,2572,2016,556,2636,3145,0.6,152,201,0.1,25953.2,10.1,2025-12-25
19-02-2026,Thursday ,Safari ,Desktop,Germany,Organic Search,/pricing      ,3840,2324,1516,4126,5021,0.6,318,581,0.2,0,0,2026-02-19
21-02-2026,Saturday ,Chrome ,Mobile ,Germany,Direct        ,/products     ,1601,977,624,1727,3822,0.6,150.6,225,0.1,50650,31.6,2026-02-21
25-03-2026,Wednesday,Safari ,Mobile ,India  ,Organic Search,/products     ,3201,2530,671,3325,5820,0.5,241.3,342,0.1,12711.5,4,2026-03-25
07-01-2026,Wednesday,Safari ,Desktop,France ,Paid Search   ,/products     ,1580,1238,342,1792,3780,0.5,361,221,0.1,29908.7,18.9,2026-07-01
28-01-2026,Wednesday,Safari ,Mobile ,USA    ,Direct        ,/about        ,4665,2649,2016,4811,10357,0.6,207.3,724,0.2,133378.8,28.6,2026-01-28
10-03-2026,Tuesday  ,Chrome ,Desktop,India  ,Organic Search,/contact      ,1362,1081,281,1544,4952,0.3,322.5,142,0.1,2633.6,1.9,2026-10-03
03-11-2025,Monday   ,Chrome ,Mobile ,UK     ,Paid Search   ,/products     ,4297,3532,765,4802,14545,0.6,187.3,699,0.2,120941,28.1,2025-03-11
14-12-2025,Sunday   ,Chrome ,Mobile ,India  ,Paid Search   ,/about        ,2113,1737,376,2152,8964,0.7,239.6,267,0.1,12946.2,6.1,2025-12-14
19-10-2025,Sunday   ,Chrome ,Mobile ,USA    ,Referral      ,/about        ,1084,966,118,1220,2874,0.5,238.9,140,0.1,39117,36.1,2025-10-19
16-03-2026,Monday   ,Unknown,Desktop,Germany,Organic Search,/landing-promo,1259,881,378,1375,3829,0.4,496.7,179,0.1,44277.5,35.2,2026-03-16
30-09-2025,Tuesday  ,Chrome ,Desktop,USA    ,Social Media  ,/pricing      ,1421,1116,305,1497,6136,0.5,410,99,0.1,19269.7,13.6,2025-09-30
17-01-2026,Saturday ,Chrome ,Desktop,UAE    ,Organic Search,/blog         ,730,570,160,748,1137,0.3,242.7,106,0.1,9714.8,13.3,2026-01-17
02-03-2026,Monday   ,Chrome ,Unknown,Germany,Social Media  ,/contact      ,2296,1796,500,2505,4453,0.5,161.3,151,0.1,17135.3,7.5,2026-02-03
12-02-2026,Thursday ,Chrome ,Desktop,USA    ,Organic Search,/contact      ,4849,3309,1540,5313,15030,0.5,413.4,761,0.2,183750.6,37.9,2026-12-02
26-12-2025,Friday   ,Safari ,Desktop,UAE    ,Social Media  ,/about        ,1797,1531,266,1816,3208,0.7,217.3,159,0.1,13595.5,7.6,2025-12-26
21-01-2026,Wednesday,Safari ,Desktop,Germany,Paid Search   ,/landing-promo,6165,4764,1401,6759,14092,0.3,0,1038,0.2,195517.9,31.7,2026-01-21
28-11-2025,Friday   ,Safari ,Tablet ,USA    ,Direct        ,/blog         ,4580,2796,1784,4586,9705,0.6,395.8,727,0.2,161036.1,35.2,2025-11-28
28-01-2026,Wednesday,Firefox,Mobile ,Canada ,Referral      ,/landing-promo,2768,2335,433,3145,10175,0.5,199.7,310,0.1,31903.8,11.5,2026-01-28
21-03-2026,Saturday ,Chrome ,Desktop,USA    ,Direct        ,/pricing      ,554,314,240,564,1774,0.5,288.3,90,0.2,8137.6,14.7,2026-03-21
17-12-2025,Wednesday,Safari ,Mobile ,USA    ,Social Media  ,/products     ,1219,1051,168,1230,2760,0.8,135.7,82,0.1,21895.7,18,2025-12-17
25-10-2025,Saturday ,Firefox,Desktop,UAE    ,Organic Search,/about        ,1196,780,416,1308,4212,0.5,148.3,188,0.2,27678.3,23.1,2025-10-25
09-12-2025,Tuesday  ,Safari ,Mobile ,Germany,Organic Search,/pricing      ,4372,3164,1208,4455,9914,0.6,110.6,579,0.1,0,22.1,2025-09-12
10-11-2025,Monday   ,Safari ,Desktop,UK     ,Paid Search   ,/blog         ,1398,1216,182,1555,5796,0.6,227.8,210,0.2,35247.2,25.2,2025-10-11
17-03-2026,Tuesday  ,Firefox,Desktop,India  ,Social Media  ,/pricing      ,3771,3155,616,3983,16516,0.4,342.6,197,0.1,6694.6,1.8,2026-03-17
18-12-2025,Thursday ,Safari ,Mobile ,UAE    ,Organic Search,/pricing      ,5309,3307,2002,6100,23205,0.6,249.6,770,0.1,205603.2,38.7,2025-12-18
24-02-2026,Tuesday  ,Firefox,Desktop,France ,Organic Search,/pricing      ,2403,1800,603,2466,4131,0.6,330.9,316,0.1,37089.6,15.4,2026-02-24
26-10-2025,Sunday   ,Safari ,Desktop,France ,Paid Search   ,/about        ,555,442,113,587,1652,0.5,473.4,87,0.2,10893.6,19.6,2025-10-26
17-12-2025,Wednesday,Chrome ,Tablet ,UK     ,Organic Search,/landing-promo,2812,1725,1087,2851,5887,0.6,105.8,364,0.1,83415.6,29.7,2025-12-17
11-10-2025,Saturday ,Safari ,Mobile ,France ,Email         ,/contact      ,1648,838,810,1701,4689,0.5,120,266,0.2,42675.2,25.9,2025-11-10
08-12-2025,Monday   ,Firefox,Desktop,India  ,Direct        ,/contact      ,5001,2593,2408,5559,8702,0.5,346.6,696,0.1,51529.2,10.3,2025-08-12
22-10-2025,Wednesday,Chrome ,Unknown,USA    ,Direct        ,/blog         ,5239,2393,2846,5390,8626,0.3,285.3,884,0.2,248666,47.5,2025-10-22
13-01-2026,Tuesday  ,Chrome ,Mobile ,USA    ,Organic Search,/products     ,1971,1236,735,2134,6467,0.4,178.1,264,0.1,40361,20.5,2026-01-13
29-09-2025,Monday   ,Chrome ,Desktop,UAE    ,Direct        ,/about        ,5193,2333,2860,5695,6962,0.3,182.8,906,0.2,201171.1,38.7,2025-09-29
27-02-2026,Friday   ,Chrome ,Tablet ,India  ,Direct        ,/pricing      ,1304,524,780,1347,4433,0.6,383.7,132,0.1,13760.6,10.6,2026-02-27
17-10-2025,Friday   ,Chrome ,Mobile ,USA    ,Direct        ,/landing-promo,489,275,214,516,1266,0.6,278.8,74,0.2,21401,43.8,2025-10-17
09-12-2025,Tuesday  ,Chrome ,Tablet ,USA    ,Direct        ,/home         ,4098,1834,2264,4236,12760,0.3,459.9,634,0.2,195582.8,47.7,2025-09-12
17-12-2025,Wednesday,Chrome ,Desktop,Canada ,Direct        ,/about        ,494,276,218,534,1762,0.4,243.8,76,0.2,14955.9,30.3,2025-12-17
12-01-2026,Monday   ,Firefox,Desktop,USA    ,Social Media  ,/landing-promo,3113,2797,316,3503,10596,0.5,343.1,261,0.1,0,0,2026-12-01
26-01-2026,Monday   ,Chrome ,Tablet ,India  ,Direct        ,/products     ,1530,877,653,1581,4473,0.4,508.7,172,0.1,16406,10.7,2026-01-26
09-12-2025,Tuesday  ,Firefox,Mobile ,France ,Paid Search   ,/contact      ,4610,3899,711,4781,14156,0.5,254.8,654,0.1,105883.9,23,2025-09-12
28-01-2026,Wednesday,Chrome ,Desktop,UK     ,Paid Search   ,/contact      ,2824,2218,606,3107,12669,0.7,459,428,0.2,82545,29.2,2026-01-28
17-02-2026,Tuesday  ,Safari ,Mobile ,USA    ,Paid Search   ,/home         ,4094,3393,701,4503,12023,0.6,196.7,723,0.2,57001.2,13.9,2026-02-17
09-10-2025,Thursday ,Safari ,Tablet ,Germany,Direct        ,/home         ,3770,1961,1809,4013,17630,0.2,318,571,0.2,74906.3,19.9,2025-09-10
10-10-2025,Friday   ,Chrome ,Desktop,UK     ,Direct        ,/pricing      ,2311,1321,990,2584,4611,0.3,667.2,346,0.2,73523.9,31.8,2025-10-10
02-02-2026,Monday   ,Firefox,Desktop,Germany,Organic Search,/contact      ,681,409,272,712,2285,0.7,179.3,98,0.1,21138.8,31,2026-02-02
26-10-2025,Sunday   ,Safari ,Mobile ,USA    ,Organic Search,/landing-promo,2233,1641,592,2245,4843,0.6,123.4,310,0.1,38968.8,17.5,2025-10-26
30-10-2025,Thursday ,Chrome ,Tablet ,UAE    ,Organic Search,/home         ,4593,3322,1271,5229,6348,0.5,248.7,682,0.1,169161.2,36.8,2025-10-30
05-12-2025,Friday   ,Chrome ,Desktop,Canada ,Social Media  ,/blog         ,1337,1041,296,1470,4826,0.4,212.2,100,0.1,17692.2,13.2,2025-05-12
16-12-2025,Tuesday  ,Chrome ,Desktop,India  ,Paid Search   ,/pricing      ,4909,3882,1027,5588,20931,0.5,461.9,678,0.1,75119.5,15.3,2025-12-16
04-10-2025,Saturday ,Firefox,Desktop,France ,Direct        ,/blog         ,797,469,328,845,3239,0.4,538,114,0.1,17701.8,22.2,2025-04-10
12-03-2026,Thursday ,Safari ,Desktop,India  ,Paid Search   ,/about        ,5491,4145,1346,5611,17212,0.6,241.2,803,0.1,13319.2,2.4,2026-12-03
17-03-2026,Tuesday  ,Chrome ,Desktop,UAE    ,Direct        ,/products     ,1373,646,727,1388,2387,0.3,280.8,230,0.2,37314.4,27.2,2026-03-17
21-03-2026,Saturday ,Chrome ,Desktop,France ,Direct        ,/blog         ,2794,1459,1335,2922,6490,0.4,729.4,405,0.1,42562.2,15.2,2026-03-21
24-12-2025,Wednesday,Chrome ,Mobile ,UK     ,Paid Search   ,/home         ,2497,2222,275,2616,7379,0.8,86.6,371,0.1,92333.4,37,2025-12-24
06-02-2026,Friday   ,Chrome ,Desktop,Japan  ,Direct        ,/about        ,4251,2092,2159,4520,6481,0.4,243,645,0.2,155379.3,36.6,2026-06-02
26-11-2025,Wednesday,Chrome ,Desktop,USA    ,Direct        ,/home         ,2619,1435,1184,2622,5070,0.2,250.2,415,0.2,40526.9,15.5,2025-11-26
20-10-2025,Monday   ,Safari ,Tablet ,Germany,Email         ,/landing-promo,598,278,320,636,2369,0.3,490.3,103,0.2,17457.5,29.2,2025-10-20
04-03-2026,Wednesday,Chrome ,Desktop,USA    ,Email         ,/home         ,712,311,401,757,2936,0.3,209.8,128,0.2,33292,46.8,2026-04-03
12-03-2026,Thursday ,Chrome ,Desktop,India  ,Direct        ,/landing-promo,5732,3455,2277,5825,9635,0.5,667.2,801,0.1,79957.6,13.9,2026-12-03
27-11-2025,Thursday ,Chrome ,Desktop,India  ,Email         ,/landing-promo,3184,1680,1504,3449,6149,0.3,395.8,518,0.2,46210.1,14.5,2025-11-27
21-12-2025,Sunday   ,Chrome ,Mobile ,USA    ,Social Media  ,/landing-promo,702,543,159,743,2649,0.6,207.9,46,0.1,6345.2,9,2025-12-21
11-11-2025,Tuesday  ,Chrome ,Desktop,USA    ,Paid Search   ,/pricing      ,4708,3923,785,4871,13211,0.7,316.1,814,0.2,248263.3,52.7,2025-11-11
12-01-2026,Monday   ,Chrome ,Desktop,India  ,Social Media  ,/products     ,393,335,58,433,1377,0.5,142.4,16,0,429.3,1.1,2026-12-01
05-03-2026,Thursday ,Chrome ,Unknown,Germany,Social Media  ,/pricing      ,2736,2380,356,2779,11026,0.4,352.4,204,0.1,14188.9,5.2,2026-05-03
23-10-2025,Thursday ,Chrome ,Desktop,UAE    ,Direct        ,/pricing      ,4307,1883,2424,4949,14261,0.4,449.7,774,0.2,125525.7,29.1,2025-10-23
18-03-2026,Wednesday,Chrome ,Desktop,India  ,Organic Search,/blog         ,3451,2724,727,3911,11804,0.4,170.1,416,0.1,8614.5,2.5,2026-03-18
28-12-2025,Sunday   ,Chrome ,Desktop,India  ,Paid Search   ,/about        ,4113,3429,684,4343,7640,0.4,189.8,583,0.1,17564,4.3,2025-12-28
24-10-2025,Friday   ,Edge   ,Mobile ,UK     ,Organic Search,/about        ,879,695,184,1009,2287,0.6,216.8,112,0.1,19999,22.8,2025-10-24
18-11-2025,Tuesday  ,Firefox,Desktop,India  ,Organic Search,/about        ,4662,3407,1255,4708,15571,0.5,544,514,0.1,25163.7,5.4,2025-11-18
12-01-2026,Monday   ,Chrome ,Mobile ,India  ,Direct        ,/blog         ,3483,2097,1386,3691,8267,0.6,119.9,396,0.1,31718.6,9.1,2026-12-01
10-01-2026,Saturday ,Chrome ,Desktop,UK     ,Paid Search   ,/contact      ,3057,2587,470,3082,12311,0.5,234.4,497,0.2,43650.1,14.3,2026-10-01
11-03-2026,Wednesday,Chrome ,Desktop,Germany,Email         ,/pricing      ,3028,1591,1437,3376,6673,0.2,285.5,545,0.2,29689.8,9.8,2026-11-03
17-02-2026,Tuesday  ,Chrome ,Desktop,USA    ,Organic Search,/about        ,2748,2041,707,2882,6606,0.4,177.2,386,0.1,89048.1,32.4,2026-02-17
26-12-2025,Friday   ,Chrome ,Mobile ,UK     ,Paid Search   ,/products     ,4647,4090,557,4714,14638,0.4,185.1,713,0.2,0,0,2025-12-26
20-02-2026,Friday   ,Chrome ,Desktop,USA    ,Paid Search   ,/blog         ,1024,882,142,1108,3970,0.6,164.4,168,0.2,23259,22.7,2026-02-20
15-01-2026,Thursday ,Safari ,Desktop,USA    ,Organic Search,/blog         ,566,452,114,630,2496,0.5,128.6,87,0.2,23872.2,42.2,2026-01-15
24-11-2025,Monday   ,Safari ,Mobile ,France ,Social Media  ,/contact      ,1496,1165,331,1527,7059,0.8,204.6,83,0.1,6251.5,4.2,2025-11-24
08-12-2025,Monday   ,Chrome ,Tablet ,France ,Social Media  ,/about        ,619,466,153,660,2295,0.7,113.3,28,0,5938.6,9.6,2025-08-12
28-02-2026,Saturday ,Firefox,Desktop,USA    ,Organic Search,/pricing      ,2874,2252,622,3267,5212,0.5,128.4,425,0.1,40447.4,14.1,2026-02-28
08-03-2026,Sunday   ,Safari ,Desktop,France ,Social Media  ,/home         ,1231,1003,228,1298,1551,0.7,435.7,80,0.1,9746.1,7.9,2026-08-03
18-12-2025,Thursday ,Safari ,Mobile ,USA    ,Social Media  ,/pricing      ,2431,2168,263,2514,9485,0.7,82,190,0.1,54399.6,22.4,2025-12-18
07-01-2026,Wednesday,Chrome ,Desktop,UAE    ,Direct        ,/home         ,4294,2512,1782,4785,14465,0.5,679,744,0.2,0,0,2026-07-01
20-03-2026,Friday   ,Safari ,Mobile ,USA    ,Email         ,/pricing      ,753,423,330,856,1704,0.5,296.9,133,0.2,24716.7,32.8,2026-03-20
23-03-2026,Monday   ,Chrome ,Desktop,France ,Email         ,/landing-promo,1613,857,756,1631,4635,0.6,178.4,281,0.2,14629.5,9.1,2026-03-23
15-02-2026,Sunday   ,Chrome ,Desktop,Germany,Email         ,/landing-promo,1476,643,833,1538,4575,0.5,248.8,262,0.2,53657.2,36.4,2026-02-15
25-03-2026,Wednesday,Firefox,Tablet ,UAE    ,Organic Search,/blog         ,1958,1176,782,2242,5877,0.3,332.4,290,0.1,58104.1,29.7,2026-03-25
07-01-2026,Wednesday,Chrome ,Desktop,UK     ,Social Media  ,/products     ,3276,2890,386,3381,9263,0.6,300.1,247,0.1,59410.4,18.1,2026-07-01
05-01-2026,Monday   ,Firefox,Desktop,France ,Organic Search,/landing-promo,1966,1255,711,2101,6590,0.6,400.8,260,0.1,21302.2,10.8,2026-05-01
21-10-2025,Tuesday  ,Chrome ,Desktop,USA    ,Organic Search,/landing-promo,2928,2046,882,3112,13127,0.6,194.6,457,0.2,115482.6,39.4,2025-10-21
24-12-2025,Wednesday,Chrome ,Mobile ,Japan  ,Paid Search   ,/home         ,5986,5138,848,6419,8576,0.5,217.8,909,0.2,165449.4,27.6,2025-12-24
08-03-2026,Sunday   ,Firefox,Desktop,USA    ,Direct        ,/about        ,627,401,226,657,2865,0.4,769.5,105,0.2,26738.9,42.6,2026-08-03
23-03-2026,Monday   ,Firefox,Desktop,USA    ,Organic Search,/home         ,2892,2172,720,3242,3960,0.3,557.2,409,0.1,81946.5,28.3,2026-03-23
10-03-2026,Tuesday  ,Firefox,Mobile ,USA    ,Social Media  ,/landing-promo,2022,1728,294,2174,3978,0.6,63.5,145,0.1,12451.4,6.2,2026-10-03
09-02-2026,Monday   ,Safari ,Desktop,USA    ,Direct        ,/products     ,1350,624,726,1548,3476,0.3,732.1,213,0.2,61331.5,45.4,2026-09-02
21-01-2026,Wednesday,Chrome ,Mobile ,India  ,Social Media  ,/landing-promo,3495,2683,812,3944,15940,0.5,205.1,139,0,12177.8,3.5,2026-01-21
17-10-2025,Friday   ,Chrome ,Desktop,UAE    ,Direct        ,/pricing      ,3386,1545,1841,3772,7751,0.3,379.5,589,0.2,138761.6,41,2025-10-17
20-10-2025,Monday   ,Safari ,Desktop,Germany,Direct        ,/about        ,1760,991,769,1768,2215,0.4,671,258,0.1,23634.8,13.4,2025-10-20
17-02-2026,Tuesday  ,Chrome ,Mobile ,USA    ,Paid Search   ,/pricing      ,539,455,84,602,1989,0.7,274.1,81,0.2,7530.8,14,2026-02-17
12-10-2025,Sunday   ,Chrome ,Mobile ,UAE    ,Email         ,/blog         ,1200,537,663,1312,4526,0.5,235.5,216,0.2,40793.3,34,2025-12-10
16-12-2025,Tuesday  ,Chrome ,Desktop,USA    ,Social Media  ,/about        ,2706,2408,298,2963,7053,0.7,344.7,227,0.1,55631.5,20.6,2025-12-16
13-02-2026,Friday   ,Chrome ,Mobile ,India  ,Organic Search,/pricing      ,4902,3272,1630,5014,20703,0.5,120.1,549,0.1,10052.2,2.1,2026-02-13
26-01-2026,Monday   ,Chrome ,Desktop,Japan  ,Paid Search   ,/contact      ,3231,2512,719,3274,3936,0.5,573.8,528,0.2,87067.8,26.9,2026-01-26
04-12-2025,Thursday ,Chrome ,Tablet ,UAE    ,Organic Search,/landing-promo,5007,3462,1545,5015,21916,0.3,94.8,712,0.1,132647.7,26.5,2025-04-12
03-03-2026,Tuesday  ,Chrome ,Desktop,Japan  ,Social Media  ,/contact      ,2812,2423,389,3212,12234,0.4,396.5,203,0.1,15503.2,5.5,2026-03-03
07-12-2025,Sunday   ,Firefox,Desktop,USA    ,Organic Search,/contact      ,1336,994,342,1420,2497,0.4,128.3,199,0.1,35639.4,26.7,2025-07-12
20-02-2026,Friday   ,Chrome ,Desktop,UAE    ,Direct        ,/landing-promo,1722,936,786,1976,4380,0.5,474.8,289,0.2,13793.6,8,2026-02-20
02-01-2026,Friday   ,Chrome ,Desktop,India  ,Paid Search   ,/contact      ,3240,2624,616,3271,12052,0.6,289.9,421,0.1,49618.8,15.3,2026-02-01
04-12-2025,Thursday ,Safari ,Mobile ,USA    ,Paid Search   ,/products     ,5000,4161,839,5287,18645,0.5,203.2,867,0.2,233832.8,46.8,2025-04-12
22-01-2026,Thursday ,Chrome ,Desktop,Canada ,Direct        ,/home         ,2118,855,1263,2401,5792,0.3,646.6,304,0.1,43515.9,20.5,2026-01-22
03-12-2025,Wednesday,Chrome ,Mobile ,USA    ,Direct        ,/blog         ,1863,1171,692,1918,6818,0.4,148.9,281,0.2,54480.6,29.2,2025-03-12
20-12-2025,Saturday ,Chrome ,Desktop,India  ,Organic Search,/blog         ,1887,1300,587,1941,5773,0.4,315.1,197,0.1,15915.6,8.4,2025-12-20
15-02-2026,Sunday   ,Chrome ,Desktop,USA    ,Paid Search   ,/pricing      ,3948,3493,455,4093,15384,0.6,318.2,710,0.2,150720.3,38.2,2026-02-15
24-02-2026,Tuesday  ,Chrome ,Desktop,USA    ,Paid Search   ,/blog         ,4247,3377,870,4446,17768,0.6,450.5,764,0.2,140840.7,33.2,2026-02-24
10-02-2026,Tuesday  ,Chrome ,Mobile ,Canada ,Social Media  ,/blog         ,1736,1341,395,1839,6940,0.5,184.2,96,0.1,25052.7,14.4,2026-10-02
04-11-2025,Tuesday  ,Chrome ,Mobile ,Canada ,Direct        ,/home         ,3446,1595,1851,3958,7362,0.3,201,499,0.1,100532.6,29.2,2025-04-11
13-01-2026,Tuesday  ,Chrome ,Desktop,India  ,Direct        ,/about        ,4510,2482,2028,4733,20853,0.5,465,570,0.1,53360.2,11.8,2026-01-13
14-03-2026,Saturday ,Safari ,Desktop,USA    ,Paid Search   ,/products     ,2764,2250,514,2974,9894,0.4,311.7,482,0.2,72017,26.1,2026-03-14
09-12-2025,Tuesday  ,Safari ,Desktop,France ,Direct        ,/products     ,1340,713,627,1440,4284,0.3,777.1,177,0.1,29798.8,22.2,2025-09-12
16-11-2025,Sunday   ,Safari ,Desktop,India  ,Paid Search   ,/contact      ,2212,1941,271,2406,8730,0.7,261.2,276,0.1,10588.7,4.8,2025-11-16
03-01-2026,Saturday ,Chrome ,Desktop,UAE    ,Referral      ,/blog         ,2078,1831,247,2100,2712,0.5,568.8,288,0.1,64322.6,31,2026-03-01
03-01-2026,Saturday ,Chrome ,Tablet ,USA    ,Organic Search,/products     ,2417,1865,552,2716,11489,0.4,95.2,326,0.1,93028.4,38.5,2026-03-01
07-03-2026,Saturday ,Safari ,Desktop,France ,Organic Search,/blog         ,936,647,289,1040,2117,0.3,183.4,130,0.1,28638.8,30.6,2026-07-03
07-01-2026,Wednesday,Safari ,Desktop,USA    ,Organic Search,/contact      ,3963,2934,1029,4467,16122,0.4,424.3,664,0.2,199807.7,50.4,2026-07-01
12-03-2026,Thursday ,Safari ,Unknown,UK     ,Social Media  ,/products     ,2765,2090,675,2812,5693,0.6,149.4,149,0.1,13632.6,4.9,2026-12-03
22-01-2026,Thursday ,Safari ,Desktop,India  ,Organic Search,/blog         ,955,730,225,1076,4428,0.4,597.6,101,0.1,3474.5,3.6,2026-01-22
21-10-2025,Tuesday  ,Chrome ,Mobile ,Germany,Organic Search,/contact      ,3900,3085,815,4470,14885,0.6,185.3,520,0.1,129714.9,33.3,2025-10-21
11-01-2026,Sunday   ,Chrome ,Desktop,UK     ,Paid Search   ,/home         ,1442,1105,337,1573,2477,0.6,138.6,225,0.2,53923.3,37.4,2026-11-01
18-12-2025,Thursday ,Chrome ,Desktop,USA    ,Organic Search,/home         ,3032,2064,968,3309,11586,0.4,322,487,0.2,94930.6,31.3,2025-12-18
29-11-2025,Saturday ,Chrome ,Desktop,USA    ,Direct        ,/pricing      ,2804,1786,1018,3175,8060,0.4,394.4,473,0.2,134585.7,48,2025-11-29
10-07-2025,Tuesday  ,Chrome ,Tablet ,India  ,Social Media  ,/pricing      ,1321,1014,307,1431,2634,0.6,184.1,35,0,3619.7,2.7,2025-10-07
04-02-2026,Wednesday,Chrome ,Desktop,Japan  ,Organic Search,/pricing      ,2097,1391,706,2361,8708,0.5,514.4,308,0.1,39531,18.9,2026-04-02
05-01-2026,Monday   ,Chrome ,Desktop,India  ,Paid Search   ,/home         ,4252,3454,798,4298,11484,0.5,567.1,567,0.1,33728.2,7.9,2026-05-01
18-03-2026,Wednesday,Chrome ,Desktop,UK     ,Organic Search,/pricing      ,4966,3354,1612,5156,15121,0.5,305.3,752,0.2,133335.8,26.8,2026-03-18
11-01-2026,Sunday   ,Safari ,Mobile ,France ,Organic Search,/contact      ,3702,2746,956,4221,13929,0.6,204.2,469,0.1,104218.7,28.2,2026-11-01
07-10-2025,Tuesday  ,Chrome ,Desktop,Germany,Organic Search,/pricing      ,445,340,105,485,1065,0.6,283.6,64,0.1,3119.8,7,2025-07-10
26-02-2026,Thursday ,Chrome ,Mobile ,USA    ,Organic Search,/products     ,5206,3276,1930,5528,9266,0.4,296.8,792,0.2,178650.1,34.3,2026-02-26
15-02-2026,Sunday   ,Chrome ,Desktop,Japan  ,Direct        ,/home         ,1432,810,622,1506,2040,0.3,226.5,216,0.2,11815.3,8.3,2026-02-15
12-01-2026,Monday   ,Chrome ,Desktop,USA    ,Organic Search,/pricing      ,1607,1064,543,1676,3972,0.6,448.5,247,0.2,52930.4,32.9,2026-12-01
11-12-2025,Thursday ,Chrome ,Mobile ,UAE    ,Direct        ,/landing-promo,1655,1032,623,1889,5649,0.4,286.3,234,0.1,44778.5,27.1,2025-11-12
24-10-2025,Friday   ,Chrome ,Mobile ,Canada ,Direct        ,/landing-promo,2869,1640,1229,3079,9377,0.5,370.7,411,0.1,73782.8,25.7,2025-10-24
28-11-2025,Friday   ,Chrome ,Mobile ,Germany,Paid Search   ,/blog         ,2106,1800,306,2204,9625,0.8,110.6,316,0.2,33514.5,15.9,2025-11-28
28-01-2026,Wednesday,Safari ,Desktop,USA    ,Direct        ,/products     ,1736,850,886,1883,2974,0.3,726.2,273,0.2,63145.5,36.4,2026-01-28
08-03-2026,Sunday   ,Chrome ,Desktop,Japan  ,Organic Search,/about        ,3011,2166,845,3402,10557,0.6,338,453,0.2,48980.2,16.3,2026-08-03
07-03-2026,Saturday ,Safari ,Desktop,Germany,Organic Search,/home         ,2235,1448,787,2244,3199,0.4,352.9,290,0.1,73841.8,33,2026-07-03
22-12-2025,Monday   ,Firefox,Desktop,Japan  ,Organic Search,/products     ,2537,1655,882,2670,7668,0.5,510.4,352,0.1,18039.1,7.1,2025-12-22
05-12-2025,Friday   ,Safari ,Unknown,India  ,Organic Search,/blog         ,4106,2847,1259,4430,12114,0.4,218,434,0.1,44274.5,10.8,2025-05-12
17-10-2025,Friday   ,Safari ,Tablet ,Canada ,Organic Search,/about        ,4354,3436,918,4635,16267,0.5,227.6,594,0.1,82752.2,19,2025-10-17
25-10-2025,Saturday ,Chrome ,Desktop,France ,Paid Search   ,/landing-promo,1822,1470,352,1961,3012,0.5,351.1,261,0.1,10185.7,5.6,2025-10-25
10-02-2026,Tuesday  ,Chrome ,Desktop,France ,Direct        ,/pricing      ,776,423,353,844,1366,0.5,492.8,112,0.1,10469.4,13.5,2026-10-02
19-03-2026,Thursday ,Chrome ,Mobile ,France ,Organic Search,/contact      ,2312,1789,523,2408,10920,0.6,262.4,274,0.1,59018.7,25.5,2026-03-19
05-01-2026,Monday   ,Chrome ,Mobile ,USA    ,Organic Search,/about        ,2184,1432,752,2186,7276,0.7,173.5,295,0.1,36789.8,16.8,2026-05-01
16-03-2026,Monday   ,Chrome ,Desktop,India  ,Social Media  ,/about        ,2441,2155,286,2538,3067,0.4,258.9,76,0,3952.4,1.6,2026-03-16
31-12-2025,Wednesday,Chrome ,Desktop,Germany,Paid Search   ,/products     ,1727,1471,256,1931,8245,0.6,581.6,283,0.2,17341.9,10,2025-12-31
09-12-2025,Tuesday  ,Firefox,Tablet ,USA    ,Organic Search,/home         ,2279,1608,671,2475,6973,0.4,366.8,297,0.1,48264.5,21.2,2025-09-12
26-02-2026,Thursday ,Chrome ,Mobile ,UK     ,Organic Search,/pricing      ,2700,2024,676,2997,11253,0.5,291.9,364,0.1,20516.1,7.6,2026-02-26
25-03-2026,Wednesday,Firefox,Mobile ,India  ,Direct        ,/pricing      ,1007,414,593,1020,4811,0.7,254.3,103,0.1,4821,4.8,2026-03-25
12-14-2025,Sunday   ,Chrome ,Mobile ,France ,Organic Search,/home         ,323,215,108,329,888,0.5,187.5,37,0.1,6153.9,19.1,2025-12-14
19-10-2025,Sunday   ,Chrome ,Mobile ,UAE    ,Paid Search   ,/about        ,3650,2765,885,3708,13291,0.4,194.1,652,0.2,100111.5,27.4,2025-10-19
01-10-2025,Wednesday,Chrome ,Desktop,UK     ,Paid Search   ,/home         ,5893,4794,1099,6202,28086,0.4,161.4,1021,0.2,75648.9,12.8,2025-01-10
24-11-2025,Monday   ,Chrome ,Desktop,USA    ,Direct        ,/contact      ,2572,1650,922,2675,9680,0.6,500.4,387,0.2,60841.4,23.7,2025-11-24
24-10-2025,Friday   ,Safari ,Mobile ,Germany,Organic Search,/blog         ,3790,2994,796,4237,5992,0.6,281,519,0.1,90436.9,23.9,2025-10-24
30-09-2025,Tuesday  ,Chrome ,Mobile ,France ,Direct        ,/home         ,5448,3361,2087,5494,16432,0.3,98.8,801,0.1,104187.6,19.1,2025-09-30
08-03-2026,Sunday   ,Firefox,Desktop,USA    ,Organic Search,/blog         ,929,637,292,1034,1624,0.6,130.4,137,0.1,21110.2,22.7,2026-08-03
02-10-2025,Thursday ,Safari ,Desktop,UK     ,Direct        ,/contact      ,830,396,434,908,1089,0.3,365.8,117,0.1,14807.6,17.8,2025-02-10
23-10-2025,Thursday ,Chrome ,Desktop,Japan  ,Organic Search,/contact      ,2211,1608,603,2364,6312,0.5,306.4,329,0.1,59649.5,27,2025-10-23
01-11-2025,Saturday ,Safari ,Desktop,USA    ,Organic Search,/blog         ,411,251,160,471,1007,0.6,424.1,64,0.2,15565.3,37.9,2025-01-11
12-01-2026,Monday   ,Chrome ,Tablet ,India  ,Paid Search   ,/blog         ,5904,4673,1231,6220,8330,0.6,146.1,781,0.1,55384.3,9.4,2026-12-01
18-03-2026,Wednesday,Chrome ,Mobile ,USA    ,Direct        ,/pricing      ,3264,2054,1210,3621,7699,0.4,147.2,526,0.2,130678.8,40,2026-03-18
04-10-2025,Saturday ,Safari ,Desktop,India  ,Social Media  ,/landing-promo,1452,1300,152,1599,4405,0.7,229.3,68,0,5470.2,3.8,2025-04-10
25-02-2026,Wednesday,Chrome ,Mobile ,India  ,Direct        ,/blog         ,756,438,318,844,3526,0.5,237.4,79,0.1,8186.1,10.8,2026-02-25
22-10-2025,Wednesday,Safari ,Desktop,USA    ,Social Media  ,/pricing      ,3430,2673,757,3839,6705,0.6,219.6,304,0.1,31875.8,9.3,2025-10-22
26-10-2025,Sunday   ,Safari ,Unknown,India  ,Social Media  ,/products     ,607,461,146,643,823,0.7,372.2,27,0,1007.5,1.7,2025-10-26
06-03-2026,Friday   ,Firefox,Desktop,Canada ,Paid Search   ,/products     ,3770,3242,528,4232,11790,0.7,316.6,676,0.2,37954,10.1,2026-06-03
25-11-2025,Tuesday  ,Chrome ,Mobile ,UK     ,Email         ,/landing-promo,2184,942,1242,2436,8669,0.5,339.4,375,0.2,23958.2,11,2025-11-25
15-11-2025,Saturday ,Firefox,Desktop,USA    ,Social Media  ,/blog         ,1257,1023,234,1295,3005,0.4,263.5,109,0.1,27679.5,22,2025-11-15
27-11-2025,Thursday ,Safari ,Mobile ,Japan  ,Direct        ,/contact      ,1248,688,560,1314,3363,0.4,73.7,181,0.1,27677.1,22.2,2025-11-27
06-11-2025,Thursday ,Chrome ,Mobile ,Germany,Organic Search,/home         ,3840,2334,1506,3960,15057,0.5,213.8,537,0.1,106288.8,27.7,2025-06-11
30-09-2025,Tuesday  ,Chrome ,Desktop,Germany,Organic Search,/pricing      ,2608,1798,810,2849,5293,0.5,248,382,0.1,57138.1,21.9,2025-09-30
02-12-2025,Tuesday  ,Chrome ,Desktop,USA    ,Social Media  ,/about        ,1785,1530,255,1959,5848,0.6,443.2,136,0.1,35222.8,19.7,2025-02-12
17-01-2026,Saturday ,Chrome ,Desktop,Germany,Referral      ,/about        ,1550,1350,200,1660,3030,0.3,195.1,188,0.1,38484.2,24.8,2026-01-17
05-01-2026,Monday   ,Firefox,Mobile ,UK     ,Organic Search,/products     ,1008,631,377,1153,3713,0.5,165.3,137,0.1,10877.6,10.8,2026-05-01
29-10-2025,Wednesday,Safari ,Desktop,Canada ,Organic Search,/contact      ,440,326,114,443,921,0.6,554.2,61,0.1,8944.5,20.3,2025-10-29
03-02-2026,Tuesday  ,Chrome ,Desktop,India  ,Social Media  ,/landing-promo,1276,970,306,1338,1543,0.5,154,57,0,5255.9,4.1,2026-03-02
01-11-2025,Saturday ,Firefox,Tablet ,Canada ,Email         ,/pricing      ,300,120,180,319,1399,0.5,541.8,51,0.2,12634.5,42.1,2025-01-11
05-12-2025,Friday   ,Chrome ,Desktop,Germany,Organic Search,/about        ,532,340,192,542,2463,0.6,528.4,79,0.1,7861.4,14.8,2025-05-12
24-03-2026,Tuesday  ,Chrome ,Desktop,India  ,Organic Search,/blog         ,4602,2846,1756,5216,21812,0.5,180.5,516,0.1,44401.5,9.6,2026-03-24
05-01-2026,Monday   ,Firefox,Desktop,India  ,Social Media  ,/products     ,3458,2999,459,3818,10385,0.4,413.6,151,0,7297.7,2.1,2026-05-01
21-01-2026,Wednesday,Chrome ,Mobile ,USA    ,Direct        ,/products     ,4364,2449,1915,4662,20368,0.4,96.2,738,0.2,110789.3,25.4,2026-01-21
24-03-2026,Tuesday  ,Chrome ,Desktop,India  ,Organic Search,/about        ,5341,3562,1779,5424,7216,0.3,568.6,605,0.1,47082.5,8.8,2026-03-24
07-10-2025,Tuesday  ,Chrome ,Mobile ,India  ,Organic Search,/landing-promo,5414,4039,1375,5994,7821,0.6,205.9,541,0.1,50710.3,9.4,2025-07-10
26-11-2025,Wednesday,Chrome ,Desktop,USA    ,Referral      ,/home         ,2269,1904,365,2540,7764,0.5,304.7,310,0.1,87341.6,38.5,2025-11-26
12-10-2025,Sunday   ,Firefox,Desktop,UAE    ,Social Media  ,/about        ,1343,1143,200,1446,3662,0.6,448.5,99,0.1,11551.3,8.6,2025-12-10
29-01-2026,Thursday ,Safari ,Desktop,USA    ,Social Media  ,/landing-promo,4234,3796,438,4425,7990,0.5,276.4,352,0.1,97720.5,23.1,2026-01-29
27-10-2025,Monday   ,Chrome ,Desktop,USA    ,Organic Search,/about        ,4549,3476,1073,4552,5567,0.4,456.8,726,0.2,61956,13.6,2025-10-27
18-03-2026,Wednesday,Safari ,Desktop,India  ,Social Media  ,/home         ,418,362,56,480,1191,0.8,144.2,14,0,1516.8,3.6,2026-03-18
04-12-2025,Thursday ,Firefox,Mobile ,USA    ,Organic Search,/home         ,5009,3970,1039,5619,17400,0.6,99.3,727,0.1,151895,30.3,2025-04-12
15-03-2026,Sunday   ,Chrome ,Mobile ,India  ,Paid Search   ,/products     ,958,839,119,1006,2531,0.6,225.2,123,0.1,2879.5,3,2026-03-15
06-10-2025,Monday   ,Safari ,Desktop,Japan  ,Direct        ,/contact      ,858,361,497,858,2129,0.5,477.1,128,0.2,9832.8,11.5,2025-06-10
19-02-2026,Thursday ,Chrome ,Desktop,Germany,Organic Search,/products     ,3026,1955,1071,3228,9735,0.4,248.3,433,0.1,54316.2,17.9,2026-02-19
31-10-2025,Friday   ,Safari ,Desktop,Germany,Social Media  ,/contact      ,3690,2963,727,3843,15134,0.6,172.5,274,0.1,38786.5,10.5,2025-10-31
24-12-2025,Wednesday,Chrome ,Tablet ,UAE    ,Organic Search,/pricing      ,4313,2624,1689,4721,20451,0.6,84.6,626,0.1,0,0,2025-12-24
06-12-2025,Saturday ,Firefox,Tablet ,UK     ,Social Media  ,/landing-promo,611,545,66,696,1471,0.6,165.5,35,0.1,1820.9,3,2025-06-12
30-12-2025,Tuesday  ,Safari ,Desktop,UAE    ,Organic Search,/home         ,569,347,222,599,1795,0.6,135.4,87,0.2,7077.7,12.4,2025-12-30
23-11-2025,Sunday   ,Firefox,Mobile ,India  ,Social Media  ,/products     ,1895,1533,362,1996,5431,0.5,76.6,69,0,2135.9,1.1,2025-11-23
08-11-2025,Saturday ,Unknown,Desktop,France ,Direct        ,/blog         ,2971,1362,1609,3371,5497,0.6,122.3,386,0.1,53019,17.8,2025-08-11
06-11-2025,Thursday ,Chrome ,Desktop,Canada ,Paid Search   ,/landing-promo,1118,849,269,1162,3172,0.4,531.8,173,0.2,34224.5,30.6,2025-06-11
08-01-2026,Thursday ,Safari ,Desktop,France ,Direct        ,/pricing      ,4418,2856,1562,4714,10106,0.3,728.9,695,0.2,59562.3,13.5,2026-08-01
29-09-2025,Monday   ,Edge   ,Desktop,UK     ,Email         ,/landing-promo,1330,595,735,1392,4726,0.6,513,239,0.2,30516.4,22.9,2025-09-29
31-10-2025,Friday   ,Chrome ,Mobile ,Japan  ,Direct        ,/pricing      ,3236,1406,1830,3580,11857,0.5,122.2,492,0.2,60205.5,18.6,2025-10-31
13-12-2025,Saturday ,Chrome ,Desktop,USA    ,Paid Search   ,/home         ,2018,1577,441,2068,4779,0.4,177.4,323,0.2,85132.6,42.2,2025-12-13
20-11-2025,Thursday ,Safari ,Desktop,India  ,Social Media  ,/home         ,1273,1094,179,1365,3177,0.6,424.2,43,0,2978.2,2.3,2025-11-20
19-02-2026,Thursday ,Chrome ,Mobile ,Japan  ,Paid Search   ,/home         ,1693,1329,364,1894,5629,0.8,75,249,0.1,52337.7,30.9,2026-02-19
20-02-2026,Friday   ,Firefox,Mobile ,Germany,Organic Search,/products     ,1437,1148,289,1643,2600,0.7,297.4,187,0.1,42297.6,29.4,2026-02-20
17-11-2025,Monday   ,Chrome ,Mobile ,USA    ,Direct        ,/home         ,1079,530,549,1111,2749,0.3,279.4,153,0.1,11861,11,2025-11-17
26-10-2025,Sunday   ,Chrome ,Desktop,India  ,Email         ,/contact      ,1189,522,667,1279,4688,0.2,532.7,178,0.2,8260.6,6.9,2025-10-26
17-03-2026,Tuesday  ,Chrome ,Mobile ,Japan  ,Paid Search   ,/blog         ,4918,3943,975,4918,15602,0.5,192.9,783,0.2,62657.9,12.7,2026-03-17
18-12-2025,Thursday ,Chrome ,Desktop,UAE    ,Direct        ,/blog         ,5331,3408,1923,6129,12413,0.3,507.6,890,0.2,159279.6,29.9,2025-12-18
22-11-2025,Saturday ,Chrome ,Tablet ,India  ,Social Media  ,/contact      ,734,635,99,803,2695,0.6,205.1,20,0,986.8,1.3,2025-11-22
10-03-2026,Tuesday  ,Chrome ,Mobile ,USA    ,Organic Search,/pricing      ,4517,2908,1609,4549,17798,0.6,47.2,703,0.2,165898.5,36.7,2026-10-03
12-10-2025,Sunday   ,Chrome ,Mobile ,Unknown,Direct        ,/landing-promo,2981,1833,1148,3093,6345,0.6,222.4,303,0.1,7216.9,2.4,2025-12-10
07-03-2026,Saturday ,Chrome ,Mobile ,Japan  ,Organic Search,/about        ,398,261,137,408,787,0.5,228.6,51,0.1,10683.7,26.8,2026-07-03
12-03-2026,Thursday ,Safari ,Desktop,India  ,Organic Search,/blog         ,623,486,137,628,2719,0.5,447.7,62,0.1,1124.6,1.8,2026-12-03
09-01-2026,Friday   ,Chrome ,Mobile ,India  ,Organic Search,/contact      ,3558,2396,1162,3571,9644,0.4,297.4,384,0.1,0,0,2026-09-01
12-01-2026,Monday   ,Chrome ,Desktop,USA    ,Paid Search   ,/products     ,5524,4353,1171,5621,23796,0.4,347.2,994,0.2,318548.1,57.7,2026-12-01
04-02-2026,Wednesday,Safari ,Desktop,UAE    ,Social Media  ,/home         ,3476,2901,575,3807,16194,0.7,353.4,329,0.1,40549.6,11.7,2026-04-02
31-01-2026,Saturday ,Chrome ,Desktop,UAE    ,Paid Search   ,/home         ,3585,2817,768,3811,10010,0.6,158.5,642,0.2,174830,48.8,2026-01-31
10-01-2026,Saturday ,Safari ,Desktop,UAE    ,Referral      ,/products     ,1521,1209,312,1732,3962,0.6,256.9,219,0.1,45118.8,29.7,2026-10-01
21-10-2025,Tuesday  ,Firefox,Desktop,USA    ,Paid Search   ,/about        ,1226,1033,193,1295,4313,0.6,473.3,211,0.2,65736,53.6,2025-10-21
28-12-2025,Sunday   ,Chrome ,Mobile ,Canada ,Organic Search,/home         ,2427,1794,633,2756,5668,0.5,89.7,330,0.1,72126.4,29.7,2025-12-28
12-12-2025,Friday   ,Safari ,Tablet ,Germany,Direct        ,/home         ,2519,1574,945,2608,8457,0.5,471.4,354,0.1,87911.5,34.9,2025-12-12
06-10-2025,Monday   ,Chrome ,Desktop,France ,Organic Search,/contact      ,3111,2156,955,3550,7563,0.4,171.8,424,0.1,99617.8,32,2025-06-10
04-11-2025,Tuesday  ,Safari ,Mobile ,UK     ,Paid Search   ,/about        ,3211,2615,596,3483,5551,0.5,271.3,532,0.2,154222.7,48,2025-04-11
06-10-2025,Monday   ,Edge   ,Desktop,USA    ,Paid Search   ,/home         ,777,689,88,796,1166,0.6,425.8,135,0.2,35975,46.3,2025-06-10
14-11-2025,Friday   ,Chrome ,Mobile ,Germany,Organic Search,/contact      ,4878,3544,1334,5229,9371,0.4,195.1,660,0.1,137081.8,28.1,2025-11-14
08-01-2026,Thursday ,Safari ,Mobile ,France ,Direct        ,/contact      ,3531,1970,1561,3614,9418,0.4,292.4,510,0.1,35823.3,10.1,2026-08-01
16-02-2026,Monday   ,Chrome ,Mobile ,UK     ,Paid Search   ,/products     ,1360,1068,292,1460,6350,0.7,280.4,204,0.2,25169.9,18.5,2026-02-16
28-10-2025,Tuesday  ,Safari ,Tablet ,India  ,Paid Search   ,/contact      ,5604,4248,1356,5840,20844,0.7,118.5,774,0.1,18577.2,3.3,2025-10-28
13-12-2025,Saturday ,Safari ,Desktop,Canada ,Direct        ,/about        ,2201,1029,1172,2285,7233,0.3,451.8,330,0.2,80120.2,36.4,2025-12-13
14-02-2026,Saturday ,Safari ,Mobile ,Germany,Paid Search   ,/landing-promo,3314,2545,769,3355,14487,0.6,228.3,531,0.2,46297.1,14,2026-02-14
13-02-2026,Friday   ,Chrome ,Desktop,Germany,Referral      ,/about        ,1821,1427,394,1949,7248,0.5,127.2,246,0.1,36267.3,19.9,2026-02-13
01-03-2026,Sunday   ,Chrome ,Desktop,UK     ,Paid Search   ,/home         ,1521,1279,242,1740,6013,0.7,448,234,0.2,28425.9,18.7,2026-01-03
30-11-2025,Sunday   ,Chrome ,Tablet ,Canada ,Paid Search   ,/about        ,3543,2932,611,3755,6282,0.4,344.1,571,0.2,74549.1,21,2025-11-30
21-12-2025,Sunday   ,Chrome ,Desktop,India  ,Organic Search,/contact      ,545,389,156,565,2554,0.5,155.9,61,0.1,4582.6,8.4,2025-12-21
22-11-2025,Saturday ,Chrome ,Mobile ,India  ,Organic Search,/products     ,870,645,225,955,3764,0.7,245.8,86,0.1,9248.9,10.6,2025-11-22
04-01-2026,Sunday   ,Edge   ,Tablet ,Japan  ,Organic Search,/blog         ,836,639,197,891,3260,0.4,90,102,0.1,6900.9,8.3,2026-04-01
17-02-2026,Tuesday  ,Safari ,Mobile ,France ,Paid Search   ,/contact      ,4984,4055,929,5253,11399,0.5,72.5,756,0.2,33634.7,6.7,2026-02-17
24-11-2025,Monday   ,Safari ,Desktop,USA    ,Organic Search,/landing-promo,4893,3310,1583,5375,6667,0.4,200.9,760,0.2,178695.5,36.5,2025-11-24
17-12-2025,Wednesday,Chrome ,Mobile ,India  ,Email         ,/landing-promo,1081,687,394,1230,3459,0.5,110.2,144,0.1,4665.2,4.3,2025-12-17
12-03-2026,Thursday ,Safari ,Desktop,Canada ,Direct        ,/products     ,2991,1220,1771,3249,11032,0.6,502.9,433,0.1,38827.8,13,2026-12-03
15-01-2026,Thursday ,Chrome ,Desktop,UK     ,Direct        ,/pricing      ,3308,1637,1671,3649,14033,0.4,306.9,557,0.2,163558.6,49.4,2026-01-15
25-03-2026,Wednesday,Safari ,Desktop,UK     ,Referral      ,/home         ,3187,2716,471,3409,5354,0.5,388.3,462,0.1,117918.5,37,2026-03-25
09-12-2025,Tuesday  ,Chrome ,Desktop,India  ,Organic Search,/pricing      ,4516,3250,1266,4860,11251,0.4,458.7,569,0.1,57193.2,12.7,2025-09-12
06-11-2025,Thursday ,Chrome ,Mobile ,Japan  ,Direct        ,/products     ,745,483,262,778,1872,0.5,130.7,100,0.1,18774,25.2,2025-06-11
16-12-2025,Tuesday  ,Safari ,Desktop,UAE    ,Social Media  ,/contact      ,4146,3539,607,4562,6370,0.6,126,410,0.1,86285.5,20.8,2025-12-16
29-11-2025,Saturday ,Safari ,Mobile ,UK     ,Social Media  ,/home         ,755,624,131,832,1644,0.6,87.5,42,0.1,11752.6,15.6,2025-11-29
31-01-2026,Saturday ,Chrome ,Mobile ,France ,Social Media  ,/about        ,1503,1185,318,1541,6654,0.8,107.1,89,0.1,14065,9.4,2026-01-31
02-12-2025,Tuesday  ,Chrome ,Mobile ,UAE    ,Direct        ,/contact      ,926,547,379,974,3113,0.3,221.3,135,0.1,32299.9,34.9,2025-02-12
08-10-2025,Wednesday,Chrome ,Desktop,UAE    ,Social Media  ,/products     ,964,866,98,1068,3277,0.5,272.4,82,0.1,5337.9,5.5,2025-08-10
25-10-2025,Saturday ,Chrome ,Desktop,India  ,Organic Search,/blog         ,2114,1463,651,2171,5850,0.4,380.8,228,0.1,22649.8,10.7,2025-10-25
11-03-2026,Wednesday,Firefox,Tablet ,USA    ,Referral      ,/pricing      ,2874,2205,669,3167,6284,0.5,338.1,357,0.1,58850.8,20.5,2026-11-03
19-01-2026,Monday   ,Firefox,Tablet ,UAE    ,Organic Search,/landing-promo,3872,2862,1010,4112,14802,0.6,128.8,618,0.2,89732.4,23.2,2026-01-19
23-02-2026,Monday   ,Chrome ,Mobile ,Japan  ,Direct        ,/home         ,4664,1891,2773,5297,13220,0.5,166.8,680,0.1,122160.1,26.2,2026-02-23
16-12-2025,Tuesday  ,Safari ,Mobile ,India  ,Organic Search,/blog         ,5236,4172,1064,5582,12299,0.4,114.8,589,0.1,20584.8,3.9,2025-12-16
16-10-2025,Thursday ,Edge   ,Mobile ,USA    ,Paid Search   ,/home         ,1473,1124,349,1512,2156,0.5,254.5,233,0.2,35931.4,24.4,2025-10-16
12-12-2025,Friday   ,Firefox,Mobile ,Canada ,Social Media  ,/contact      ,2680,2110,570,3001,10895,0.8,95.8,169,0.1,15672.3,5.8,2025-12-12
20-02-2026,Friday   ,Chrome ,Mobile ,Japan  ,Direct        ,/about        ,4268,2149,2119,4565,11467,0.6,167.6,663,0.2,0,0,2026-02-20
09-10-2025,Thursday ,Chrome ,Mobile ,UAE    ,Organic Search,/landing-promo,4626,2827,1799,4958,21885,0.4,227.6,650,0.1,172507.5,37.3,2025-09-10
23-03-2026,Monday   ,Safari ,Mobile ,France ,Organic Search,/products     ,2103,1581,522,2107,7748,0.5,79.3,233,0.1,26012.1,12.4,2026-03-23
27-12-2025,Saturday ,Firefox,Mobile ,UK     ,Direct        ,/home         ,3272,1440,1832,3519,11091,0.4,128.7,492,0.2,48117.4,14.7,2025-12-27
04-11-2025,Tuesday  ,Chrome ,Mobile ,UAE    ,Social Media  ,/landing-promo,2632,2056,576,2985,3292,0.8,102,193,0.1,48977.6,18.6,2025-04-11
03-01-2026,Saturday ,Chrome ,Mobile ,Germany,Direct        ,/contact      ,2100,897,1203,2279,6259,0.5,171.9,286,0.1,51539.9,24.5,2026-03-01
28-02-2026,Saturday ,Chrome ,Desktop,India  ,Direct        ,/about        ,573,234,339,607,2607,0.5,309.1,63,0.1,2124.2,3.7,2026-02-28
27-12-2025,Saturday ,Chrome ,Desktop,Germany,Organic Search,/blog         ,306,190,116,342,1450,0.7,391.5,43,0.1,6861.3,22.4,2025-12-27
06-11-2025,Thursday ,Chrome ,Desktop,USA    ,Referral      ,/home         ,2250,1826,424,2546,4609,0.4,580,310,0.1,42068,18.7,2025-06-11
22-10-2025,Wednesday,Safari ,Mobile ,Germany,Organic Search,/landing-promo,1853,1373,480,1865,3786,0.4,95.4,224,0.1,33096.6,17.9,2025-10-22
30-09-2025,Tuesday  ,Firefox,Mobile ,Canada ,Organic Search,/blog         ,4059,2726,1333,4159,19219,0.4,213.3,601,0.1,119652.4,29.5,2025-09-30
15-03-2026,Sunday   ,Unknown,Desktop,India  ,Paid Search   ,/products     ,2819,2157,662,2912,11159,0.4,348.6,345,0.1,24349.9,8.6,2026-03-15
10-01-2026,Saturday ,Chrome ,Mobile ,Germany,Organic Search,/about        ,462,337,125,480,1680,0.5,194,58,0.1,3918.1,8.5,2026-10-01
13-10-2025,Monday   ,Chrome ,Mobile ,Canada ,Direct        ,/landing-promo,641,399,242,653,1720,0.6,371.1,87,0.1,7816.8,12.2,2025-10-13
24-02-2026,Tuesday  ,Firefox,Mobile ,India  ,Organic Search,/home         ,2051,1507,544,2326,5810,0.7,68,211,0.1,7396,3.6,2026-02-24
15-10-2025,Wednesday,Firefox,Desktop,UAE    ,Direct        ,/about        ,2289,1387,902,2301,6266,0.4,473.1,385,0.2,91329.4,39.9,2025-10-15
02-12-2025,Tuesday  ,Chrome ,Desktop,India  ,Organic Search,/blog         ,3045,2018,1027,3096,5294,0.3,446,350,0.1,20870.5,6.9,2025-02-12
10-02-2026,Tuesday  ,Edge   ,Mobile ,UAE    ,Direct        ,/home         ,4462,2423,2039,4466,14586,0.6,122.7,692,0.2,137688.6,30.9,2026-10-02
11-10-2025,Saturday ,Edge   ,Tablet ,Germany,Paid Search   ,/pricing      ,3987,3286,701,4177,16037,0.4,103.2,631,0.2,35450,8.9,2025-11-10
21-03-2026,Saturday ,Chrome ,Desktop,USA    ,Social Media  ,/landing-promo,1344,1188,156,1394,2593,0.6,171.5,118,0.1,28448.1,21.2,2026-03-21
12-01-2026,Monday   ,Chrome ,Mobile ,Japan  ,Organic Search,/products     ,4585,3378,1207,4903,9350,0.6,243.7,652,0.1,120183.5,26.2,2026-12-01
11-11-2025,Tuesday  ,Chrome ,Tablet ,India  ,Direct        ,/pricing      ,3006,1882,1124,3160,4731,0.5,307.3,362,0.1,17099.1,5.7,2025-11-11
21-12-2025,Sunday   ,Chrome ,Mobile ,USA    ,Email         ,/home         ,726,422,304,728,2892,0.4,0,130,0.2,9063.4,12.5,2025-12-21
27-01-2026,Tuesday  ,Safari ,Desktop,Germany,Direct        ,/blog         ,3640,2059,1581,4180,6497,0.5,317.5,606,0.2,108700.2,29.9,2026-01-27
02-03-2026,Monday   ,Firefox,Desktop,India  ,Social Media  ,/pricing      ,711,575,136,722,1757,0.7,353,23,0,1314.8,1.8,2026-02-03
24-01-2026,Saturday ,Safari ,Desktop,India  ,Direct        ,/pricing      ,3852,2123,1729,3982,6072,0.4,241.9,491,0.1,28840.2,7.5,2026-01-24
09-02-2026,Monday   ,Firefox,Mobile ,USA    ,Organic Search,/products     ,4118,3153,965,4696,8382,0.7,227.3,604,0.1,51019.9,12.4,2026-09-02
30-01-2026,Friday   ,Safari ,Desktop,France ,Paid Search   ,/about        ,3987,3176,811,4339,7988,0.4,267.3,608,0.2,142646.9,35.8,2026-01-30
07-03-2026,Saturday ,Safari ,Tablet ,Japan  ,Direct        ,/landing-promo,833,447,386,944,3782,0.4,433.2,122,0.1,19139.6,23,2026-07-03
19-10-2025,Sunday   ,Safari ,Desktop,USA    ,Direct        ,/pricing      ,3900,1723,2177,4080,7417,0.6,508.5,685,0.2,0,0,2025-10-19
06-10-2025,Monday   ,Chrome ,Desktop,India  ,Organic Search,/home         ,437,342,95,453,2029,0.5,594.2,48,0.1,3120.3,7.1,2025-06-10
20-03-2026,Friday   ,Safari ,Desktop,Japan  ,Organic Search,/landing-promo,2473,1873,600,2795,9851,0.3,596.6,363,0.1,46643.1,18.9,2026-03-20
19-02-2026,Thursday ,Chrome ,Mobile ,UAE    ,Paid Search   ,/about        ,4114,3242,872,4570,10621,0.7,65,686,0.2,62098.5,15.1,2026-02-19
24-01-2026,Saturday ,Chrome ,Desktop,India  ,Direct        ,/home         ,2995,1381,1614,3203,12509,0.4,651.6,358,0.1,30520.5,10.2,2026-01-24
14-10-2025,Tuesday  ,Edge   ,Mobile ,France ,Paid Search   ,/products     ,3417,3074,343,3556,4400,0.7,159.2,522,0.2,95398.5,27.9,2025-10-14
04-02-2026,Wednesday,Chrome ,Desktop,UAE    ,Paid Search   ,/contact      ,5913,4746,1167,6354,8130,0.6,198.5,1064,0.2,0,0,2026-04-02
06-02-2026,Friday   ,Chrome ,Tablet ,India  ,Referral      ,/contact      ,2660,2074,586,2951,5464,0.6,320.6,220,0.1,18451.4,6.9,2026-06-02
04-01-2026,Sunday   ,Chrome ,Mobile ,Canada ,Referral      ,/about        ,714,636,78,819,2416,0.6,256.1,90,0.1,16148.4,22.6,2026-04-01
13-12-2025,Saturday ,Safari ,Mobile ,Canada ,Organic Search,/blog         ,1810,1394,416,1832,6986,0.6,256.5,220,0.1,47980.1,26.5,2025-12-13
01-12-2025,Monday   ,Chrome ,Desktop,UK     ,Organic Search,/products     ,1478,894,584,1668,6692,0.6,151.7,220,0.1,47790.9,32.3,2025-01-12
17-01-2026,Saturday ,Safari ,Mobile ,USA    ,Email         ,/about        ,437,199,238,455,540,0.5,271.9,74,0.2,19727.8,45.1,2026-01-17
02-12-2025,Tuesday  ,Chrome ,Desktop,India  ,Social Media  ,/home         ,1538,1359,179,1739,3617,0.5,218.9,53,0,2886.6,1.9,2025-02-12
17-02-2026,Tuesday  ,Safari ,Mobile ,Germany,Organic Search,/landing-promo,1052,679,373,1162,4560,0.6,137.1,141,0.1,14173.8,13.5,2026-02-17
16-03-2026,Monday   ,Chrome ,Desktop,Germany,Social Media  ,/home         ,1079,951,128,1144,1732,0.4,179.6,80,0.1,16258.7,15.1,2026-03-16
26-11-2025,Wednesday,Chrome ,Mobile ,France ,Direct        ,/products     ,2607,1338,1269,2875,8767,0.5,204.3,317,0.1,24860.6,9.5,2025-11-26
26-02-2026,Thursday ,Chrome ,Mobile ,Japan  ,Paid Search   ,/about        ,1012,818,194,1073,2738,0.7,213.1,161,0.2,21794.2,21.5,2026-02-26
07-01-2026,Wednesday,Safari ,Desktop,India  ,Direct        ,/blog         ,1453,875,578,1536,2000,0.6,248,164,0.1,11984.5,8.2,2026-07-01
22-11-2025,Saturday ,Chrome ,Desktop,USA    ,Paid Search   ,/products     ,2064,1713,351,2092,3957,0.6,432.9,363,0.2,126589,61.3,2025-11-22
13-12-2025,Saturday ,Chrome ,Desktop,USA    ,Organic Search,/about        ,2045,1249,796,2199,4006,0.6,544.3,312,0.2,71261.9,34.8,2025-12-13
24-03-2026,Tuesday  ,Chrome ,Desktop,USA    ,Organic Search,/contact      ,3034,1876,1158,3165,11350,0.3,208.8,492,0.2,147705.9,48.7,2026-03-24
23-11-2025,Sunday   ,Firefox,Mobile ,USA    ,Paid Search   ,/landing-promo,3456,2772,684,3538,14861,0.6,101.7,573,0.2,136561.5,39.5,2025-11-23
01-03-2026,Sunday   ,Chrome ,Desktop,Germany,Paid Search   ,/landing-promo,3754,2816,938,4200,16481,0.4,202,674,0.2,157149.2,41.9,2026-01-03
09-10-2025,Thursday ,Chrome ,Desktop,Germany,Organic Search,/pricing      ,3781,2896,885,4287,6337,0.3,206.1,566,0.1,69632.9,18.4,2025-09-10
02-11-2025,Sunday   ,Firefox,Mobile ,UK     ,Organic Search,/landing-promo,2146,1325,821,2461,9482,0.7,267.3,266,0.1,55770.9,26,2025-02-11
17-12-2025,Wednesday,Chrome ,Desktop,Canada ,Direct        ,/blog         ,845,366,479,869,3305,0.4,635.4,123,0.1,17556.7,20.8,2025-12-17
13-03-2026,Friday   ,Chrome ,Mobile ,USA    ,Paid Search   ,/blog         ,3130,2586,544,3429,10453,0.6,258,540,0.2,125651.2,40.1,2026-03-13
12-01-2026,Monday   ,Chrome ,Tablet ,UK     ,Social Media  ,/blog         ,2276,1883,393,2473,9593,0.7,184.9,128,0.1,18782.3,8.3,2026-12-01
03-11-2025,Monday   ,Edge   ,Desktop,UK     ,Direct        ,/home         ,3806,2166,1640,4184,14220,0.5,342.1,645,0.2,96287,25.3,2025-03-11
22-03-2026,Sunday   ,Edge   ,Mobile ,USA    ,Paid Search   ,/pricing      ,2449,1926,523,2743,4967,0.5,108.9,404,0.2,32296.3,13.2,2026-03-22
25-10-2025,Saturday ,Safari ,Desktop,USA    ,Direct        ,/blog         ,483,200,283,512,1895,0.3,597.1,78,0.2,5675.8,11.8,2025-10-25
14-03-2026,Saturday ,Chrome ,Mobile ,Canada ,Direct        ,/products     ,2139,1005,1134,2173,10008,0.3,171.3,312,0.1,77036.4,36,2026-03-14
04-02-2026,Wednesday,Chrome ,Mobile ,UK     ,Organic Search,/home         ,3003,2313,690,3191,11877,0.3,100.2,440,0.1,75823,25.2,2026-04-02
13-12-2025,Saturday ,Chrome ,Mobile ,India  ,Direct        ,/blog         ,438,189,249,439,838,0.5,95.8,50,0.1,3593.8,8.2,2025-12-13
29-09-2025,Monday   ,Chrome ,Mobile ,UK     ,Paid Search   ,/contact      ,5876,4714,1162,6186,14800,0.7,48.8,960,0.2,192037.7,32.7,2025-09-29
12-12-2025,Friday   ,Chrome ,Desktop,UK     ,Organic Search,/contact      ,4987,3754,1233,5255,20719,0.6,535.5,767,0.2,86271.7,17.3,2025-12-12
09-10-2025,Thursday ,Firefox,Desktop,India  ,Email         ,/blog         ,872,563,309,957,2850,0.5,667.8,123,0.1,4068.9,4.7,2025-09-10
15-01-2026,Thursday ,Safari ,Desktop,USA    ,Social Media  ,/pricing      ,2220,1836,384,2499,8672,0.5,376.6,166,0.1,37683.7,17,2026-01-15
14-10-2025,Tuesday  ,Safari ,Desktop,France ,Social Media  ,/contact      ,494,441,53,560,1314,0.6,151.3,32,0.1,5317,10.8,2025-10-14
05-02-2026,Thursday ,Safari ,Tablet ,UK     ,Referral      ,/pricing      ,3435,2943,492,3690,7398,0.6,172.7,428,0.1,64281.6,18.7,2026-05-02
19-10-2025,Sunday   ,Chrome ,Desktop,France ,Referral      ,/landing-promo,813,665,148,842,2377,0.5,248.4,89,0.1,10506.9,12.9,2025-10-19
26-01-2026,Monday   ,Chrome ,Desktop,USA    ,Direct        ,/about        ,3800,1603,2197,4140,14573,0.4,220.1,639,0.2,79201.1,20.8,2026-01-26
30-01-2026,Friday   ,Chrome ,Desktop,UK     ,Organic Search,/pricing      ,1548,1050,498,1612,4481,0.3,522.5,206,0.1,39295.8,25.4,2026-01-30
01-01-2026,Thursday ,Safari ,Mobile ,USA    ,Email         ,/products     ,2379,1399,980,2382,6833,0.4,159.6,428,0.2,61608.7,25.9,2026-01-01
12-02-2026,Thursday ,Chrome ,Mobile ,Germany,Organic Search,/home         ,4450,3402,1048,4685,16109,0.7,136.3,647,0.1,28002.6,6.3,2026-12-02
16-03-2026,Monday   ,Chrome ,Desktop,India  ,Paid Search   ,/home         ,1794,1433,361,1794,6327,0.5,552.7,230,0.1,20170.6,11.2,2026-03-16
27-12-2025,Saturday ,Edge   ,Desktop,India  ,Paid Search   ,/landing-promo,2843,2499,344,2866,13032,0.5,430,367,0.1,30636.7,10.8,2025-12-27
16-12-2025,Tuesday  ,Chrome ,Tablet ,India  ,Organic Search,/contact      ,2525,1862,663,2765,4453,0.5,80.8,229,0.1,4454.9,1.8,2025-12-16
02-12-2025,Tuesday  ,Chrome ,Desktop,USA    ,Organic Search,/blog         ,2783,2223,560,2996,4028,0.5,567.8,434,0.2,45738.9,16.4,2025-02-12
29-12-2025,Monday   ,Chrome ,Desktop,India  ,Organic Search,/contact      ,3054,1990,1064,3497,4799,0.5,251.3,371,0.1,18552.9,6.1,2025-12-29
21-02-2026,Saturday ,Chrome ,Tablet ,UK     ,Organic Search,/blog         ,2536,2019,517,2582,6717,0.3,212,327,0.1,18781.4,7.4,2026-02-21
16-11-2025,Sunday   ,Chrome ,Desktop,USA    ,Paid Search   ,/products     ,1456,1225,231,1654,3098,0.7,152.2,244,0.2,30978.3,21.3,2025-11-16
02-03-2026,Monday   ,Chrome ,Desktop,India  ,Social Media  ,/landing-promo,3854,2892,962,3920,7996,0.6,299.4,185,0,12666.6,3.3,2026-02-03
19-10-2025,Sunday   ,Chrome ,Desktop,Japan  ,Social Media  ,/landing-promo,2562,2069,493,2881,9939,0.7,385.4,191,0.1,22560.8,8.8,2025-10-19
22-03-2026,Sunday   ,Chrome ,Mobile ,UK     ,Referral      ,/pricing      ,910,792,118,994,2340,0.6,52.8,105,0.1,23433,25.8,2026-03-22
12-02-2026,Thursday ,Chrome ,Desktop,Japan  ,Paid Search   ,/landing-promo,772,611,161,843,2977,0.7,583.7,125,0.2,7371.9,9.5,2026-12-02
01-03-2026,Sunday   ,Edge   ,Mobile ,UK     ,Email         ,/blog         ,300,181,119,320,1206,0.4,174.5,51,0.2,10470.8,34.9,2026-01-03
30-01-2026,Friday   ,Chrome ,Desktop,UK     ,Paid Search   ,/contact      ,5275,4309,966,5323,10733,0.3,396.7,872,0.2,189132.7,35.9,2026-01-30
20-03-2026,Friday   ,Chrome ,Desktop,India  ,Organic Search,/blog         ,2544,1705,839,2716,5209,0.4,399.8,258,0.1,28419.7,11.2,2026-03-20
13-02-2026,Friday   ,Chrome ,Desktop,India  ,Paid Search   ,/blog         ,3121,2750,371,3487,11152,0.7,411.8,441,0.1,16660,5.3,2026-02-13
14-12-2025,Sunday   ,Chrome ,Desktop,USA    ,Paid Search   ,/landing-promo,1184,999,185,1248,4580,0.6,373.9,204,0.2,35906.2,30.3,2025-12-14
09-01-2026,Friday   ,Chrome ,Desktop,UAE    ,Organic Search,/home         ,1270,819,451,1399,3807,0.4,231.1,201,0.2,16417,12.9,2026-09-01
10-10-2025,Friday   ,Chrome ,Mobile ,Japan  ,Direct        ,/contact      ,3516,2177,1339,3897,5341,0.4,175.3,521,0.1,82946.5,23.6,2025-10-10
