raw_date,Day_of_Week,Browser,Device_Type,Country,Traffic_Source,Landing_Page,Visitors,New_Visitors,Returning_Visitors,Sessions,Page_Views,Bounce_Rate,Avg_Session_Duration_Sec,Conversions,Conversion_Rate,Revenue,Revenue_Per_Visitor
30-09-2025,Tuesday,Chrome,Mobile,USA,Direct,/pricing,3142,1286,1856,3185,13707,0.6051,183.3,488,0.1554,150891.58,48.0241
01-17-2026,Saturday,Safari,Desktop,Germany,Direct,/landing-promo,3974,1838,2136,4099,6808,0.4398,294.1,599,0.1508,117429.68,29.5495
23-12-2025,Tuesday,Chrome,Desktop,USA,Social Media,/contact,1586,1218,368,1818,7276,0.7591,410.9,113,0.0713,37332.31,23.5387
24-03-2026,Tuesday,Chrome,Desktop,USA,Organic Search,/home,2224,1605,619,2339,5695,0.5437,368.7,351,0.1581,81885.12,36.8188
24-10-2025,Friday,Firefox,Tablet,Canada,Organic Search,/products,3174,2222,952,3575,6097,0.4364,224.4,461,0.1453,88651.1,27.9304
29-10-2025,Wednesday,Chrome,Desktop,India,Paid Search,/contact,3501,2965,536,3606,9789,0.584,219.3,516,0.1474,39924.2,11.4037
22-03-2026,Sunday,Safari,Mobile,USA,Email,/landing-promo,959,537,422,1030,1639,0.3748,380.8,172,0.18,55861.65,58.2499
06-12-2025,Saturday,Chrome,Desktop,Japan,Direct,/pricing,1768,908,860,1978,3863,0.3426,664.8,271,0.1538,12067.66,6.8256
17-10-2025,Friday,Safari,Desktop,Japan,Paid Search,/contact,3684,2886,798,4216,11850,2.035,576.7,638,0.1732,84214.5,22.8595
16-11-2025,Sunday,Safari,Mobile,USA,Paid Search,/pricing,515,387,128,572,947,0.496,228.8,85,0.1667,16166.75,31.3917
06-12-2025,Saturday,Safari,Mobile,USA,Organic Search,/landing-promo,563,351,212,589,740,0.4176,285.4,76,0.1363,13742.39,24.4092
19-03-2026,Thursday,Chrome,Desktop,UK,Social Media,/pricing,1391,1049,342,1595,5506,0.5947,404.7,84,0.0611,16108.9,11.5808
07-10-2025,Tuesday,Firefox,Mobile,USA,Referral,/products,3739,3350,389,3958,9893,0.4069,212.5,532,0.1423,160382.44,42.8945
26-01-2026,Monday,Chrome,Mobile,Germany,Social Media,/about,342,302,40,381,991,0.6423,85.8,19,0.0583,3013.37,8.811
04-02-2026,Wednesday,Safari,Mobile,France,Organic Search,/about,3141,2126,1015,3569,10857,0.7317,130.9,432,0.1378,46872.48,14.9228
22-03-2026,Sunday,Chrome,Desktop,Japan,Organic Search,/products,2230,1500,730,2348,5495,0.5306,450.8,303,0.136,57677.57,25.8644
12-01-2026,Monday,Chrome,Mobile,France,Organic Search,/landing-promo,1730,1109,621,1826,6487,0.6141,79,209,0.1211,26837.84,15.5132
13-02-2026,Friday,Chrome,Mobile,India,,/about,2650,1814,836,3041,7862,0.6804,101.6,241,0.0911,14892.71,5.6199
17-01-2026,Saturday,Chrome,Desktop,France,Paid Search,/blog,3110,2480,630,3503,14468,0.4622,590.6,481,0.1548,78194.27,25.1429
29-12-2025,Monday,Chrome,Desktop,USA,Direct,/landing-promo,5261,2827,2434,5804,22961,0.42,528.9,924,0.1757,219516.81,41.7253
01-12-2025,Monday,Chrome,Desktop,Germany,Social Media,/landing-promo,1131,958,173,1165,5103,0.7205,181,69,0.0618,18772.96,16.5985
10-12-2025,Wednesday,Safari,Desktop,USA,Organic Search,/blog,3735,2842,893,3940,14752,0.4202,393.7,601,0.1611,123344.34,33.0239
05-10-2025,Sunday,Chrome,Desktop,USA,Organic Search,/about,2454,1816,638,2727,4556,0.5592,455.3,363,0.1482,101820.76,41.4918
27-01-2026,Tuesday,Chrome,Mobile,India,Organic Search,/blog,4418,3083,1335,4730,7420,0.458,242.2,485,0.11,34291.65,7.7618
28-02-2026,Saturday,Chrome,Mobile,UK,Organic Search,/about,2249,1525,724,2530,4723,0.5771,237.4,270,0.1203,28459.18,12.6541
08-12-2025,Monday,Chrome,Mobile,USA,Organic Search,/pricing,3746,2895,851,4069,16050,0.7036,124.3,577,0.1542,186766.44,49.8576
26-12-2025,Friday,Chrome,Desktop,UK,Paid Search,/products,5443,4721,722,5523,17705,0.5613,126.7,891,0.1638,223315.22,41.028
11-01-2026,Sunday,Chrome,Desktop,UK,Organic Search,/about,1499,1081,418,1631,5520,0.4923,400.9,224,0.1496,13452.93,8.9746
09-11-2025,Sunday,Chrome,Tablet,Canada,Direct,/pricing,433,232,201,489,1187,0.3179,232.5,59,0.1368,7208.25,16.6472
21-01-2026,Wednesday,Safari,Desktop,India,Organic Search,/pricing,3483,2346,1137,3996,10577,0.6173,254.2,434,0.1247,24441.38,7.0173
27-11-2025,Thursday,Chrome,Desktop,India,Organic Search,/about,1301,920,381,1329,3360,0.3887,374,153,0.118,11116.26,8.5444
14-01-2026,Wednesday,Safari,Desktop,USA,Organic Search,/contact,3740,2263,1477,3823,10516,0.2722,465.5,613,0.1641,56471.93,15.0994
05-10-2025,Sunday,Safari,Tablet,CAN,Paid Search,/home,3962,2987,975,4155,10962,0.7377,328.4,614,0.1552,37811.99,9.5437
23-11-2025,Sunday,Safari,Mobile,USA,Organic Search,/landing-promo,639,502,137,734,2911,0.512,119.1,84,0.132,14794.6,23.1527
21-10-2025,Tuesday,Chrome,Mobile,India,Direct,/landing-promo,1709,1026,683,1864,5400,0.3791,262.7,178,0.1043,7689.34,4.4993
09-01-2026,Friday,Chrome,Desktop,USA,Social Media,/contact,1667,1331,336,1809,3201,0.6589,394.9,146,0.0877,19156.02,11.4913
10-01-2026,Saturday,Chrome,Desktop,India,Organic Search,/about,1429,927,502,1474,2154,0.5803,513.7,160,0.1122,5784.04,4.0476
06-02-2026,Friday,Safari,Desktop,Japan,Referral,/about,2570,2007,563,2716,3231,0.3652,133.8,351,0.1366,40538.2,15.7736
19-03-2026,Thursday,Chrome,Mobile,India,Social Media,/landing-promo,3411,2819,592,3586,9093,0.8131,144.4,120,0.0353,10577.73,3.1011
19-11-2025,Wednesday,Chrome,Mobile,Japan,Social Media,/home,4212,3238,974,4332,16041,0.5411,153.5,268,0.0638,49157.01,11.6707
03-10-2025,Friday,Chrome,Mobile,India,Organic Search,/pricing,4048,2431,1617,4102,18107,0.4134,138.5,443,0.1096,43836.4,10.8292
12-03-2026,Thursday,Safari,Mobile,Japan,Email,/products,1679,1053,626,1721,6253,0.4219,134.8,281,0.1674,18529.52,11.036
15-01-2026,Thursday,Chrome,tab,France,Direct,/home,1638,706,932,1742,6366,0.5974,519.8,198,0.1211,19392.33,11.839
07-01-2026,Wednesday,Safari,Mobile,Germany,Organic Search,/about,2294,1508,786,2546,6840,0.4885,101.2,318,0.1388,34417.93,15.0035
17-12-2025,Wednesday,Chrome,Desktop,USA,Organic Search,/pricing,4394,2982,1412,4505,8810,0.6357,244.5,668,0.1521,75862.21,17.265
07-12-2025,Sunday,Safari,Tablet,USA,Social Media,/about,2209,1864,345,2293,5750,0.7515,123.1,176,0.0798,42754.95,19.3549
16-11-2025,Sunday,Chrome,Desktop,UK,Social Media,/products,1031,884,147,1143,3034,0.7506,293.1,63,0.062,5476.84,5.3122
12-10-2025,Sunday,Chrome,Mobile,USA,Organic Search,/about,2077,1530,547,2268,3944,0.3485,261.3,299,0.1442,71989.09,34.6601
25-12-2025,Thursday,Chrome,Desktop,IND,Paid Search,/products,2387,2116,271,2415,5453,0.4245,217.6,298,0.1249,26986.9,11.3058
31-10-2025,Friday,Chrome,Mobile,India,Organic Search,/contact,1679,1288,391,1928,2169,0.6932,137.3,158,0.0946,3811.6,2.2702
28-01-2026,Wednesday,Chrome,Desktop,India,Paid Search,/products,1504,1242,262,1532,3553,0.637,289.3,194,0.1296,14572.11,9.6889
09-02-2026,Monday,,Desktop,USA,Referral,/home,2687,2073,614,2732,12783,0.4403,592,378,0.1407,85347.74,31.7632
28-02-2026,Saturday,Chrome,desktop,India,Direct,/about,573,234,339,607,2607,0.4925,309.1,63,0.1111,2124.19,3.7071
11-11-2025,Tuesday,Edge,Desktop,UAE,Direct,/landing-promo,1190,603,587,1325,4123,0.3297,546.9,196,0.1652,30914.08,25.9782
26-11-2025,Wednesday,Chrome,Desktop,UK,Email,/products,2059,903,1156,2247,6329,0.5484,429.3,356,0.1731,60057.56,29.1683
06-01-2026,Tuesday,Safari,Desktop,France,Social Media,/pricing,3495,3027,468,3876,9276,0.6849,143.1,236,0.0677,36893.16,10.556
17-10-2025,Friday,Chrome,Mobile,Germany,Social Media,/landing-promo,3833,3351,482,3891,16015,0.5033,220.3,271,0.0709,42071.33,10.9761
27-11-2025,Thursday,Safari,Mobile,Canada,Direct,/pricing,1070,657,413,1075,2481,0.4327,248.6,156,0.1464,30953.73,28.9287
03-11-2025,Monday,Firefox,Mobile,USA,Paid Search,/contact,5658,5047,611,5802,7675,0.5231,202.6,979,0.1731,-1556.52,0
16-10-2025,Thursday,Chrome,Tablet,USA,Organic Search,/contact,3869,2902,967,4340,13435,0.6538,285.5,586,0.1515,0,0
28-09-2025,Sunday,Chrome,Mobile,USA,Organic Search,/home,2395,1826,569,2566,7437,0.4283,199.4,325,0.1358,81153.99,33.8848
26-10-2025,Sunday,Chrome,Mobile,France,Referral,/pricing,1984,1629,355,2132,5828,0.4123,231.8,229,0.1155,48449.14,24.4199
02-11-2025,Sunday,Firefox,Desktop,USA,Paid Search,/products,2283,1724,559,2336,6149,0.399,569.4,399,0.1748,45786.67,20.0555
11-03-2026,Wednesday,Chrome,Mobile,USA,Organic Search,/landing-promo,3686,2490,1196,3911,8868,0.5843,293.2,527,0.1432,0,0
17-02-2026,Tuesday,Safari,Desktop,USA,Direct,/home,3698,1733,1965,3704,15936,0.3955,634.3,633,0.1712,76148.21,20.5917
01-10-2025,Wednesday,Chrome,Mobile,India,Organic Search,/contact,1980,1315,665,2166,3662,0.4391,298,204,0.1032,11264.28,5.689
22-03-2026,Sunday,Safari,Mobile,India,Email,/products,330,168,162,335,794,0.3173,285.2,45,0.1388,857.84,2.5995
01-10-2025,Wednesday,Chrome,Mobile,UK,Organic Search,/pricing,4299,2822,1477,4328,12620,0.3157,110.5,625,0.1456,154530,35.9456
18-10-2025,Saturday,Chrome,Mobile,USA,Organic Search,/home,362,249,113,369,665,0.5956,177.8,51,0.1411,6438.65,17.7863
04-10-2025,Saturday,Chrome,Desktop,India,Email,/blog,1175,493,682,1301,2435,0.4676,388.7,166,0.1414,10939.36,9.3101
02-10-2025,Thursday,Firefox,Desktop,UAE,Organic Search,/contact,1300,1030,270,1453,2008,0.2709,316.3,190,0.1463,43649.6,33.5766
29-11-2025,Saturday,Chrome,Desktop,France,Direct,/pricing,2422,1355,1067,2509,3912,0.5231,700.9,331,0.137,69464.78,28.6808
26-02-2026,Thursday,Firefox,Mobile,Canada,Direct,/home,5322,2203,3119,5829,14291,0.5182,74.4,749,0.1409,75245.47,14.1386
30-09-2025,Tuesday,Safari,Mobile,Germany,Direct,/home,3486,1828,1658,3874,9516,0.3567,358.3,542,0.1556,135667.83,38.9179
30-11-2025,Sunday,Chrome,Desktop,France,Paid Search,/products,2622,2269,353,2755,4870,0.6032,525.9,390,0.1489,68709.61,26.205
14-03-2026,Saturday,Chrome,Desktop,USA,Organic Search,/landing-promo,2499,1927,572,2676,9685,0.2902,307.1,355,0.1424,48335.82,19.3421
30-10-2025,Thursday,Chrome,Desktop,USA,Paid Search,/landing-promo,1735,1533,202,1936,2567,0.6329,140.4,305,0.1759,18909.63,10.8989
15-01-2026,Thursday,Firefox,Mobile,USA,Direct,/products,1960,914,1046,2224,245,0.4393,387,294,0.1501,51560.6,26.3064
10-11-2025,Monday,Chrome,Desktop,IND,Direct,/products,3059,1463,1596,3233,13564,0.5811,754,401,0.1313,10163.47,3.3225
11-10-2025,Saturday,Chrome,Mobile,USA,Social Media,/landing-promo,2426,1963,463,2682,10871,0.6968,143.4,183,0.0755,22054.4,9.0908
02-11-2025,Sunday,Chrome,Mobile,Canada,Paid Search,/pricing,3634,3212,422,3645,13504,0.6148,206.9,579,0.1595,96353.89,26.5146
05-10-2025,Sunday,Safari,Desktop,France,Organic Search,/about,1750,1385,365,1976,4132,0.6316,317,230,0.1318,36680.52,20.9603
12-02-2026,Thursday,Chrome,Mobile,USA,Organic Search,/contact,1714,1148,566,1718,5073,0.6938,106.9,223,0.1303,72911.6,42.5389
06-12-2025,Saturday,Chrome,Desktop,Germany,Organic Search,/landing-promo,2149,1482,667,2366,4390,0.5864,461.6,314,0.1465,73472.68,34.1892
07-01-2026,Wednesday,Firefox,Mobile,Canada,Social Media,/products,-466,2404,330,3112,11487,0.6154,51.4,145,0.0531,38880.85,14.2212
21-02-2026,Saturday,Chrome,Desktop,,Direct,/about,3261,1596,1665,3652,13503,0.2854,285,448,0.1375,13466.43,4.1295
06-01-2026,Tuesday,Chrome,Mobile,Germany,Organic Search,/products,4195,2645,1550,4385,10225,0.5502,93.4,577,0.1377,109823.72,26.1797
19-01-2026,Monday,Firefox,Desktop,USA,Organic Search,/contact,2452,1961,491,2458,9803,0.4591,433.4,345,0.1408,31080.21,12.6755
27-11-2025,Thursday,Chrome,Desktop,FRANCE,Paid Search,/landing-promo,2093,1780,313,2274,6085,0.6269,579.4,328,0.1571,23024.34,11.0006
04-12-2025,Thursday,Firefox,Mobile,USA,Organic Search,/home,5009,3970,1039,5619,17400,0.57,99.3,727,0.1452,151895.05,30.3244
17-01-2026,Saturday,Chrome,Desktop,Japan,Organic Search,/products,1712,1301,411,1903,4486,0.6204,197,238,0.1396,21106.04,12.3283
16-02-2026,Monday,Safari,Mobile,UAE,Organic Search,/blog,2360,1465,895,2691,4320,0.6847,119.7,316,0.1341,34797.83,14.7448
27-02-2026,Friday,Chrome,Desktop,Japan,Paid Search,/blog,3864,3312,552,4382,6911,0.6296,450.6,647,0.1677,111021.29,28.7322
01-03-2026,Sunday,Safari,Desktop,Japan,Social Media,/blog,2891,2314,577,2970,7777,0.3692,360.2,227,0.0788,11158.27,3.8597
23-11-2025,Sunday,Firefox,Desktop,India,Referral,/about,1784,1458,326,1845,3400,0.4779,238,194,0.1089,16762.86,9.3962
05-03-2026,Thursday,Edge,Mobile,USA,Paid Search,/home,1716,1415,301,1829,3237,0.5582,97,278,0.1622,84059.54,48.9857
25-12-2025,Thursday,Safari,Mobile,Japan,Organic Search,/pricing,2046,1255,791,2308,3812,0.3503,105.2,272,0.133,48861.07,23.8813
14-12-2025,Sunday,Chrome,Desktop,UAE,Direct,/landing-promo,3017,1929,1088,3219,10544,0.3888,568,526,0.1744,43051.14,14.2695
09-01-2026,Friday,Chrome,Mobile,Germany,Referral,/about,3145,2404,741,3423,11408,0.6366,153,386,0.123,54378.55,17.2905
28-01-2026,Wednesday,Chrome,Mobile,India,Email,/home,1409,830,579,1612,6444,0.3369,210.2,200,0.1421,20385.88,14.4683
20-10-2025,Monday,Chrome,Desktop,Canada,Organic Search,/products,3687,2430,1257,3835,10867,0.5255,284.3,561,0.1524,32216.86,8.738
29-01-2026,Thursday,Chrome,Desktop,UK,Social Media,/products,373,299,74,403,485,0.5546,319.1,25,0.068,6333.82,16.9808
02-01-2026,Friday,Chrome,Desktop,UAE,Organic Search,/landing-promo,0,2171,1233,3582,16272,0.4122,499.7,560,0.1647,0,0
01-02-2026,Sunday,Chrome,Desktop,India,Organic Search,/contact,2050,1237,813,2234,2924,0.3213,374.7,221,0.1082,20059.34,9.785
20-03-2026,Friday,Safari,Mobile,USA,direct,/products,4176,1829,2347,4601,8083,0.3634,258.2,689,0.1651,45983.52,11.0114
05-11-2025,Wednesday,Safari,Desktop,Germany,Social Media,/about,4015,3262,753,4444,401,0.736,245,333,0.0831,70328.73,17.5165
20-01-2026,Tuesday,Chrome,Desktop,Japan,Organic Search,/landing-promo,3183,1915,1268,3630,14344,0.5471,559.3,482,0.1517,73736.54,23.1657
03-11-2025,Monday,Firefox,Desktop,USA,Social Media,/blog,3764,2935,829,3849,12659,0.704,293.3,328,0.0873,102533.65,27.2406
23-01-2026,Friday,Firefox,Mobile,Japan,Organic Search,/products,4905,3578,1327,5153,12976,0.4132,158,668,0.1363,65711.38,13.3968
08-12-2025,Monday,,Desktop,Germany,Direct,/contact,906,487,419,995,2224,0.5695,576.5,135,0.1494,31815.56,35.1165
17-03-2026,Tuesday,Chrome,Mobile,Japan,Direct,/home,1131,564,567,1190,3292,0.463,309.9,149,0.1325,32197.09,28.4678
19-10-2025,Sunday,Chrome,Desktop,Canada,Direct,/home,672,402,270,693,2329,0.5042,671.5,105,0.1566,21807.89,32.4522
12-11-2025,Wednesday,Chrome,Tablet,Germany,Organic Search,/pricing,1593,1199,394,1708,6348,0.6017,220.1,200,0.1258,-2083.64,31.1712
03-11-2025,Monday,Edge,Tablet,USA,Direct,/pricing,2424,1322,1102,2534,3274,0.6253,345.3,379,0.1565,70830.83,29.2206
28-02-2026,Saturday,Chrome,Mobile,France,Direct,/about,1561,813,748,1612,7317,0.3061,305.7,190,0.1222,37522.19,24.0373
09-01-2026,Friday,Chrome,Desktop,France,Organic Search,/blog,722,447,275,807,3312,0.6003,164.6,89,0.1238,16246.15,22.5016
23-01-2026,Friday,Edge,Desktop,India,Paid Search,/products,1581,1275,306,1776,5166,0.7177,140,206,0.1307,19492.77,12.3294
17-01-2026,Saturday,Safari,Desktop,Canada,Organic Search,/contact,2730,2159,571,3124,3431,0.5519,550.7,401,0.1469,18987.23,6.955
19-12-2025,Friday,Safari,Desktop,India,Paid Search,/landing-promo,5164,4632,532,5227,21018,0.4712,534.3,688,0.1334,73900.35,14.3107
04-11-2025,Tuesday,Chrome,Desktop,India,Direct,/products,2388,970,1418,2477,10565,0.3826,128.3,296,0.1243,28927.02,12.1135
10-03-2026,Tuesday,Safari,Desktop,Japan,Organic Search,/blog,3291,2183,1108,3715,5512,0.4874,295.4,511,0.1553,82672.51,25.1208
16-12-2025,Tuesday,Chrome,Mobile,UAE,Paid Search,/products,1277,1010,267,1358,2192,0.5843,147.6,194,0.1527,8676.77,6.7947
02-03-2026,Monday,Safari,Mobile,France,Direct,/products,3494,1674,1820,3820,7851,0.6481,290.9,470,0.1348,77641.29,22.2213
23-01-2026,Friday,Edge,DESKTOP,India,Social Media,/blog,904,759,145,994,3687,0.5239,196.8,36,0.0408,3781.69,4.1833
15-02-2026,Sunday,Safari,Mobile,USA,Direct,/products,2498,1392,1106,2623,9961,0.3602,376.1,366,0.1467,49858.86,19.9595
05-01-2026,Monday,Chrome,Desktop,India,Paid Search,/landing-promo,1720,1409,311,1875,5282,0.4189,309.7,222,0.1292,25145.04,14.6192
09-02-2026,Monday,Chrome,Desktop,UK,Organic Search,/blog,3765,2908,857,4116,14080,0.3719,217.7,600,0.1595,116124.31,30.8431
20-03-2026,Friday,Chrome,Desktop,UK,Organic Search,/pricing,2771,1812,959,2805,6140,0.4316,416.5,370,0.1337,24364.96,8.7928
26-01-2026,Monday,Safari,Desktop,Germany,Organic Search,/about,777,499,278,826,2752,0.5246,293.9,109,0.1408,11683.7,15.0369
27-10-2025,Monday,Edge,Mobile,France,Direct,/pricing,4364,2120,2244,4370,18711,0.3974,369.9,629,0.1443,-2661.26,25.0212
30-09-2025,Tuesday,Safari,Mobile,USA,Social Media,/about,667,585,82,765,2222,0.4605,160,41,0.0627,6303.86,9.4511
03-01-2026,Saturday,Safari,Desktop,USA,Organic Search,/products,3424,2419,1005,3872,5283,0.6371,199.6,550,0.1609,81554.62,23.8185
20-03-2026,Friday,Chrome,Desktop,France,Paid Search,/about,1957,1477,480,2128,4697,0.3866,287.9,301,0.154,48735.46,24.9031
18-01-2026,Sunday,Chrome,Desktop,India,Paid Search,/products,2068,1609,459,2298,9274,0.4412,497.4,276,0.1339,24345.18,11.7723
18-12-2025,Thursday,Safari,Desktop,India,Organic Search,/blog,3809,2317,1492,4277,16883,0.4398,546.9,438,0.1151,35275.46,9.2611
27-01-2026,Tuesday,Chrome,Desktop,Canada,Referral,/products,2703,2256,447,2861,9894,0.3551,374.6,340,0.1258,42061.47,15.561
20-10-2025,Monday,Chrome,Desktop,Canada,Paid Search,/about,4518,3630,888,5075,17931,0.3595,586.7,763,0.169,104079.04,23.0365
15-12-2025,Monday,Chrome,Desktop,India,Direct,/landing-promo,876,375,501,926,1155,0.6061,287.5,106,0.1211,7345.14,8.3849
15-01-2026,Thursday,Chrome,Desktop,UK,Paid Search,/landing-promo,5348,4275,1073,5598,18283,0.657,462.2,912,0.1707,194100.12,36.294
21-10-2025,Tuesday,Safari,Desktop,France,Referral,,669,601,68,697,1006,0.6218,508,86,0.129,15618.15,23.3455
11-12-2025,Thursday,Chrome,Desktop,USA,Social Media,/pricing,3877,3273,604,4031,17142,0.6167,247.9,339,0.0876,21985.03,5.6706
18-10-2025,Saturday,Chrome,Desktop,USA,Organic Search,/home,1214,756,458,1249,1987,0.6079,174.6,181,0.1499,31584.89,26.0172
26-12-2025,Friday,Firefox,Mobile,USA,Paid Search,/about,4665,3795,870,5350,16637,0.5503,201.2,756,0.1621,81038.6,17.3716
28-02-2026,Saturday,Safari,Mobile,UAE,Direct,/products,1225,550,675,1323,4799,0.3977,236,183,0.1499,13664.75,11.1549
17-01-2026,Saturday,Chrome,Tablet,India,Organic Search,/landing-promo,3261,2468,793,3468,10672,0.5206,182,380,0.1166,34925.02,10.7099
18-03-2026,Wednesday,Chrome,Desktop,India,Organic Search,/pricing,2752,1980,772,2944,9392,0.3037,414.2,293,0.1065,25946.77,9.4283
07-01-2026,Wednesday,Chrome,Desktop,Germany,Direct,/about,2885,1202,1683,3006,6846,0.5443,360.9,415,0.144,35768.96,12.3983
20-02-2026,Friday,,Desktop,India,Referral,/pricing,2772,2103,669,3176,5801,0.5515,539.8,265,0.0958,23537.88,8.4913
15-03-2026,Sunday,Firefox,MOBILE,Japan,Organic Search,/products,1646,1313,333,1672,2960,0.453,129.6,200,0.1219,33359.55,20.267
18-01-2026,Sunday,Safari,Mobile,India,Direct,/home,3101,1741,1360,3189,8666,0.3514,62.1,387,0.1249,33039.37,10.6544
27-10-2025,Monday,Chrome,Mobile,UAE,Direct,/pricing,5153,2076,3077,5456,18369,0.5383,282.3,796,0.1545,71906.86,13.9544
01-03-2026,Sunday,Firefox,Mobile,UK,Paid Search,/pricing,2384,1975,409,2497,4936,0.591,132.1,355,0.1493,103270.8,43.3183
03-03-2026,Tuesday,,Mobile,Canada,Organic Search,/products,1106,697,409,1255,3127,0.4824,218.9,139,0.1264,8390.8,7.5866
22-10-2025,Wednesday,Safari,Desktop,France,Direct,/products,5084,2292,2792,5586,20199,0.3406,247.9,781,0.1537,85602.74,16.8377
26-11-2025,Wednesday,Edge,Desktop,UAE,Email,/landing-promo,380,226,154,392,546,0.2539,330.7,68,0.18,16681.35,43.8983
09-02-2026,Monday,Chrome,Tablet,USA,Direct,/contact,5360,2964,2396,5406,18953,0.5224,215.2,809,0.151,236025.34,44.0346
20-10-2025,Monday,Chrome,Desktop,India,Direct,/contact,5259,2971,2288,6040,9986,0.5329,351.9,672,0.1278,18428.28,3.5041
09-12-2025,Tuesday,Chrome,Desktop,Germany,Organic Search,/blog,5060,3277,1783,5413,22153,0.5811,466.8,740,0.1464,68845.04,13.6057
09-11-2025,Sunday,Chrome,Tablet,USA,Paid Search,/blog,666,553,113,718,1323,0.3577,351.5,108,0.1624,7354.03,11.0421
22-03-2026,Sunday,Firefox,Tablet,USA,Organic Search,/about,3098,2045,1053,3540,9026,0.4209,243.3,482,0.1558,120518.69,38.9021
04-10-2025,Saturday,Edge,Desktop,UK,Social Media,/contact,2072,1864,208,2329,5411,0.5275,360.2,138,0.0668,24810.39,11.9741
15-11-2025,Saturday,Safari,Mobile,USA,Organic Search,/contact,2331,1730,601,2451,7226,0.4913,277.2,314,0.135,26865.01,11.5251
15-01-2026,Thursday,Safari,Mobile,India,Social Media,/blog,4396,3771,625,4830,13837,0.4386,176.5,155,0.0353,14270.82,3.2463
24-01-2026,Saturday,Chrome,Desktop,India,Email,/pricing,1948,1113,835,2222,2748,0.3106,522.8,275,0.1413,22302.35,11.4488
02-03-2026,Monday,Safari,Desktop,France,Organic Search,/home,2736,2077,659,2815,9475,0.294,528.4,344,0.126,46303.92,16.9239
10-03-2026,Tuesday,Safari,Tablet,India,Organic search,/home,3396,2649,747,3665,13251,0.6416,191.8,357,0.1053,21666.63,6.38
23-03-2026,Monday,Firefox,Desktop,UK,Organic Search,/contact,3372,2399,973,3718,15010,0.474,233.5,472,0.1402,134754.21,39.9627
04-03-2026,Wednesday,Chrome,Desktop,USA,social media,/about,1805,1487,318,1895,3537,0.6235,363.1,145,0.0806,48307.31,26.7631
08-11-2025,Saturday,Chrome,Tablet,UAE,Email,/contact,1335,713,622,1500,3044,0.5849,265.3,240,0.18,65286.06,48.9034
26-01-2026,Monday,Chrome,Desktop,UAE,Direct,/landing-promo,4006,1722,2284,4231,4916,0.3196,307.2,662,0.1653,154062.37,38.4579
13-03-2026,Friday,Chrome,Desktop,Germany,Organic Search,/landing-promo,1705,1214,491,1938,2682,1.8533,393.1,242,0.1422,45718.29,26.8142
24-11-2025,Monday,Firefox,Desktop,USA,Paid Search,/about,2233,1805,428,2325,9355,0.6202,184.4,388,0.1739,52994.34,23.7324
29-01-2026,Thursday,Chrome,Mobile,USA,Direct,/contact,5273,2631,2642,6041,14594,0.3881,94.8,791,0.1501,160622.46,30.4613
21-03-2026,Saturday,Safari,Tablet,UK,Social Media,/products,2628,1986,642,2713,12606,0.6258,155.7,149,0.0568,17419.71,6.6285
04-01-2026,Sunday,Chrome,Desktop,USA,Referral,/landing-promo,1644,1445,199,1714,2787,0.5819,454.1,236,0.1441,11427.66,6.9511
25-01-2026,Sunday,Chrome,Mobile,India,Organic Search,/pricing,315,190,125,352,708,0.608,138.9,34,0.11,2893.19,9.1847
05-11-2025,Wednesday,Chrome,Tablet,USA,Organic Search,/contact,3107,2215,892,3531,9448,0.3225,132.2,460,0.1483,83523.2,26.8823
19-01-2026,Monday,Safari,Desktop,UK,Organic Search,/home,3323,2299,1024,3485,14280,0.4505,588,483,0.1454,134635.37,40.5162
11-11-2025,Tuesday,Chrome,Desktop,India,Organic Search,/pricing,5159,3244,1915,5562,14481,0.5837,508,597,0.1158,14063.15,2.7259
03-11-2025,Monday,Safari,Tablet,UK,Direct,/blog,5270,3002,2268,5848,18514,0.4981,412,772,0.1465,135952.16,25.7974
29-12-2025,Monday,Firefox,Mobile,USA,Referral,/landing-promo,1246,1012,234,1299,4804,0.687,224.1,174,0.14,,20.3166
29-11-2025,Saturday,Chrome,Desktop,India,Organic Search,/blog,369,287,82,405,444,0.5996,469.1,40,0.1106,2162.37,5.8601
05-11-2025,Wednesday,Safari,Desktop,UAE,Referral,/pricing,3378,2549,829,3406,4223,0.4123,544.7,501,0.1484,81049.7,23.9934
31-01-2026,Saturday,Chrome,Tablet,Germany,Organic Search,/blog,2809,2175,634,3032,9429,0.4139,314.1,368,0.1313,16168.5,5.756
11-02-2026,Wednesday,Chrome,Desktop,UK,Direct,/contact,696,322,374,792,934,0.352,443.4,97,0.1404,11402.32,16.3826
08-10-2025,Wednesday,Chrome,Mobile,Canada,Organic Search,/products,2319,1751,568,2609,4325,0.4193,141.1,283,0.1223,21395.34,9.2261
17-02-2026,Tuesday,Safari,Mobile,UAE,Direct,/products,694,375,319,731,2554,0.3688,212.4,101,0.1459,8559.93,12.3342
06-03-2026,Friday,Safari,Desktop,Germany,Organic Search,/blog,1974,1308,666,2103,5703,0.4631,402.1,292,0.1484,55589.13,28.1607
28-09-2025,Sunday,Chrome,Desktop,USA,Paid Search,/contact,2751,2410,341,2978,10828,0.5123,457.7,441,0.1606,115218.47,41.8824
11-01-2026,Sunday,Chrome,Desktop,USA,Social Media,/pricing,1173,900,273,1322,4334,0.3633,370.6,85,0.073,10172.62,8.6723
19-02-2026,Thursday,Safari,Mobile,UK,Organic search,/landing-promo,1822,1359,463,2037,4261,0.4998,108.1,237,0.1306,30700.19,16.8497
05-10-2025,Sunday,Safari,Desktop,France,Paid Search,/about,2628,2183,445,3013,5568,0.573,,372,0.1416,26705.69,10.162
07-11-2025,Friday,Safari,Tablet,Canada,Organic Search,/products,2182,1695,487,2250,7631,0.4862,368.6,265,0.1216,70543.08,32.3296
26-10-2025,Sunday,Firefox,Desktop,India,Paid Search,/home,3789,3226,563,4031,8316,0.6914,489.5,504,0.1332,42763.17,11.2861
08-12-2025,Monday,Safari,Mobile,India,Social Media,/home,420,324,96,421,828,0.5697,176.4,12,0.0304,1114.41,2.6534
22-03-2026,Sunday,Safari,Desktop,USA,Paid Search,,1005,854,151,1123,4591,0.5711,423.4,162,0.1618,29282.02,29.1363
03-11-2025,Monday,Chrome,Desktop,India,Social Media,/about,2475,1953,522,2801,11080,0.5441,310.1,88,0.0358,5510.32,2.2264
19-12-2025,Friday,Safari,Mobile,USA,Paid Search,/about,4642,3617,1025,4917,10779,0.5045,151.9,759,0.1636,0,0
26-11-2025,Wednesday,Chrome,mobile,France,Organic Search,/pricing,1141,726,415,1179,1914,0.5725,222.4,148,0.1298,7709.81,6.7571
07-12-2025,Sunday,Chrome,Desktop,Japan,Paid Search,/landing-promo,2341,2047,294,2356,9972,0.4912,554.7,371,0.1585,66958.7,28.6026
26-10-2025,Sunday,Chrome,Mobile,UK,Direct,/about,416,214,202,474,849,0.5617,288,57,0.1382,12764.89,30.6848
01-02-2026,Sunday,Safari,Tablet,USA,Social Media,/blog,2935,2260,675,3162,12213,0.7334,266,218,0.0744,16760.09,5.7104
21-01-2026,Wednesday,Safari,Mobile,Canada,Organic Search,/pricing,2723,1756,967,2728,6838,0.4766,272.3,373,0.1371,59024.51,21.6763
22-01-2026,Thursday,Edge,Mobile,Japan,Organic Search,/blog,3348,2482,866,3538,8459,0.3484,185.4,444,0.1327,41408.52,12.3681
09-03-2026,Monday,Chrome,Desktop,USA,Organic Search,/blog,4869,3794,1075,5245,15019,0.4844,435.2,768,0.1578,56621.26,11.6289
27-01-2026,Tuesday,Chrome,Desktop,France,Paid Search,/landing-promo,4445,3353,1092,4834,20230,0.4027,549.1,750,0.1689,168004.28,37.7962
01-02-2026,Sunday,Edge,Desktop,Germany,Organic Search,/about,300,223,77,328,561,0.355,144.9,39,0.1306,5270.12,17.5671
10-12-2025,Wednesday,Firefox,Mobile,USA,Organic Search,/home,5034,3526,1508,5733,18257,0.4086,237.8,796,0.1583,264122,52.4676
06-02-2026,Friday,Firefox,Desktop,USA,Direct,/home,526,243,283,547,1578,0.4125,135.6,83,0.1588,30134.03,57.289
05-02-2026,Thursday,Safari,Desktop,Canada,Social Media,/products,3887,3049,838,3976,6343,0.641,438.7,332,0.0855,23241.71,5.9793
13-12-2025,Saturday,Chrome,Mobile,UK,Social Media,/pricing,300,257,43,317,1146,0.5802,126.4,17,0.0589,2046.66,6.8222
14-10-2025,Tuesday,Chrome,Desktop,UK,Organic Search,/about,2911,2018,893,3207,5503,0.6568,452.6,393,0.1351,65419.51,22.4732
04-10-2025,Saturday,Edge,Desktop,USA,DIRECT,/contact,2723,1368,1355,2893,6687,0.5671,370.1,440,0.1619,146036.19,53.6306
26-01-2026,Monday,Firefox,Desktop,France,Paid Search,/contact,5012,4280,732,5674,14675,0.4332,211.8,814,0.1626,82684.59,16.4973
14-02-2026,Saturday,Chrome,Desktop,UAE,Organic Search,/products,2413,1750,663,2753,4288,0.5526,234.5,377,0.1564,74715.81,30.9639
28-01-2026,Wednesday,Chrome,Mobile,USA,Organic Search,/contact,5431,3847,1584,5975,8712,0.6683,206.2,798,0.147,131605.44,24.2323
09-02-2026,Monday,Safari,Mobile,Germany,Social Media,/about,2114,1836,278,2202,7947,0.4363,136.6,146,0.0694,15515.05,7.3392
01-12-2025,Monday,Safari,Desktop,Japan,Referral,/contact,1055,921,134,1168,1889,0.4395,272.5,136,0.1294,5782.13,5.4807
27-11-2025,Thursday,Chrome,Desktop,Japan,Organic Search,/about,797,488,309,847,2733,0.4935,370.9,106,0.1341,8784.15,11.0215
02-11-2025,Sunday,Safari,Desktop,India,Paid Search,/about,2803,2198,605,3186,5111,0.4669,290.1,376,0.1344,31228,11.1409
22-11-2025,Saturday,Chrome,Desktop,USA,Organic Search,/pricing,2516,1935,581,2677,3880,0.526,299.7,398,1.6117,97344.12,38.69
06-11-2025,Thursday,Chrome,Desktop,India,Social Media,/contact,3204,2548,656,3571,4066,0.5569,341,163,0.051,0,0
09-03-2026,Monday,Safari,Mobile,USA,Paid Search,/products,3398,2925,473,3826,6448,0.7009,141.4,547,0.161,43508.09,12.804
15-02-2026,Sunday,Safari,Desktop,Germany,DIRECT,/blog,2217,1060,1157,2352,5838,0.5768,514.1,317,0.143,43699.57,19.7111
11-01-2026,Sunday,Chrome,Mobile,Canada,Social Media,/home,1137,981,156,1284,5398,0.6122,127.4,66,0.0581,13391.21,11.7777
26-10-2025,Sunday,Chrome,Desktop,USA,Direct,/blog,2035,948,1087,2042,2650,0.2414,430.5,311,0.1529,66983.63,32.9158
12-11-2025,Wednesday,Chrome,Mobile,USA,Social Media,/home,2622,2038,584,2653,4901,0.7892,85.9,199,0.0759,37619.9,14.3478
07-01-2026,Wednesday,Chrome,Desktop,India,Social Media,/pricing,730,633,97,772,1165,0.5558,162.3,30,0.0414,1685.55,2.309
10-03-2026,Tuesday,Safari,Desktop,India,Email,/landing-promo,1189,616,573,1196,4848,0.3887,592.6,168,0.1417,6351.76,5.3421
21-02-2026,Saturday,Firefox,Desktop,USA,Organic Search,/blog,2527,1722,805,2754,3740,0.5662,360.9,373,0.148,28637.37,11.3326
04-10-2025,Saturday,Chrome,Desktop,France,Organic Search,/landing-promo,-238,2368,743,3508,7921,0.4566,186,406,0.1306,14628.36,4.7021
05-11-2025,Wednesday,Chrome,Mobile,USA,Social Media,/products,3765,2975,790,4197,13066,0.7758,49.6,304,0.0809,23107.18,6.1374
07-03-2026,Saturday,Safari,Mobile,USA,Paid Search,/landing-promo,3532,2846,686,3785,13908,0.7696,87,594,0.1683,200401.37,56.7388
23-01-2026,Friday,Chrome,Mobile,UK,Organic Search,/products,3998,2504,1494,4139,11611,0.6812,228.8,571,0.143,0,0
06-01-2026,Tuesday,Chrome,Desktop,India,Organic Search,/about,990,748,242,1088,3425,0.4891,494,103,0.1044,2338.92,2.3625
08-12-2025,Monday,Chrome,Desktop,USA,Paid Search,/landing-promo,1642,1311,331,1744,5878,0.4621,174.4,278,0.1696,61895.36,37.6951
16-10-2025,Thursday,Safari,Mobile,Canada,Paid Search,/landing-promo,4390,3722,668,4847,6687,0.7627,182.2,682,0.1554,154812.49,35.2648
29-09-2025,Monday,Safari,Mobile,USA,Direct,/blog,1340,754,586,1457,2035,0.6538,192.4,197,0.1471,40891.31,30.5159
19-03-2026,Thursday,Safari,Mobile,Germany,Paid Search,/contact,3418,2983,435,3558,4457,0.721,134.5,522,0.1529,31688.29,9.271
20-11-2025,Thursday,Chrome,Desktop,Canada,Direct,/home,4308,2290,2018,4666,19721,0.2756,758.1,692,0.1607,119550.59,27.7508
29-11-2025,Saturday,,Desktop,UK,Social Media,/landing-promo,2779,2280,499,2929,5895,0.7452,418.5,167,0.0601,26089.42,9.3881
14-11-2025,Friday,Chrome,Desktop,India,Social Media,/about,392,296,96,432,1274,0.539,251,19,0.0498,745.02,1.9006
12-12-2025,Friday,Chrome,Desktop,Japan,Social Media,/blog,3320,2577,743,3538,10950,0.5844,409.4,291,0.0878,49290.31,14.8465
04-11-2025,Tuesday,Chrome,Desktop,USA,Social Media,/pricing,3287,2748,539,3632,10156,0.752,193.2,266,0.0812,15959.55,4.8554
25-11-2025,Tuesday,Chrome,Mobile,UAE,Direct,/about,4917,2166,2751,5001,12614,0.5593,361.4,769,0.1564,57949.84,11.7856
26-02-2026,Thursday,Chrome,Tablet,Japan,Organic Search,/landing-promo,2253,1787,466,2370,5831,0.5469,371.7,288,0.1281,50039.14,22.21
17-11-2025,Monday,Chrome,Tablet,India,Organic Search,/blog,4695,3370,1325,4735,6816,0.4808,372.3,484,0.1031,31870.58,6.7882
09-01-2026,Friday,Chrome,Desktop,USA,Paid Search,/products,1861,1550,311,2122,5431,0.3327,304.1,307,0.1653,66276.18,35.6132
09-12-2025,Tuesday,Chrome,Desktop,India,Organic Search,/landing-promo,5436,4238,1198,5595,11336,0.3304,245.7,688,0.1266,59047.5,10.8623
08-01-2026,Thursday,Safari,Mobile,India,Direct,/blog,5267,2237,3030,5504,19186,0.7022,308.3,632,0.1201,62951.13,11.952
31-12-2025,Wednesday,Safari,Mobile,India,Organic Search,/pricing,1400,1088,312,1412,3811,0.4487,183.5,133,0.0954,8556.21,6.1116
23-01-2026,Friday,Chrome,Desktop,France,Organic Search,/blog,2915,1765,1150,3156,8247,0.6358,583.8,360,0.1237,70578.59,24.2122
20-12-2025,Saturday,Chrome,Mobile,India,Organic Search,/landing-promo,640,391,249,712,2532,0.6859,90.7,67,0.1048,5031.88,7.8623
04-11-2025,Tuesday,Chrome,Desktop,India,Organic Search,/landing-promo,3535,2756,779,3829,16215,0.3882,443.3,425,0.1203,35807.58,10.1294
12-10-2025,Sunday,Safari,Mobile,USA,Organic Search,/pricing,1483,1169,314,1668,5584,0.381,276.3,193,0.1308,54606.1,36.8214
04-01-2026,Sunday,Chrome,Mobile,USA,Organic Search,/blog,1152,779,373,1276,2458,0.648,148.5,153,0.1334,16256.42,14.1115
03-03-2026,Tuesday,Chrome,Mobile,India,Organic Search,/home,2181,1512,669,2280,4054,0.3398,201,230,0.1059,21842.76,10.015
23-11-2025,Sunday,Chrome,Tablet,UK,Direct,/about,2612,1536,1076,2796,8298,,181.8,379,0.1451,23652.49,9.0553
30-09-2025,Tuesday,Chrome,Desktop,UAE,Direct,/blog,5688,2674,3014,5741,14824,0.4924,352.2,948,0.1668,209564.93,36.8433
05-12-2025,Friday,Safari,Tablet,USA,Social Media,/contact,392,315,77,445,1407,0.644,165.6,30,0.0769,3140.8,8.0122
06-02-2026,Friday,Chrome,Mobile,USA,Organic Search,/home,2401,1602,799,2430,11119,0.3826,126.2,338,0.1411,41916.62,17.458
08-12-2025,Monday,Chrome,Desktop,India,Direct,/products,1270,550,720,1379,4362,0.5432,695.4,158,0.1248,9311.52,7.3319
13-03-2026,Friday,Chrome,Mobile,Canada,Organic Search,/contact,4899,3305,1594,4997,10535,0.6741,296.2,637,0.1302,124546.36,25.4228
13-11-2025,Thursday,Chrome,Desktop,USA,Organic Search,/blog,5263,3266,1997,5477,7214,0.5802,418.3,834,0.1585,242344.43,46.0468
11-01-2026,Sunday,Chrome,Mobile,USA,Paid Search,/about,3099,2586,513,3209,11708,0.4663,45.2,500,0.1615,0,0
17-10-2025,Friday,Safari,Desktop,India,Organic Search,/blog,2444,1508,936,2453,11383,0.3344,368.5,250,0.1024,18599.09,7.6101
22-03-2026,Sunday,Safari,Mobile,India,Organic Search,/contact,300,209,91,317,937,0.3722,227.5,28,0.0957,1004.52,3.3484
14-11-2025,Friday,Chrome,Desktop,Japan,Social Media,/pricing,952,804,148,1000,3431,0.5676,140.8,69,0.0728,4030.07,4.2333
17-03-2026,Tuesday,Chrome,Desktop,UAE,Direct,/blog,3948,1610,2338,4441,12592,0.4997,504.2,658,0.1669,78893.13,19.9831
31-12-2025,Wednesday,Chrome,Tablet,India,Organic Search,/landing-promo,1279,886,393,1366,4900,0.5428,101.5,120,0.0944,4139.13,3.2362
09-02-2026,Monday,Firefox,Desktop,UK,Organic Search,/landing-promo,1522,1015,507,1577,3577,0.4522,222.5,212,0.1396,18046.96,11.8574
11-03-2026,Wednesday,Safari,Mobile,united states,Organic Search,/landing-promo,4303,2845,1458,4595,7961,0.3537,141.1,622,0.1447,0,0
04-12-2025,Thursday,Chrome,Mobile,UK,Direct,/pricing,1510,615,895,1676,6405,0.6605,256.6,206,0.1365,43935.76,29.0965
19-02-2026,Thursday,Chrome,Tablet,Canada,Social Media,/blog,4235,3192,1043,4600,12583,0.6384,212.8,320,0.0756,79368.08,18.741
22-01-2026,Thursday,Chrome,Desktop,USA,Direct,/products,4018,1754,2264,4197,15993,0.5795,603,666,0.1659,166295.59,41.3877
02-01-2026,Friday,Chrome,Tablet,USA,Paid Search,/landing-promo,2866,2156,710,3198,4490,0.6921,121.2,474,0.1657,77297.22,26.9704
11-11-2025,Tuesday,Safari,Desktop,India,Organic Search,/landing-promo,4503,3426,1077,5087,15444,0.6407,352.6,530,0.1177,39582.19,8.7902
07-11-2025,Friday,Chrome,Desktop,India,Direct,/contact,1937,799,1138,2088,4180,0.452,566.9,249,0.1286,28673.21,14.8029
12-02-2026,Thursday,Chrome,Mobile,USA,Email,/about,2046,930,1116,2211,3406,0.6212,175.8,361,0.1767,81826.39,39.9933
16-11-2025,Sunday,Chrome,Mobile,USA,Organic Search,/pricing,1858,1285,573,2083,2733,0.6473,211.3,242,0.1303,57378.43,30.8818
11-01-2026,Sunday,Edge,Mobile,UAE,Direct,/home,436,249,187,439,915,0.3146,142.5,66,0.152,16869.58,38.6917
06-01-2026,Tuesday,Chrome,Mobile,India,Paid Search,/blog,5050,4027,1023,5163,12267,0.6189,87.4,627,0.1242,30306.82,6.0014
20-10-2025,Monday,Chrome,Desktop,Germany,Organic Search,/contact,1838,1120,718,2033,2995,0.5406,198.6,258,0.1405,44902.8,24.4303
17-10-2025,Friday,Chrome,Tablet,USA,Paid Search,/about,4267,3360,907,4603,8030,0.452,140.8,718,0.1683,155648.19,36.4772
05-11-2025,Wednesday,Chrome,Desktop,France,Organic Search,/products,5087,3723,1364,5508,16854,0.4475,510.9,669,0.1317,85758.03,16.8583
07-02-2026,Saturday,Chrome,Mobile,India,Organic Search,/landing-promo,310,216,94,323,1022,0.5089,153.4,28,0.091,1251.85,4.0382
12-12-2025,Friday,Chrome,Mobile,India,Direct,/blog,2281,1118,1163,2480,9290,0.3756,347.3,237,0.1041,19888.59,8.7192
01-02-2026,Sunday,Safari,Tablet,Germany,Social Media,/pricing,928,782,146,1054,3533,0.6676,214.2,50,0.0544,11778.77,12.6926
18-03-2026,Wednesday,Firefox,Mobile,France,Paid Search,/contact,2518,2032,486,2879,4640,0.5509,254.4,377,0.1499,65069.36,25.8417
22-12-2025,Monday,Chrome,Desktop,India,Paid Search,/pricing,544,464,80,583,1631,0.5456,505,73,0.1359,2153.62,3.9589
18-03-2026,Wednesday,Safari,Desktop,India,Social Media,/home,418,362,56,480,104,0.7584,144.2,14,0.0353,1516.85,3.6288
27-01-2026,Tuesday,Safari,Mobile,France,Organic Search,/blog,972,595,377,985,4343,0.5564,229.4,124,0.1283,21806.24,22.4344
16-10-2025,Thursday,Chrome,Desktop,France,Direct,/home,845,487,358,847,1859,0.5988,296.9,125,0.1489,12350.66,14.6162
05-03-2026,Thursday,Safari,Mobile,UK,Organic Search,/landing-promo,3077,2091,986,3178,9268,0.3497,233.3,449,0.1462,47921.54,15.5741
08-02-2026,Sunday,Chrome,Mobile,France,Direct,/about,3396,1801,1595,3483,13107,0.6149,290.2,468,0.1381,73602.81,21.6734
03-01-2026,Saturday,Chrome,Tablet,France,Email,/landing-promo,2148,1140,1008,2334,6074,0.2354,288.3,326,0.1522,20958.7,9.7573
13-10-2025,Monday,Chrome,Mobile,UK,Direct,/blog,5182,2543,2639,5616,13731,0.6251,246.6,828,0.1599,228703.9,44.1343
21-10-2025,Tuesday,Chrome,Desktop,France,Social Media,/contact,4146,3654,492,4245,14474,0.46,384,293,0.0707,32937.1,7.9443
19-11-2025,Wednesday,Chrome,Tablet,Canada,Direct,/home,6013,2559,3454,6522,12866,0.5898,389.9,877,0.1459,53576.51,8.9101
12-11-2025,Wednesday,Safari,Mobile,Canada,Organic Search,/about,3415,2442,973,3653,8428,0.5772,213.1,454,0.1332,44520.59,13.0368
15-03-2026,Sunday,Safari,Tablet,USA,Organic Search,/landing-promo,3637,2264,1373,3686,14815,0.4893,344.8,569,0.1565,114225.58,31.4065
13-02-2026,Friday,Safari,Desktop,UK,Social Media,/pricing,427,376,51,430,569,0.6751,134.1,32,0.0761,4993.51,11.6944
17-01-2026,Saturday,Chrome,Mobile,France,Direct,/home,3704,1788,1916,3760,10997,0.4577,60.7,540,0.1459,37251.21,10.057
18-03-2026,Wednesday,Edge,Desktop,India,Direct,/products,2630,1678,952,2982,9920,0.4429,411.8,322,0.1227,26196.54,9.9607
18-12-2025,Thursday,Chrome,Desktop,France,Organic Search,/products,1983,1534,449,2165,2888,0.3955,333,256,0.1294,12210.07,6.1574
23-12-2025,Tuesday,Chrome,Mobile,UK,Social Media,/blog,3480,2843,637,3888,15022,0.809,190.3,274,0.079,34474.64,9.9065
14-02-2026,Saturday,Chrome,Mobile,UK,Direct,/pricing,3939,2251,1688,4042,5813,0.6004,317,588,0.1494,76211.9,19.348
01-02-2026,Sunday,Chrome,Desktop,USA,Social Media,/contact,423,360,63,434,1504,2.136,265.3,34,0.0811,12133.07,28.6834
08-11-2025,Saturday,Safari,Desktop,India,Social Media,/contact,2587,1941,646,2761,4478,0.582,395.2,100,0.039,2975.34,1.1501
08-01-2026,Thursday,Firefox,Tablet,Germany,Direct,/landing-promo,1713,804,909,1930,2694,0.5548,448.9,235,0.1373,15574.5,9.0919
28-09-2025,Sunday,Safari,Desktop,India,Social Media,/blog,2272,1745,527,2366,9727,0.3906,425.8,108,0.0477,7272.09,3.2007
29-10-2025,Wednesday,Chrome,Desktop,USA,Paid Search,/pricing,1428,1213,215,1463,3165,0.3378,498,255,0.1787,83754.55,58.6516
13-11-2025,Thursday,Safari,Mobile,Germany,Organic Search,/blog,2427,1682,745,2578,8446,1.2667,145.4,322,0.1329,60973.7,25.1231
09-03-2026,Monday,Chrome,Mobile,India,Organic Search,/about,2152,1308,844,2329,5488,0.6158,160.4,193,0.09,7194.29,3.3431
06-11-2025,Thursday,Safari,Mobile,India,Direct,/pricing,3291,2011,1280,3590,8393,0.3056,206.9,374,0.1138,0,0
11-01-2026,Sunday,Chrome,Desktop,USA,Organic Search,/home,2423,1905,518,2559,7585,0.3622,428.9,356,0.147,88231.64,36.4142
13-10-2025,Monday,Safari,Mobile,India,Paid Search,/contact,4863,4113,750,5405,6045,0.4347,278.7,649,0.1336,14423.18,2.9659
11-02-2026,Wednesday,Chrome,Desktop,UK,Paid Search,/landing-promo,1428,1168,260,1447,3545,0.4006,507.2,221,0.155,60445.27,42.3286
17-01-2026,Saturday,Safari,Desktop,India,Paid Search,/contact,3231,2772,459,3471,8640,0.3374,575.6,471,0.146,53240.72,16.4781
08-10-2025,Wednesday,Chrome,Desktop,India,Organic Search,/about,5054,3255,1799,5328,20696,0.2842,399,635,0.1257,15381.73,3.0435
28-10-2025,Tuesday,Chrome,Mobile,UK,Email,/products,3063,1893,1170,3494,7749,0.4076,113.2,547,0.1786,127789.46,41.7204
31-12-2025,Wednesday,Chrome,Mobile,UK,Email,/blog,2131,1176,955,2389,4249,0.3871,171.1,380,0.1786,55689.46,26.133
05-11-2025,Wednesday,Chrome,Desktop,UK,Direct,/pricing,4545,2182,2363,4656,14203,0.3571,187,756,0.1665,64276.71,14.1423
01-11-2025,Saturday,Chrome,Desktop,India,Organic Search,/about,1512,1166,346,1522,1845,0.646,567.2,165,0.1097,8642.95,5.7162
12-10-2025,Sunday,Chrome,Desktop,Japan,Organic Search,/products,552,383,169,627,1496,0.4024,259.1,82,0.1487,-1177.11,25.335
17-12-2025,Wednesday,Chrome,Mobile,USA,Organic Search,/blog,2538,1807,731,2620,11600,0.449,274.2,372,0.1467,69411.94,27.3491
07-12-2025,Sunday,Chrome,Mobile,India,Paid Search,/blog,2523,2018,505,2828,3946,0.4918,195.7,282,0.1121,23478.16,9.3057
25-10-2025,Saturday,Safari,Desktop,Germany,Social Media,/pricing,0,603,137,748,1231,0.4123,159.3,52,0.071,,4.4209
19-01-2026,Monday,Chrome,Desktop,India,Organic Search,/products,4661,2988,1673,4664,12746,0.2869,186.4,526,0.113,55067.25,11.8145
15-01-2026,Thursday,Chrome,Tablet,Japan,Referral,/blog,1310,1048,262,1482,5695,0.3045,108,161,0.123,27677.12,21.1276
13-03-2026,Friday,Firefox,Mobile,US,Paid Search,/landing-promo,-258,426,117,556,2134,0.5529,99.9,82,0.152,11796.45,21.7246
18-02-2026,Wednesday,Chrome,Tablet,UK,Organic Search,/about,1538,1094,444,1724,3283,0.5816,159.3,201,0.1312,55683.07,36.2049
28-12-2025,Sunday,Firefox,Desktop,USA,Direct,/products,3209,1549,1660,3532,3882,0.5928,671.3,523,0.163,107240.35,33.4186
29-11-2025,Saturday,Chrome,Desktop,USA,Organic Search,/contact,470,312,158,470,1202,,503.4,69,0.1479,11335.18,24.1174
06-02-2026,Friday,Chrome,Desktop,USA,Referral,/contact,1117,923,194,1198,4299,0.3935,225,146,0.1313,8729.52,7.8151
20-02-2026,Friday,Safari,Desktop,USA,Direct,/landing-promo,2202,1010,1192,2320,7411,0.4255,502.1,333,0.1513,84640.8,38.4381
08-02-2026,Sunday,Firefox,Mobile,USA,Paid Search,/products,3522,3140,382,3725,12801,0.7335,296.9,608,0.1729,190353.88,54.0471
17-01-2026,Saturday,Chrome,Desktop,Germany,Organic Search,/blog,1051,834,217,1107,1995,0.3679,281.2,148,0.1414,9569.3,9.1049
30-01-2026,Friday,Safari,Desktop,Canada,Organic Search,/contact,3806,2570,1236,4316,16352,0.5382,566.5,567,0.1491,125634.8,33.0097
10-11-2025,Monday,Chrome,Desktop,USA,Organic Search,/about,4991,3917,1074,5410,11311,0.3312,416.9,758,0.1519,239302.72,47.9468
16-11-2025,Sunday,Firefox,Desktop,Germany,Organic Search,/contact,734,570,164,835,1297,0.5733,412.5,107,0.147,13727.06,18.7017
04-10-2025,Saturday,Chrome,Mobile,India,Organic Search,/landing-promo,1898,1352,546,1948,2845,0.3044,79.5,182,0.0963,13945.05,7.3472
01-01-2026,Thursday,Chrome,Desktop,united states,Paid Search,/about,2973,2403,570,3307,12592,0.3908,572.3,526,0.1772,186777.12,62.8245
04-11-2025,Tuesday,Firefox,Desktop,France,Social Media,/home,-181,3181,696,4090,9688,0.4686,251.5,280,0.0724,39144.94,10.0967
15-01-2026,Thursday,Safari,Desktop,USA,Social Media,/pricing,2220,1836,384,2499,8672,0.4709,376.6,166,0.0748,37683.73,16.9747
19-12-2025,Friday,Chrome,Tablet,France,Paid Search,/home,4827,4305,522,4996,536,0.5297,215.6,704,0.146,156996.09,32.5246
12-01-2026,Monday,Chrome,Desktop,India,social media,/products,393,335,58,433,1377,0.4618,142.4,16,0.041,429.32,1.0924
12-03-2026,Thursday,Safari,Mobile,India,Organic Search,/home,3469,2156,1313,3802,16505,0.6577,226.3,367,0.106,35713.38,10.295
07-10-2025,Tuesday,Chrome,Mobile,UAE,Direct,/pricing,1663,830,833,1798,4415,0.3314,347.3,240,0.1449,71896.82,43.2332
29-09-2025,Monday,Safari,Tablet,Japan,Organic Search,/contact,465,283,182,518,1627,0.3768,367.2,63,0.1359,15615.18,33.581
15-12-2025,Monday,Chrome,Mobile,France,Referral,/about,3109,2456,653,3328,6031,0.5687,175.6,355,0.1143,36837.15,11.8486
09-11-2025,Sunday,Safari,Desktop,Canada,Organic Search,/contact,767,551,216,800,2399,0.279,598.2,103,0.1345,7464.77,9.7324
20-03-2026,Friday,Safari,Mobile,USA,Organic Search,/about,3088,2114,974,3147,9269,0.6254,100.7,482,0.1564,144347.27,46.7446
24-10-2025,Friday,Chrome,Desktop,India,Paid Search,/blog,2313,1764,549,2430,7214,0.7258,352,293,0.1269,19857.4,8.5851
17-11-2025,Monday,Safari,Mobile,,Direct,/landing-promo,536,235,301,606,962,0.5976,122.8,71,0.1327,4075.17,7.6029
24-12-2025,Wednesday,Firefox,Desktop,USA,Organic Search,/landing-promo,2321,1441,880,2533,4897,0.4428,407.6,367,0.1582,93380.52,40.2329
13-02-2026,Friday,Edge,Tablet,France,Organic Search,/products,2068,1419,649,2269,8673,0.5102,160.1,231,0.1121,51644.84,24.9733
05-11-2025,Wednesday,Chrome,Mobile,India,Organic Search,/home,1700,1312,388,1850,6644,0.5018,125.2,162,0.0955,11314.08,6.6553
25-10-2025,Saturday,Chrome,Desktop,USA,Organic Search,/blog,1335,1013,322,1364,4886,0.2848,496.5,201,0.1508,36649.95,27.4531
13-12-2025,Saturday,Chrome,Mobile,Japan,Paid Search,/blog,1913,1694,219,2163,6519,0.4586,239,292,0.1531,46898.66,24.5158
12-12-2025,Friday,Safari,Mobile,USA,Referral,/blog,3416,2572,844,3738,15716,0.6735,100,500,0.1466,51051.24,14.9447
20-10-2025,Monday,Chrome,Desktop,India,Organic Search,/about,3437,2747,690,3767,9044,0.3668,479.2,416,0.1212,8277.04,2.4082
24-10-2025,Friday,Chrome,Desktop,India,Direct,/products,3099,1821,1278,3139,4730,0.5195,178.2,392,0.1266,21920.41,7.0734
30-01-2026,Friday,Chrome,Desktop,Germany,Organic Search,/pricing,3466,2697,769,3688,7893,0.3329,509.5,515,0.1488,37415.3,10.795
23-01-2026,Friday,Chrome,Mobile,UAE,Email,/blog,2107,1230,877,2200,7145,0.6519,365,379,0.18,35301.86,16.7546
27-11-2025,Thursday,Chrome,Desktop,Germany,Organic Search,/contact,1592,957,635,1624,6982,0.4966,544.7,232,0.146,31408.78,19.7291
03-10-2025,Friday,Safari,Desktop,USA,Paid Search,/landing-promo,5902,4888,1014,6222,26229,0.6622,199.1,1040,0.1763,238158.61,40.3522
22-12-2025,Monday,Edge,Mobile,USA,Organic Search,/blog,2874,1797,1077,2987,8576,0.568,210.8,413,0.1439,107375.63,37.361
25-11-2025,Tuesday,Chrome,Mobile,France,Paid Search,/home,2926,2236,690,3198,12189,0.7542,282.4,428,0.1464,56514.48,19.3146
11-01-2026,Sunday,Chrome,Desktop,UAE,Social Media,/landing-promo,1302,1103,199,1383,2309,0.5966,202,96,0.0745,7611.82,5.8463
05-11-2025,Wednesday,Safari,Desktop,USA,Organic Search,/contact,2220,1730,490,2414,8689,0.4622,404.8,334,0.1507,112400.19,50.6307
14-12-2025,Sunday,Chrome,Mobile,Japan,Organic Search,/pricing,1529,1193,336,1747,1839,0.3845,151.1,192,0.126,10249.33,6.7033
02-10-2025,Thursday,Safari,Desktop,Germany,Organic Search,/pricing,5153,3282,1871,5417,20348,0.544,133.8,744,0.1444,49102.54,9.5289
05-10-2025,Sunday,Chrome,Desktop,UAE,Social Media,/products,371,305,66,410,1671,0.4696,391.8,30,0.0827,1596.54,4.3033
03-12-2025,Wednesday,Safari,Mobile,Japan,Organic Search,/blog,1844,1266,578,1901,8827,0.4003,222.3,245,0.1334,55922.72,30.3269
20-11-2025,Thursday,Safari,Desktop,USA,Paid Search,/contact,5521,4960,561,6138,14200,0.6723,310.4,951,0.1723,145443.33,26.3437
12-02-2026,Thursday,Safari,Mobile,India,Direct,/home,5019,2529,2490,5662,18675,0.3221,340,560,0.1117,28225.31,5.6237
11-01-2026,Sunday,Chrome,Desktop,UAE,Organic Search,/landing-promo,894,646,248,934,1105,0.4867,527.2,126,0.1413,11094.03,12.4094
16-03-2026,Monday,Safari,Desktop,france,Organic Search,,3311,2454,857,3615,7013,0.4149,396.5,485,0.1467,82473.69,24.909
04-02-2026,Wednesday,Chrome,Desktop,UAE,Organic Search,/blog,5427,3529,1898,6109,6610,0.3935,225.2,854,0.1575,140730.2,25.9315
29-11-2025,Saturday,Firefox,Desktop,India,Direct,/landing-promo,609,307,302,630,2908,0.5966,500.2,76,0.1255,3325.75,5.461
25-02-2026,Wednesday,Chrome,Desktop,India,Referral,/blog,639,551,88,730,3061,0.5103,400.1,68,0.1079,5850.03,9.155
09-10-2025,Thursday,Chrome,Desktop,UAE,Social Media,/pricing,1122,973,149,1154,2373,0.4083,401.2,97,0.0865,13489.18,12.0224
10-02-2026,Tuesday,Chrome,Desktop,UK,Organic Search,/blog,3034,2343,691,3411,11375,0.2687,315.3,425,0.1401,32157.43,10.599
17-12-2025,Wednesday,Chrome,Mobile,France,Paid Search,/about,943,775,168,1006,2899,0.7029,298.9,130,0.1379,17815.98,18.8929
07-02-2026,Saturday,Chrome,Desktop,USA,Paid Search,/home,1346,1176,170,1505,3539,0.6752,383,239,0.1777,50225.32,37.3145
14-11-2025,Friday,Safari,Desktop,Canada,Social Media,/landing-promo,2440,1955,485,2738,6877,0.6581,353.4,193,0.0792,41986.01,17.2074
01-11-2025,Saturday,Chrome,Desktop,India,Social Media,/pricing,1711,1462,249,1922,4705,0.6204,316.1,72,0.0421,3974.47,2.3229
03-01-2026,Saturday,Chrome,Mobile,Canada,Organic Search,/contact,1049,769,280,1056,2331,0.5881,130.6,134,0.1282,31833.38,30.3464
23-12-2025,Tuesday,Chrome,Tablet,USA,Organic Search,/home,4290,2728,1562,4685,7329,0.5821,246.3,613,0.1431,120290.58,28.0398
29-12-2025,Monday,Chrome,Tablet,USA,Social Media,/about,1644,1428,216,1680,5362,0.5117,107.3,117,0.0717,24518.94,14.9142
02-10-2025,Thursday,Chrome,Desktop,India,Direct,/home,3562,2211,1351,3896,16649,0.24,164.8,459,0.1289,30992.02,8.7007
22-03-2026,Sunday,Chrome,Desktop,India,Organic Search,/products,593,362,231,619,1300,0.5731,293.3,67,0.1144,4862.26,8.1994
12-12-2025,Friday,Safari,Tablet,UAE,Organic Search,/landing-promo,4411,3239,1172,4757,12592,0.5746,153.5,630,0.1429,131020.61,29.7032
16-03-2026,Monday,Chrome,Desktop,UK,Paid Search,/blog,4479,3487,992,5099,15538,0.4167,389.7,725,0.162,190662.59,42.5681
25-10-2025,Saturday,Firefox,Desktop,USA,Organic Search,/home,637,397,240,659,2083,0.4729,252.2,98,0.154,14369.45,22.558
06-02-2026,Friday,Chrome,Desktop,UK,Organic Search,/pricing,4318,3040,1278,4498,8103,0.4126,162.1,668,0.1548,115448.22,26.7365
14-01-2026,Wednesday,Chrome,DESKTOP,India,Paid Search,/home,3801,2903,898,4171,5027,0.5929,333.4,521,0.1371,50120.69,13.1862
19-03-2026,Thursday,Firefox,Mobile,USA,Paid Search,/pricing,3096,2609,487,3466,9409,0.6831,57,521,0.1683,141914.69,45.8381
27-11-2025,Thursday,Firefox,Desktop,India,Email,/contact,2723,1617,1106,3090,7964,0.3817,700.4,396,0.1457,40063.61,14.713
14-01-2026,Wednesday,Safari,Mobile,India,Direct,/home,3102,1701,1401,3370,14546,0.4421,121.7,358,0.1156,29148.32,9.3966
13-01-2026,Tuesday,Chrome,Desktop,India,Social Media,/home,3926,3165,761,3928,7812,0.4492,196,175,0.0448,17235.7,4.3901
01-10-2025,Wednesday,Chrome,Desktop,India,Paid Search,/home,5808,5008,800,6182,13363,0.5941,120.3,795,0.137,79530.34,13.6932
11-12-2025,Thursday,Chrome,Mobile,Japan,Direct,/pricing,6000,3089,2911,6538,28379,1.6244,89,942,0.157,0,0
04-11-2025,Tuesday,Chrome,Desktop,India,Organic Search,/products,1118,724,394,1247,2054,0.4576,482.1,121,0.109,8663.24,7.7489
02-01-2026,Friday,Firefox,Desktop,France,Direct,/home,4385,2474,1911,4789,7124,0.5914,352.2,694,0.1584,31114.14,7.0956
13-01-2026,Tuesday,Chrome,Desktop,Germany,Social Media,/pricing,946,736,210,1049,2314,0.6223,253.5,59,0.0632,9248.92,9.7769
08-12-2025,Monday,Safari,Mobile,UAE,Email,/blog,2779,1133,1646,3009,10715,0.4589,369.5,496,0.1787,104509.71,37.6069
14-11-2025,Friday,Chrome,Tablet,Germany,social,/landing-promo,900,787,113,932,2836,0.3852,212.5,55,0.0621,4628.7,5.143
16-03-2026,Monday,Chrome,Desktop,USA,Direct,/home,4189,2020,2169,4376,18248,0.4649,420.3,722,0.1725,252777.96,60.3433
04-02-2026,Wednesday,Safari,Mobile,India,Organic Search,/products,2252,1531,721,2367,9068,0.6019,295.4,217,0.0966,23505.83,10.4378
19-01-2026,Monday,Chrome,Mobile,USA,Paid Search,/pricing,3472,2836,636,3700,4952,0.6417,188.4,596,0.1719,131155.08,37.7751
04-01-2026,Sunday,Chrome,Mobile,Japan,Organic Search,/about,1205,729,476,1346,4692,0.4721,113.8,166,0.1382,22094.07,18.3353
13-01-2026,Tuesday,Safari,Desktop,India,Organic Search,/about,3879,2808,1071,4111,9319,0.4827,484.2,440,0.1135,0,0
16-12-2025,Tuesday,Chrome,Mobile,Canada,Organic Search,,4735,3195,1540,4773,8452,0.5512,181.8,695,0.1468,120931.69,25.54
09-12-2025,Tuesday,Safari,Desktop,France,Direct,/products,1340,713,627,1440,4284,0.2808,777.1,177,3.4338,29798.84,22.2379
15-01-2026,Thursday,Chrome,Desktop,USA,direct,/landing-promo,4627,2057,2570,4645,6666,0.4602,485.5,800,0.173,57747.2,12.4805
02-01-2026,Friday,Chrome,Mobile,USA,Paid Search,/about,934,759,175,949,3979,0.4798,98.3,143,0.1538,21872.39,23.418
30-11-2025,Sunday,Chrome,Mobile,UK,Referral,/blog,1249,1033,216,1321,2118,0.601,78.1,151,0.1211,13662.51,10.9388
04-11-2025,Tuesday,Chrome,Desktop,USA,Direct,/blog,5936,3515,2421,6557,28261,0.3917,644.2,1053,0.1774,142087.5,23.9366
26-11-2025,Wednesday,Chrome,Desktop,India,Social Media,/products,3020,2685,335,3323,7486,0.6407,345.6,159,0.0527,6293.18,2.0838
10-11-2025,Monday,Chrome,Tablet,India,Paid Search,/landing-promo,5536,4219,1317,6100,26283,0.3973,347.1,773,0.1398,25239.18,4.5591
19-02-2026,Thursday,Safari,Desktop,Germany,Organic Search,/pricing,3840,2324,1516,4126,5021,0.5922,318,581,0.1515,0,0
13-12-2025,Saturday,Chrome,Mobile,Japan,Paid Search,/landing-promo,2828,2310,518,2913,4629,0.4651,51.7,416,0.1474,63021.37,22.2848
09-12-2025,Tuesday,Edge,Mobile,USA,Direct,/pricing,4278,2716,1562,4886,14616,0.3484,208.1,704,0.1647,120049.4,28.062
02-02-2026,Monday,Safari,Mobile,Germany,Direct,/home,4093,2113,1980,4209,5116,0.6029,191.6,601,0.1469,122398.54,29.9044
18-02-2026,Wednesday,Chrome,Desktop,India,Direct,/contact,3331,2065,1266,3443,13888,0.3077,534.6,444,0.1335,35018.34,10.5129
20-11-2025,Thursday,Chrome,Desktop,India,Organic Search,/landing-promo,3868,2647,1221,3940,12860,0.6477,363.2,465,0.1203,19409.85,5.0181
28-02-2026,Saturday,Safari,Mobile,UK,Referral,/landing-promo,1893,1679,214,1995,7660,0.675,207.7,237,0.1254,30901.02,16.3238
13-10-2025,Monday,Chrome,Desktop,India,Social Media,/home,836,638,198,878,1964,0.7051,427.1,30,0.0369,2456.57,2.9385
05-10-2025,Sunday,Chrome,Desktop,USA,Social Media,/home,501,398,103,532,2316,0.503,253,38,0.076,4100.82,8.1853
19-01-2026,Monday,Chrome,Desktop,India,Paid Search,/home,5833,4844,989,6432,18355,0.6672,479.5,765,0.1313,36932,6.3316
30-10-2025,Thursday,Chrome,Desktop,France,Referral,/landing-promo,0,2932,910,4357,18097,0.4294,464.3,466,0.1214,95006.31,24.7283
17-03-2026,Tuesday,Chrome,Mobile,Japan,Organic Search,/products,1403,1097,306,1440,2910,0.3546,105.4,170,0.1215,29565.5,21.0731
16-10-2025,Thursday,Safari,Desktop,UAE,Organic Search,/products,5223,3169,2054,5962,10369,0.2717,239,839,0.1608,159776.92,30.591
25-10-2025,Saturday,Chrome,Desktop,India,Organic Search,/blog,1453,1073,380,1638,290,0.2962,507.6,165,0.1141,6822.33,4.6953
03-11-2025,Monday,Safari,Desktop,USA,Social Media,/products,2547,2278,269,2571,8866,0.5629,395.8,192,0.0755,58812.18,23.0908
31-10-2025,Friday,Chrome,Mobile,UK,Social Media,/blog,2955,2469,486,3015,5277,0.5728,190.7,151,0.0512,33119,11.2078
20-03-2026,Friday,Chrome,Mobile,France,Social Media,/about,1971,1757,214,2112,8273,0.5447,157.4,85,0.0432,4160.21,2.1107
03-01-2026,Saturday,Chrome,Desktop,India,Organic Search,/contact,1072,737,335,1148,2828,0.3089,284.4,117,0.1096,7164.69,6.6835
04-01-2026,Sunday,Chrome,Desktop,India,Organic Search,/landing-promo,680,462,218,757,1010,0.4357,397.5,69,0.1017,4481.35,6.5902
14-11-2025,Friday,Chrome,Desktop,France,Paid Search,/landing-promo,1525,1222,303,1529,4211,0.488,126.4,227,0.1492,37614.31,24.6651
26-11-2025,Wednesday,Chrome,Mobile,UK,Paid Search,/about,4389,3447,942,4583,13852,0.5057,273.7,695,0.1584,68384.63,15.5809
07-02-2026,Saturday,Safari,Desktop,Canada,Direct,/pricing,965,418,547,1067,2568,0.353,710.3,147,0.153,27478.54,28.4752
20-02-2026,Friday,Chrome,Mobile,UAE,Social Media,/pricing,2406,2087,319,2501,6797,0.6705,112,162,0.0675,21046.44,8.7475
19-01-2026,Monday,Edge,,USA,Email,/products,990,617,373,1013,1692,0.4848,131.1,178,0.18,17319.03,17.494
28-12-2025,Sunday,Edge,Mobile,USA,Organic Search,/products,1573,992,581,1789,6510,0.3722,100.9,229,0.1459,70909.77,45.0793
30-10-2025,Thursday,Safari,Desktop,CANADA,Organic Search,/products,2130,1555,575,2304,5777,0.3264,301.2,317,0.149,47335.56,22.2233
25-01-2026,Sunday,Safari,Mobile,Japan,Paid Search,/pricing,2340,1804,536,2376,7249,0.5116,270.3,331,0.1415,43215.34,18.4681
06-12-2025,Saturday,Safari,Mobile,UK,Paid Search,/home,4196,3569,627,4775,7762,0.4934,69,653,0.1557,45513.99,10.847
03-22-2026,Sunday,Chrome,Desktop,UK,Paid Search,/blog,1863,1610,253,2108,7078,0.5969,291.5,299,0.1607,75703.92,40.6355
03-12-2025,Wednesday,Safari,Mobile,USA,Organic Search,/home,1317,1053,264,1404,2108,0.5623,47.9,183,0.1396,54826.35,41.6297
03-02-2026,Tuesday,Firefox,Mobile,UK,Referral,/pricing,2661,1998,663,2783,6872,0.6886,270.7,299,0.1125,26300.99,9.8839
11-01-2026,Sunday,Chrome,Desktop,UAE,Social Media,/landing-promo,1302,1103,199,1383,2309,0.5966,202,96,0.0745,7611.82,5.8463
16-11-2025,Sunday,Chrome,Mobile,USA,Paid Search,/blog,1276,1078,198,1329,5316,0.4591,218.9,211,0.1656,59641.67,46.7411
10-10-2025,Friday,Safari,tab,India,Direct,/products,988,561,427,1046,4155,0.3174,433.5,108,0.1095,3383.05,3.4241
06-02-2026,Friday,Chrome,Mobile,USA,Social Media,/contact,2780,2206,574,3040,11664,0.74,205.1,197,0.0712,18348.23,6.6001
11-12-2025,Thursday,Chrome,Mobile,Japan,Direct,/pricing,6000,3089,2911,6538,28379,0.4678,89,942,0.157,0,0
16-02-2026,Monday,Chrome,Desktop,UK,Organic Search,/blog,540,412,128,596,1624,0.4322,571.1,80,0.1484,8222.66,15.2271
24-02-2026,Tuesday,Edge,Desktop,USA,Paid search,/about,5769,5075,694,6564,24949,0.6881,541.3,1012,0.1755,182187.16,31.5804
01-10-2025,Wednesday,Firefox,Mobile,India,Email,/about,1843,933,910,1877,6838,0.6119,346.1,256,0.1394,7663.87,4.1584
26-01-2026,Monday,Chrome,Mobile,India,Organic Search,/about,3515,2663,852,3941,5007,0.6648,99.4,353,0.1005,18318.21,5.2114
14-03-2026,Saturday,Edge,Mobile,UAE,Direct,/home,1540,982,558,1682,7363,0.5253,284.5,233,0.1515,59205.91,38.4454
29-01-2026,Thursday,Safari,Mobile,Japan,Organic Search,/landing-promo,4528,3592,936,5158,7063,0.3569,51.8,625,0.1382,32007.04,7.0687
16-02-2026,Monday,Safari,Mobile,USA,Organic Search,/blog,4676,3363,1313,4745,9900,0.6706,124.1,660,0.1413,61275.97,13.1044
19-01-2026,Monday,Safari,Mobile,UK,Organic Search,/contact,1621,1196,425,1823,5129,0.5404,77.5,223,0.138,59590.07,36.7613
30-01-2026,Friday,Edge,Desktop,UK,Organic Search,/contact,3370,2404,966,3799,6971,0.4578,456.8,475,0.1411,114308.86,33.9195
25-02-2026,Wednesday,Safari,Mobile,USA,Organic Search,/products,5093,4067,1026,5717,13552,0.4776,271.2,802,0.1576,93516.38,18.3617
05-02-2026,Thursday,Safari,Desktop,Canada,Social Media,/products,3887,3049,838,3976,6343,0.641,438.7,332,0.0855,23241.71,5.9793
16-01-2026,Friday,Chrome,Mobile,Canada,Organic Search,/landing-promo,4736,3114,1622,5378,21345,0.4619,187,627,0.1324,159202.64,33.6154
21-01-2026,Wednesday,Chrome,MOBILE,UK,Paid Search,/products,5382,4670,712,5875,14690,0.7018,111.4,886,0.1647,42623.19,7.9196
22-02-2026,Sunday,Chrome,Mobile,Japan,Direct,/about,2732,1619,1113,2734,3606,0.4476,209.8,372,0.1364,24604.29,9.006
26-11-2025,Wednesday,Chrome,Tablet,Canada,Direct,/about,4328,1793,2535,4968,6669,0.2542,217.4,664,0.1536,121438.3,28.0588
23-01-2026,Friday,Chrome,Mobile,Canada,Direct,/pricing,5348,2711,2637,5538,14510,0.5354,262.7,846,0.1583,79075.63,14.786
10-02-2026,Tuesday,Chrome,Desktop,USA,Social Media,/pricing,1692,1324,368,1710,4209,0.6228,242.7,122,0.0724,6590.42,3.895
13-10-2025,Monday,Safari,Mobile,India,Organic Search,/pricing,4020,2704,1316,4177,10977,0.3461,100.8,405,0.1009,17087.25,4.2506
05-11-2025,Wednesday,Chrome,desk top,Canada,Paid Search,/contact,4365,3605,760,4573,8038,0.6843,486.9,713,0.1635,107313.37,24.585
28-09-2025,Sunday,Safari,Desktop,India,Paid Search,/landing-promo,1992,1650,342,2155,2642,0.3379,515.5,261,0.1314,20096.3,10.0885
26-01-2026,Monday,Chrome,Desktop,Canada,Direct,/pricing,2732,1579,1153,2940,10474,0.5404,358.9,398,0.1457,38213.88,13.9875
24-11-2025,Monday,Edge,Desktop,UAE,Referral,/products,1332,1162,170,1350,3327,0.4089,189.2,197,0.1482,15165.47,11.3855
18-02-2026,Wednesday,Chrome,Desktop,USA,Social Media,/pricing,3079,2401,678,3115,6139,0.6101,290.5,284,0.0923,37794.09,12.2748
13-11-2025,Thursday,Chrome,Desktop,UAE,Organic Search,/landing-promo,1072,659,413,1160,2356,0.3674,496.3,164,0.1537,43811.82,40.8692
07-11-2025,Friday,Safari,,India,Social Media,/pricing,471,420,51,498,717,0.5577,217.1,12,0.0256,1184.57,2.515
03-01-2026,Saturday,Safari,Mobile,India,Social Media,/contact,1057,947,110,1191,2937,0.5097,154.4,40,0.0385,4086.79,3.8664
27-11-2025,Thursday,Chrome,Mobile,UAE,Organic Search,/blog,4217,3089,1128,4693,18400,0.5664,83.5,643,0.1527,133523.59,31.6632
22-10-2025,Wednesday,Chrome,Desktop,USA,Organic Search,/pricing,2825,1835,990,3115,11238,0.5338,515.7,430,0.1524,53817.32,19.0504
17-11-2025,Monday,Chrome,Desktop,Canada,Referral,/about,2079,1663,416,2117,7459,0.61,363.4,262,0.1265,40361.21,19.4138
29-11-2025,Saturday,Chrome,Desktop,USA,Direct,/contact,2312,1307,1005,2351,10876,0.5839,269.3,362,0.1566,98449.86,42.5821
30-01-2026,Friday,Chrome,Tablet,India,Organic Search,/home,3226,2028,1198,3300,6717,0.4395,228.7,382,0.1186,21974.59,6.8117
29-11-2025,Saturday,Safari,Tablet,UAE,Social Media,/home,1877,1631,246,2003,3004,1.7635,206.4,132,0.0705,23130.82,12.3233
14-12-2025,Sunday,Firefox,Mobile,India,Paid Search,/about,1524,1342,182,1590,5429,0.6663,168.6,169,0.1115,7114.55,4.6683
03-03-2026,Tuesday,Firefox,Mobile,UAE,Organic Search,/home,4189,3124,1065,4573,14047,0.3598,286.4,589,0.1408,0,0
18-01-2026,Sunday,Chrome,Desktop,USA,Paid Search,/blog,3699,3228,471,3934,5538,0.5022,597.6,650,0.1759,86969.76,23.5117
19-11-2025,Wednesday,Chrome,Mobile,Japan,Organic Search,/contact,4330,3139,1191,4371,7595,0.6841,46.9,609,0.1407,114544.81,26.4538
02-11-2025,Sunday,Chrome,Mobile,UK,Organic Search,/home,1872,1257,615,2087,3570,0.6353,91.9,256,0.1368,71365.05,38.1224
06-03-2026,Friday,Safari,Desktop,germany,Social Media,/landing-promo,2262,1806,456,2479,9475,,366.2,170,0.0752,10409.58,4.6019
20-10-2025,Monday,Chrome,Desktop,France,Organic Search,/landing-promo,3114,2457,657,3387,7903,0.4455,176.5,444,0.1427,65040.12,20.8864
26-10-2025,Sunday,Chrome,Tablet,UK,Direct,/contact,747,349,398,851,1802,0.48,458.8,103,0.1391,9896.25,13.248
15-01-2026,Thursday,Chrome,Desktop,USA,Paid Search,/pricing,3414,2825,589,3717,15340,0.4283,133,610,0.1788,166111.93,48.6561
26-10-2025,Sunday,Firefox,Mobile,France,Organic Search,/landing-promo,3221,2265,956,3417,6784,0.4399,128.8,404,0.1257,34082.6,10.5814
24-02-2026,Tuesday,Chrome,Desktop,Germany,Direct,/about,5847,3261,2586,5976,23339,0.3535,346.3,878,0.1502,140434.49,24.0182
15-12-2025,Monday,Safari,Desktop,UK,Paid Search,/products,2863,2454,409,3268,12029,0.4334,397.6,462,0.1615,54217.51,18.9373
13-11-2025,Thursday,Firefox,Desktop,Canada,Direct,/pricing,2461,1468,993,2484,6510,0.367,518.9,380,0.1548,56723.39,23.0489
26-12-2025,Friday,Chrome,Mobile,India,Social Media,/landing-promo,3953,3288,665,4267,7025,0.6207,142.5,179,0.0455,16769.16,4.2421
06-12-2025,Saturday,Chrome,Desktop,USA,Organic Search,/landing-promo,2594,1905,689,2638,9568,0.4515,140.8,409,0.158,45062.88,17.372
15-12-2025,Monday,Chrome,Mobile,,Direct,/home,1993,860,1133,2178,3743,0.3536,164.1,295,0.1483,57406.07,28.8038
15-10-2025,Wednesday,Chrome,Tablet,UK,Organic Search,/pricing,822,565,257,866,2374,0.4921,,111,0.1359,9610.12,11.6911
04-02-2026,Wednesday,Chrome,Mobile,Germany,Social Media,/products,3624,2857,767,3689,4551,0.5331,,226,0.0625,0,0
10-02-2026,Tuesday,Chrome,Desktop,India,Direct,/home,4738,2781,1957,5156,13323,0.3176,593.7,596,0.126,19951.38,4.2109
20-03-2026,Friday,Chrome,Tablet,USA,Paid Search,/landing-promo,4786,3900,886,4834,6342,0.6587,210.2,823,0.1721,245478.35,51.2909
06-10-2025,Monday,Chrome,Mobile,UAE,Organic Search,/contact,2203,1569,634,2397,4774,0.3608,98.2,305,0.1385,43520.18,19.755
11-10-2025,Saturday,Chrome,Desktop,India,Paid Search,/pricing,891,685,206,959,2207,0.5208,568.3,115,0.1296,4588.07,5.1493
26-11-2025,Wednesday,Chrome,Desktop,Germany,Social Media,/contact,3297,2878,419,3604,6002,0.4787,372.1,259,0.0786,48691.52,14.7684
25-02-2026,Wednesday,Safari,Mobile,UK,Paid Search,/home,5933,4860,1073,5960,13946,0.6933,142.9,901,0.152,158851.43,26.7742
09-02-2026,Monday,Chrome,Tablet,USA,Organic Search,/home,4404,2812,1592,4862,18618,0.3016,307.8,690,0.1568,122023.13,27.7073
19-10-2025,Sunday,Chrome,Desktop,France,Organic Search,/pricing,1126,739,387,1131,1475,0.4205,389.1,150,0.1334,30842.62,27.3913
02-11-2025,Sunday,Firefox,Desktop,USA,Paid Search,/products,2283,1724,559,2336,6149,0.399,569.4,399,0.1748,45786.67,20.0555
14-10-2025,Tuesday,Safari,Mobile,UK,Referral,/contact,719,579,140,732,2862,0.4204,237,86,0.1209,19961.97,27.7635
05-10-2025,Sunday,Chrome,Desktop,Germany,Paid Search,/contact,1894,1622,272,2075,5113,0.5292,421,320,0.1691,71261.94,37.6251
14-12-2025,Sunday,Safari,Desktop,UK,Direct,/home,300,145,155,328,684,0.4846,202,43,0.1458,11173.34,37.2445
01-10-2025,Wednesday,Chrome,Desktop,Japan,Organic Search,/contact,0,3591,1552,5477,13317,0.3058,556.8,784,0.1526,126401.45,24.5774
19-03-2026,Thursday,Safari,Mobile,UK,Paid Search,/products,3915,3462,453,4310,12416,0.7033,69.9,622,0.1589,61409.63,15.6857
10-02-2026,Tuesday,Safari,Desktop,USA,Direct,/landing-promo,1292,715,577,1482,3998,0.5588,200.2,210,0.1628,57166.26,44.2463
24-12-2025,Wednesday,Chrome,Mobile,Japan,Paid Search,/home,5986,5138,848,6419,8576,0.5258,217.8,909,0.1519,165449.44,27.6394
02-11-2025,Sunday,Chrome,Desktop,India,Direct,/home,2280,1007,1273,2591,8727,0.4869,447.5,276,0.1214,14201.77,6.2288
29-09-2025,Monday,Chrome,Desktop,USA,Direct,/home,2380,1230,1150,2462,3893,0.2928,149.8,401,0.1688,35990.14,15.1219
03-01-2026,Saturday,Firefox,Mobile,Germany,Paid Search,/home,1103,962,141,1132,4896,0.7112,113.4,166,2.5202,18474.79,16.7496
01-01-2026,Thursday,Safari,desk top,USA,Social Media,/products,3330,2624,706,3349,5384,0.441,219.1,292,0.0878,47797.43,14.3536
09-11-2025,Sunday,Chrome,Desktop,France,Referral,/contact,617,511,106,621,1870,1.3807,237.4,72,0.1177,16232.04,26.308
01-12-2025,Monday,Chrome,Desktop,UAE,paid search,/pricing,-456,1127,363,1661,4918,0.4546,501.2,253,0.1698,40680.64,27.3024
11-12-2025,Thursday,Chrome,Mobile,UAE,Referral,/products,1840,1463,377,2018,3486,0.677,281.2,230,0.1254,61744.95,33.557
17-11-2025,Monday,Safari,Tablet,India,Paid Search,/about,5724,4615,1109,6274,8794,0.5883,138.2,789,0.138,68825.03,12.0239
01-02-2026,Sunday,Chrome,Mobile,India,Organic Search,/contact,954,720,234,1033,2126,0.5767,281.1,87,0.0918,5763.85,6.0418
03-02-2026,Tuesday,Edge,Desktop,UK,Organic Search,/about,5298,3685,1613,6010,22140,0.5699,431.6,780,0.1474,0,0
28-09-2025,Sunday,Edge,Desktop,India,Direct,/about,3176,2060,1116,3326,12666,0.2563,759.3,434,0.1367,11621.02,3.659
29-10-2025,Wednesday,Chrome,Mobile,India,Direct,/contact,5915,3285,2630,6417,22614,0.3453,366.9,728,0.1232,56221.86,9.505
01-10-2025,Wednesday,Edge,Mobile,India,Organic Search,/pricing,619,464,155,630,2405,0.5696,65.4,66,0.1072,4559.21,7.3654
02-12-2025,Tuesday,Chrome,Mobile,UK,Paid Search,/about,5104,3985,1119,5324,8167,0.4928,152.1,812,0.1591,207770.12,40.7073
13-12-2025,Saturday,Safari,Mobile,Germany,Organic Search,/products,1852,1324,528,1891,4711,0.4852,191.6,240,0.1297,63693.81,34.3919
20-10-2025,Monday,Chrome,DESKTOP,USA,Organic Search,/home,2706,1983,723,2841,11979,0.6501,557.8,426,0.1575,115334.44,42.6217
23-11-2025,Sunday,Safari,Desktop,UAE,Referral,/blog,1673,1446,227,1682,2280,0.6484,175.7,235,0.1408,36546.75,21.845
29-01-2026,Thursday,Chrome,Desktop,India,Paid Search,/pricing,5842,4968,874,6505,22836,0.467,450.8,812,0.139,29897.1,5.1176
12-02-2026,Thursday,Chrome,Desktop,France,Direct,/contact,2768,1736,1032,3113,4541,0.5455,616.8,408,0.1476,77404.32,27.964
12-02-2026,Thursday,Chrome,Mobile,Germany,Email,/pricing,1364,800,564,1524,3665,0.4515,236.4,226,0.1661,46014.58,33.735
10-02-2026,Tuesday,Chrome,Desktop,UAE,Social Media,/pricing,2878,2548,330,3198,9556,0.6646,349.9,209,0.0727,24031.73,8.3501
27-01-2026,Tuesday,Safari,Mobile,UK,Organic Search,/landing-promo,752,583,169,853,2261,0.6541,203.2,101,0.1351,30727.22,40.8607
16-03-2026,Monday,Chrome,,Canada,Paid Search,/pricing,4951,3963,988,5520,21248,0.5758,246.2,873,0.1764,174794.04,35.3048
16-03-2026,Monday,Chrome,Desktop,India,Direct,/landing-promo,5310,2574,2736,5394,22510,0.3943,675.1,707,0.1332,50799.47,9.5668
24-12-2025,Wednesday,Chrome,Desktop,India,Referral,/home,3220,2756,464,3574,5727,0.2575,261.9,370,0.1152,17723.44,5.5042
21-02-2026,Saturday,Chrome,Tablet,India,Referral,/about,799,619,180,863,1032,0.4339,306.6,66,0.0836,4262.08,5.3343
07-01-2026,Wednesday,Firefox,Desktop,India,Direct,/about,3023,1609,1414,3275,4422,0.2508,734.5,384,0.1271,32823.37,10.8579
10-01-2026,Saturday,Chrome,Mobile,USA,Organic Search,/pricing,407,251,156,429,1552,0.5217,102.3,56,0.1396,10427.53,25.6205
17-01-2026,Saturday,Chrome,Desktop,India,Social Media,/landing-promo,2875,2552,323,2952,6768,0.5435,294.6,92,0.0322,8184.23,2.8467
09-11-2025,Sunday,Chrome,Desktop,India,Direct,/home,852,534,318,853,3464,0.4461,445.1,110,0.1294,9633.58,11.307
10-10-2025,Friday,Chrome,Mobile,Germany,Paid Search,/pricing,4786,3703,1083,4832,21064,0.5251,122,723,0.1512,166063.33,34.6977
12-11-2025,Wednesday,Firefox,Mobile,France,Organic Search,/pricing,3339,2488,851,3531,10066,0.7376,239.4,465,0.1393,48633.07,14.5652
07-03-2026,Saturday,Chrome,Mobile,Germany,Organic Search,/pricing,2514,1856,658,2760,11104,0.4729,225,338,0.1346,20933.72,8.3269
19-10-2025,Sunday,Chrome,Mobile,Japan,Organic Search,/pricing,1414,936,478,1589,1799,0.5617,275.7,186,0.132,10186.48,7.204
27-11-2025,Thursday,Chrome,Desktop,Germany,Direct,/pricing,4685,2717,1968,5177,1171,0.3789,683.9,719,0.1536,107612.36,22.9696
24-12-2025,Wednesday,Chrome,Desktop,USA,Organic Search,/pricing,665,530,135,715,2115,0.4067,252.6,104,0.1573,13120.09,19.7295
17-10-2025,Friday,Firefox,Mobile,USA,Organic Search,/landing-promo,2871,1785,1086,2909,9227,1.0555,204.5,422,0.147,55872.79,19.4611
24-10-2025,Friday,Safari,Desktop,France,Organic Search,/blog,3325,2297,1028,3530,8037,0.5603,356.4,467,0.1405,44913.45,13.5078
06-01-2026,Tuesday,Chrome,Mobile,USA,Organic Search,/about,4507,2860,1647,4712,15776,0.4023,90.3,685,0.1521,0,0
06-03-2026,Friday,Safari,Desktop,france,Organic Search,/home,4628,3015,1613,5028,19927,0.3452,581.8,644,0.1393,87852.43,18.9828
11-03-2026,Wednesday,Firefox,Desktop,USA,Social Media,/products,1360,1093,267,1459,5158,0.7268,298.9,96,0.0712,30753.84,22.6131
22-02-2026,Sunday,Chrome,Mobile,UK,Organic Search,/products,2401,1632,769,2572,3582,0.6931,225.8,295,0.1232,50910.25,21.2038
27-02-2026,Friday,Chrome,mob,France,Direct,/pricing,2583,1643,940,2864,9243,0.3658,335.4,323,0.1253,14523.2,5.6226
19-11-2025,Wednesday,Chrome,Tablet,France,Paid Search,/home,5679,4519,1160,5774,10384,0.639,381.4,826,0.1455,0,0
11-02-2026,Wednesday,Safari,Desktop,India,Direct,/home,2125,1348,777,2251,5014,0.3854,310.5,252,0.1188,14014.12,6.5949
02-03-2026,Monday,Chrome,Tablet,UK,Direct,/pricing,3868,2437,1431,4116,8743,0.4869,447.5,612,0.1584,99094.87,25.6191
11-10-2025,Saturday,Safari,Tablet,USA,Organic Search,/products,2300,1463,837,2484,4403,0.4541,335,334,0.1455,87212.1,37.9183
24-02-2026,Tuesday,Chrome,Desktop,USA,Referral,/home,1596,1254,342,1598,6184,0.329,231.9,229,0.1437,49843.59,31.2303
31-10-2025,Friday,Chrome,Mobile,India,Direct,/contact,4657,2597,2060,5249,13159,0.6606,72.2,564,0.1213,0,0
16-12-2025,Tuesday,Safari,Desktop,Japan,Organic Search,/contact,5305,3449,1856,5793,13347,0.5465,349.3,832,0.157,60473.89,11.3994
08-12-2025,Monday,Safari,Mobile,Germany,Organic Search,/contact,4380,3448,932,4416,17590,0.6743,121,653,0.1491,133364.18,30.4484
21-12-2025,Sunday,Chrome,Mobile,France,,/contact,567,396,171,618,2053,0.6185,243,66,0.1168,15401.82,27.1637
20-12-2025,Saturday,Safari,Mobile,UAE,Direct,/pricing,2740,1305,1435,2805,5691,0.4663,116.8,407,0.1486,71393.49,26.056
15-01-2026,Thursday,Chrome,Mobile,Japan,Social Media,/contact,3000,2403,597,3449,5536,0.6019,123.9,155,0.0517,18647.06,6.2157
05-02-2026,Thursday,Chrome,Desktop,USA,Paid Search,/contact,5431,4118,1313,5788,13934,0.5335,402.3,933,0.1719,138935.41,25.5819
22-01-2026,Thursday,Chrome,Tablet,USA,Social Media,/products,3799,3320,479,3996,12896,0.7005,255.9,314,0.0828,26444.92,6.961
13-12-2025,Saturday,Firefox,Tablet,USA,Organic Search,/pricing,1099,716,383,1260,4680,0.6673,249.4,151,0.1381,17909.26,16.296
02-12-2025,Tuesday,Chrome,Desktop,USA,Social Media,/products,658,552,106,728,1879,0.5766,194.9,57,0.0868,17157.8,26.0757
05-12-2025,Friday,Firefox,Mobile,Japan,Paid Search,/products,4023,3387,636,4286,18833,0.6453,114.1,662,0.1646,82090.87,20.4054
18-10-2025,Saturday,Safari,Tablet,Japan,Organic Search,/pricing,1805,1172,633,1949,5419,0.6364,329.5,249,0.1385,15343.92,8.5008
14-03-2026,Saturday,Chrome,Desktop,India,Direct,/about,1038,505,533,1162,1361,0.3336,345,124,0.1203,9077.31,8.745
12-11-2025,Wednesday,Safari,Desktop,UAE,Organic Search,/home,5283,3238,2045,5911,23232,0.3081,568.4,804,0.1522,137245.89,25.9788
17-01-2026,Saturday,Chrome,Mobile,USA,Organic Search,/landing-promo,3119,2190,929,3128,12870,0.5492,252.1,469,0.1504,125777,40.3261
01-02-2026,Sunday,Chrome,Mobile,UK,Email,/blog,964,614,350,1039,2129,0.6309,357.5,158,0.1648,22605.45,23.4496
05-12-2025,Friday,Firefox,Mobile,Japan,Paid Search,/products,4023,3387,636,4286,18833,0.6453,114.1,662,0.1646,82090.87,20.4054
14-10-2025,Tuesday,Chrome,Desktop,India,Social Media,/products,1216,949,267,1326,3321,0.4507,309.3,55,0.0454,3231.92,2.6578
11-11-2025,Tuesday,Chrome,Mobile,India,Organic Search,/products,930,619,311,1011,3558,0.4645,160.7,95,0.1025,3967.13,4.2657
02-10-2025,Thursday,Safari,Tablet,USA,Paid Search,/about,2814,2193,621,3004,9363,0.5548,100.5,467,0.1662,53137.5,18.8833
12-02-2026,Thursday,Safari,Desktop,INDIA,Social Media,/about,553,444,109,579,1191,0.6769,175,25,0.0461,,1.9313
16-02-2026,Monday,Safari,Desktop,USA,Social Media,/about,2629,2334,295,2767,11364,0.3971,295.8,190,0.0723,32078.73,12.2019
25-11-2025,Tuesday,Firefox,Mobile,Canada,Email,/products,1780,1019,761,2001,7144,0.4802,375.3,297,0.1669,59889.64,33.6459
24-10-2025,Friday,Chrome,Desktop,Japan,Direct,/home,4017,2526,1491,4617,12397,0.2716,527.9,677,0.1686,,15.1161
13-01-2026,Tuesday,Chrome,Mobile,Japan,Organic Search,/products,3378,2349,1029,3571,13819,0.5925,130.2,494,0.1464,17919.53,5.3048
24-01-2026,Saturday,Chrome,Desktop,Japan,Referral,/landing-promo,2324,1850,474,2464,5960,0.616,157.9,302,0.1302,41297.77,17.7701
06-03-2026,Friday,Chrome,Desktop,UK,Social Media,/blog,2757,2133,624,3105,6137,0.7383,202.9,172,0.0627,21789.12,7.9032
27-10-2025,Monday,Chrome,Mobile,UK,Organic Search,/products,4338,3086,1252,4937,15395,0.4184,60.7,571,0.1317,140545.12,32.3986
02-01-2026,Friday,Chrome,Desktop,UAE,Organic Search,/home,1004,676,328,1087,2498,0.317,331.4,158,0.1583,40544.9,40.3834
12-11-2025,Wednesday,Safari,Mobile,Germany,Paid Search,/landing-promo,4336,3321,1015,4715,13980,0.7826,216.9,696,0.1607,77671.31,17.9131
26-02-2026,Thursday,Chrome,Mobile,Japan,Direct,/about,5013,2279,2734,5121,6292,0.6669,70.8,728,0.1453,74139.6,14.7895
04-01-2026,Sunday,Chrome,Mobile,UAE,Paid Search,/landing-promo,3354,2946,408,3470,4057,0.5031,201.8,568,0.1695,0,0
28-12-2025,Sunday,Chrome,Desktop,Japan,Direct,/products,1404,581,823,1449,3880,0.3331,218.6,216,0.1539,48573.71,34.5967
08-03-2026,Sunday,Chrome,Mobile,France,Direct,/home,939,488,451,970,3774,0.3014,253.7,118,0.1264,5755.33,6.1292
21-02-2026,Saturday,Chrome,Desktop,USA,Paid Search,/landing-promo,376,313,63,419,726,0.4411,317.3,62,0.1675,12478.37,33.1872
27-11-2025,Thursday,Safari,Mobile,Canada,Direct,/pricing,1070,657,413,1075,2481,0.4327,248.6,156,0.1464,30953.73,28.9287
17-12-2025,Wednesday,Safari,Desktop,UK,Paid Search,/pricing,1597,1286,311,1611,5886,0.6555,348.7,253,0.159,32510.91,20.3575
08-02-2026,Sunday,Chrome,Desktop,France,Organic Search,/home,1702,1068,634,1802,5463,0.4699,562.5,223,3.2023,13820.37,8.1201
10-02-2026,Tuesday,Safari,Desktop,India,Paid Search,/blog,5575,4599,976,5901,22311,0.6059,444.1,813,0.1459,71154.64,12.7632
05-12-2025,Friday,Safari,Desktop,UK,Organic Search,/landing-promo,1967,1457,510,2244,6301,0.3179,287.8,262,0.1337,15190.31,7.7226
02-27-2026,Friday,Chrome,Desktop,Germany,Social Media,/products,1944,1550,394,2078,3859,0.3717,155.7,137,0.0705,6505.5,3.3465
05-12-2025,Friday,Safari,Desktop,USA,Direct,/about,1321,825,496,1356,4371,0.4085,584,207,0.1574,17917.43,13.5635
12-11-2025,Wednesday,Chrome,Mobile,UAE,Paid Search,/about,832,644,188,875,3105,0.6042,286.8,138,0.1662,22186.8,26.6668
22-02-2026,Sunday,Chrome,Desktop,India,Organic Search,/about,1168,755,413,1215,2341,0.4341,425.5,134,0.1148,9702.78,8.3072
15-10-2025,Wednesday,Safari,Desktop,India,Social Media,/landing-promo,3381,2851,530,3833,8614,0.5394,422.6,140,0.0416,12048.65,3.5636
19-02-2026,Thursday,Chrome,Desktop,France,Organic Search,/products,2538,1594,944,2594,6047,0.6202,121.4,311,0.1229,22764.12,8.9693
18-03-2026,Wednesday,Chrome,Desktop,France,Paid Search,/contact,1991,1746,245,1994,4516,0.5784,460.5,299,0.1504,47710.97,23.9633
20-01-2026,Tuesday,Chrome,Desktop,USA,Paid Search,/blog,4930,4017,913,5614,23396,0.4796,197.6,848,0.1722,47367.9,9.6081
14-12-2025,Sunday,Firefox,Desktop,India,Organic Search,/pricing,3260,2301,959,3499,10588,0.4815,378.9,395,0.1212,8446.12,2.5908
30-01-2026,Friday,Chrome,Desktop,USA,Organic Search,/landing-promo,2186,1413,773,2293,3411,0.5129,447,325,0.1488,51027.54,23.3429
01-03-2026,Sunday,Safari,Desktop,Japan,Social Media,/blog,2891,2314,577,2970,7777,0.3692,360.2,227,0.0788,11158.27,3.8597
18-10-2025,Saturday,Chrome,Mobile,India,Email,/landing-promo,768,484,284,816,3488,0.5052,357.9,105,0.1369,8569.86,11.1587
18-02-2026,Wednesday,Chrome,Mobile,India,Organic Search,/contact,2634,1757,877,2694,11084,0.5323,186.1,250,0.0952,23357.02,8.8675
16-12-2025,Tuesday,Chrome,Mobile,Germany,Organic Search,/blog,1205,888,317,1307,5682,0.565,56.6,167,0.1389,18247.32,15.143
24-11-2025,Monday,Chrome,Tablet,India,Organic Search,/blog,1369,977,392,1558,3419,0.3048,131.4,132,0.0967,8303.92,6.0657
13-03-2026,Friday,Chrome,Mobile,UAE,Direct,,768,457,311,806,1076,0.4237,246.5,121,0.1588,12713.46,16.554
16-12-2025,Tuesday,Chrome,Desktop,UAE,Social Media,/about,3322,2718,604,3386,5881,0.6005,290.7,311,0.0939,72321.73,21.7705
25-03-2026,Wednesday,Chrome,Tablet,UK,Social Media,/contact,711,551,160,806,2567,0.7386,91.6,39,0.0558,6677.75,9.3921
12-01-2026,Monday,Safari,Mobile,Germany,Paid Search,/landing-promo,5790,4593,1197,5818,24273,0.736,211,972,0.1679,105549.17,18.2296
14-10-2025,Tuesday,Chrome,Mobile,UK,Organic Search,/products,2388,1538,850,2690,5429,0.6399,271.8,300,0.1259,50458.02,21.1298
02-10-2025,Thursday,Chrome,Tablet,USA,Organic Search,/pricing,3814,2721,1093,4201,17605,0.4393,285.9,605,0.1588,158865.17,41.6532
22-03-2026,Sunday,Firefox,Desktop,France,Direct,/home,2715,1706,1009,2811,11478,0.4561,560.6,403,0.1488,31159.12,11.4767
25-11-2025,Tuesday,Chrome,Desktop,Japan,Direct,/products,2947,1849,1098,3091,589,0.5575,441.7,468,0.1589,83733.12,28.413
21-12-2025,Sunday,Chrome,Mobile,USA,Referral,/blog,2429,1909,520,2486,10545,0.6883,274.8,296,0.1222,32501,13.3804
13-02-2026,Friday,Chrome,Desktop,India,Paid Search,/blog,3121,2750,371,3487,11152,0.6541,411.8,441,0.1414,16660.05,5.338
11-03-2026,Wednesday,Chrome,MOBILE,India,Paid Search,/products,707,535,172,794,3369,0.4498,139,83,0.118,3077.35,4.3527
11-03-2026,Wednesday,Chrome,Desktop,India,Direct,/products,2185,917,1268,2257,3525,0.6235,248.4,275,0.126,18383.96,8.4137
29-10-2025,Wednesday,Firefox,Mobile,USA,Paid Search,/blog,3319,2830,489,3422,5149,0.6916,104.6,545,0.1644,72802.3,21.935
15-02-2026,Sunday,Chrome,,India,Email,/home,681,359,322,734,3040,0.2498,498.1,95,0.1401,2220.39,3.2605
28-09-2025,Sunday,Chrome,Tablet,Germany,Paid Search,/pricing,1011,907,104,1070,2931,0.3469,125.4,154,0.1525,29491.69,29.1708
22-01-2026,Thursday,Safari,Mobile,USA,Direct,/home,647,404,243,730,1247,0.4927,96.6,96,0.1495,6723.47,10.3918
26-11-2025,Wednesday,Chrome,Mobile,France,Direct,/products,2607,1338,1269,2875,8767,0.4518,204.3,317,0.1217,24860.63,9.5361
23-01-2026,Friday,Chrome,Mobile,France,Organic Search,/contact,1705,1264,441,1758,7680,0.4921,156.3,214,0.1258,37049.43,21.7299
22-03-2026,Sunday,Chrome,Tablet,UAE,Referral,/pricing,334,261,73,357,525,0.5002,103.5,42,0.1284,5436.12,16.2758
29-01-2026,Thursday,Firefox,Desktop,USA,Organic Search,/blog,2146,1615,531,2402,5454,0.3755,560.3,324,0.1511,77495.42,36.1116
15-01-2026,Thursday,Chrome,Mobile,UK,Direct,/pricing,4099,2361,1738,4366,15392,0.5989,202.1,623,0.1521,89584.73,21.8553
24-01-2026,Saturday,Firefox,Mobile,India,Paid Search,,3005,2549,456,3281,5199,0.7018,139.1,396,0.132,26824.83,8.9267
03-10-2025,Friday,Edge,Tablet,USA,Direct,/pricing,820,477,343,857,1447,0.3475,195.2,116,0.1425,23823.45,29.053
08-03-2026,Sunday,Chrome,Desktop,India,Referral,/landing-promo,1331,1169,162,1453,3621,0.2718,368.1,141,0.1066,10349.65,7.7758
02-02-2026,Monday,Chrome,Desktop,,Referral,/about,1484,1206,278,1599,7034,0.4559,143.7,220,0.1485,18563.95,12.5094
12-03-2026,Thursday,Chrome,Mobile,France,Paid Search,/landing-promo,3867,3145,722,3938,12450,0.6034,202.8,545,0.1411,37922.81,9.8068
04-03-2026,Wednesday,Safari,Tablet,USA,Referral,/contact,2731,2365,366,2931,5748,0.3122,195.2,352,0.1289,113171.82,41.4397
15-10-2025,Wednesday,Safari,Mobile,Canada,Direct,/contact,3724,1705,2019,4071,6516,0.3124,304.3,580,0.1559,112174.11,30.1219
14-03-2026,Saturday,Chrome,Desktop,UAE,Paid Search,/landing-promo,2296,1968,328,2333,3480,0.7275,197.4,397,0.1732,74955.64,32.6462
24-11-2025,Monday,Chrome,Tablet,Germany,Paid Search,/products,3360,2737,623,3795,9728,0.7369,325.1,504,0.1502,94663.05,28.1735
07-12-2025,Sunday,Safari,Desktop,Germany,Direct,/pricing,1845,1143,702,1884,8173,0.2402,529.7,288,0.1562,12714.16,6.8911
07-12-2025,Sunday,Safari,Mobile,Japan,Direct,/about,1335,764,571,1512,4865,0.4473,387.9,174,0.1308,19054.69,14.2732
17-10-2025,Friday,Chrome,Desktop,Germany,Direct,/pricing,1466,774,692,1544,5838,0.456,570.4,218,0.1488,51558.69,35.1696
11-01-2026,Sunday,Chrome,Desktop,Japan,Referral,/contact,1191,961,230,1214,2234,0.2605,593.3,157,0.1321,22412.43,18.8182
06-11-2025,Thursday,Chrome,Desktop,India,Organic Search,/home,5232,3930,1302,5257,13596,0.4538,336.5,633,0.121,27633.29,5.2816
01-01-2026,Thursday,Chrome,Mobile,Japan,Organic Search,/home,3272,2196,1076,3746,6214,0.7239,87,463,0.1418,21163.8,6.4682
31-01-2026,Saturday,Chrome,Desktop,UK,Paid Search,/products,2005,1648,357,2213,2640,0.4945,330.7,317,0.1583,33068.45,16.493
05-11-2025,Wednesday,Safari,Desktop,USA,Organic Search,/about,4691,3232,1459,5295,17669,0.5234,395.4,765,0.1632,0,0
24-02-2026,Tuesday,Firefox,Desktop,India,Paid Search,/landing-promo,4068,3277,791,4139,5039,0.4545,169.3,567,0.1394,22590.19,5.5531
27-02-2026,Friday,Edge,Mobile,India,Paid Search,/home,1369,1076,293,1397,2715,0.6401,251.5,168,0.1232,7689.19,5.6166
26-10-2025,Sunday,Safari,Desktop,France,Direct,/landing-promo,2234,1263,971,2384,5753,0.4345,132.1,293,0.1312,45262.15,20.2606
31-12-2025,Wednesday,Chrome,Tablet,France,Direct,/about,3599,1666,1933,3662,16906,0.4405,122,503,0.1398,30400.01,8.4468
07-03-2026,Saturday,Chrome,Mobile,Germany,Organic Search,/home,1301,920,381,1372,5709,0.5799,113.6,174,0.1339,43293.64,33.2772
08-01-2026,Thursday,Chrome,Desktop,UAE,Direct,/home,4410,2060,2350,4697,11575,0.2333,149.1,783,0.1777,145597.8,33.0154
05-12-2025,Friday,Chrome,Desktop,UAE,Social Media,/products,2436,2104,332,2732,9962,0.5726,342.9,177,0.0728,17591.49,7.2215
12-01-2026,Monday,Chrome,Mobile,USA,Social Media,/about,3083,2334,749,3146,12436,0.6174,206.7,247,0.0803,74962.08,24.3147
22-11-2025,Saturday,Chrome,Desktop,Germany,Direct,/pricing,3581,1459,2122,4113,7455,0.5724,739.5,589,0.1645,47996.92,13.4032
23-11-2025,Sunday,Safari,Mobile,UK,Organic Search,/contact,300,232,68,342,890,0.3704,284.3,37,0.1235,7550.51,25.1684
06-10-2025,Monday,Chrome,Mobile,Japan,Referral,/blog,1436,1245,191,1477,2570,0.6787,245.9,174,0.1218,13951.42,9.7155
06-12-2025,Saturday,Chrome,Desktop,Germany,Organic Search,/landing-promo,2149,1482,667,2366,4390,0.5864,461.6,314,0.1465,73472.68,34.1892
20-11-2025,Thursday,Chrome,Tablet,USA,Organic Search,/contact,4788,3721,1067,4945,19311,0.6394,308.7,734,0.1534,114914.2,24.0005
01-03-2026,Sunday,Chrome,Desktop,India,Paid Search,/landing-promo,1314,1063,251,1493,2735,0.5996,439.6,178,0.1359,4953.96,3.7701
06-11-2025,Thursday,Chrome,Desktop,France,Paid Search,/pricing,3108,2766,342,3196,8468,0.6952,412.6,519,0.167,18537.39,5.9644
08-01-2026,Thursday,Chrome,Mobile,India,Organic Search,/home,1058,772,286,1145,4770,0.6184,193.6,112,0.1063,11564.5,10.9305
28-12-2025,Sunday,Chrome,DESKTOP,India,Paid Search,/about,4113,3429,684,4343,7640,0.4274,189.8,583,0.1418,17564.01,4.2704
11-02-2026,Wednesday,Chrome,Desktop,UAE,Organic Search,/blog,1434,1093,341,1566,5008,0.3689,418.9,201,0.1404,32114.47,22.395
03-12-2025,Wednesday,Edge,MOBILE,USA,Organic Search,/about,2709,2158,551,2785,8731,0.6219,163.2,374,0.1384,108116.3,39.91
08-01-2026,Thursday,Safari,Desktop,UK,Referral,/about,3613,3071,542,4140,6916,0.5507,182.3,539,0.1492,66687.49,18.4577
26-03-2026,Thursday,Firefox,Desktop,UK,Social Media,/contact,2183,1929,254,2467,9158,0.7192,418.5,161,2.1444,15361.91,7.0371
06-10-2025,Monday,Chrome,Desktop,France,Direct,/products,4700,2199,2501,5377,12223,0.6045,224.7,728,0.1549,41975.71,8.931
15-10-2025,Wednesday,Chrome,Tablet,UAE,Organic Search,/products,3230,2204,1026,3573,8901,0.472,399.3,484,0.15,47066.46,14.5717
23-11-2025,Sunday,Chrome,Desktop,India,Organic Search,/home,3057,1972,1085,3240,4211,0.294,360.9,344,0.1126,23422.2,7.6618
11-10-2025,Saturday,Chrome,Desktop,USA,Organic Search,/home,407,279,128,462,1776,0.3402,,65,0.1598,4134.18,10.1577
06-03-2026,Friday,Chrome,Desktop,USA,Paid Search,/pricing,5182,4021,1161,5710,17897,0.5067,305.5,932,0.18,100503.26,19.3947
02-10-2025,Thursday,Safari,Desktop,India,Social Media,/contact,2912,2531,381,3219,8178,0.5985,283.7,119,0.0412,14019.95,4.8145
27-02-2026,Friday,Safari,Desktop,India,Email,/about,2413,1155,1258,2572,8309,0.5697,274.1,345,0.1431,9512.39,3.9421
06-01-2026,Tuesday,Edge,Tablet,USA,Paid Search,/landing-promo,2915,2471,444,2960,10210,0.5451,106.5,455,0.1564,156672.46,53.747
18-01-2026,Sunday,Chrome,Desktop,USA,Paid Search,/blog,3699,3228,471,3934,5538,0.5022,597.6,650,0.1759,86969.76,23.5117
30-10-2025,Thursday,Safari,Desktop,UK,Social Media,/blog,1558,1223,335,1653,4559,0.3795,327.4,107,0.0687,30344.3,19.4764
03-02-2026,Tuesday,Chrome,Mobile,Germany,Social Media,/landing-promo,564,495,69,644,2593,0.5073,115.7,36,0.0646,7379.8,13.0848
29-11-2025,Saturday,Chrome,Mobile,India,Referral,/home,1647,1356,291,1653,6268,0.5353,176.1,147,0.0897,10658.43,6.4714
05-11-2025,Wednesday,Chrome,Desktop,Germany,Social Media,/home,2725,2432,293,3102,3504,0.5158,137.7,167,0.0616,37529.72,13.7724
29-11-2025,Saturday,Chrome,Mobile,India,Organic Search,/pricing,611,419,192,655,1629,0.6769,49.9,66,0.1089,3872.27,6.3376
03-01-2026,Saturday,Chrome,Mobile,USA,Organic Search,/products,753,522,231,841,2079,0.5692,69.3,98,0.1309,31548.33,41.8969
01-02-2026,Sunday,Safari,Mobile,UAE,Organic Search,/products,3174,1922,1252,3280,12921,0.6214,164.3,472,0.1488,115556.46,36.4072
01-02-2026,Sunday,Chrome,Desktop,USA,Social Media,/about,2552,2045,507,2569,10624,0.6518,191.7,215,0.0843,57310.49,22.4571
19-01-2026,Monday,Chrome,Desktop,USA,Social Media,/landing-promo,776,596,180,794,2054,0.7324,343.1,61,0.0795,11606.19,14.9564
22-10-2025,Wednesday,Firefox,Mobile,Germany,Email,/pricing,557,232,325,595,1308,0.5058,306.7,96,0.1727,13731.22,24.6521
17-01-2026,Saturday,Chrome,Desktop,France,Paid Search,/blog,3110,2480,630,3503,14468,0.4622,590.6,481,0.1548,78194.27,25.1429
19-01-2026,Monday,Edge,Tablet,India,Social Media,/pricing,2402,2014,388,2523,8649,0.6085,244.4,84,0.0352,6554.78,2.7289
16-02-2026,Monday,Safari,Mobile,France,Organic Search,/about,853,643,210,919,3576,0.4297,283.4,109,0.1289,8297.15,9.727
30-09-2025,Tuesday,Chrome,Desktop,USA,Paid Search,/about,2959,2332,627,3213,3796,0.5591,251.4,520,0.1759,100227.49,33.8721
04-01-2026,Sunday,Chrome,Desktop,India,Paid Search,/home,3272,2657,615,3720,11389,0.3374,386,431,0.132,29321.26,8.9613
25-10-2025,Saturday,Chrome,desktop,USA,Organic Search,/home,1170,767,403,1315,4216,0.4098,323.1,184,0.1574,34639.63,29.6065
05-01-2026,Monday,Safari,Desktop,UAE,Paid Search,/landing-promo,1539,1297,242,1739,1952,0.5898,231,276,0.1795,37900.71,24.6268
29-11-2025,Saturday,Firefox,Desktop,Canada,Organic Search,/contact,1248,890,358,1282,1646,0.2817,580.3,170,0.1367,49070.08,39.319
10-10-2025,Friday,Safari,Tablet,Germany,Paid Search,/home,954,836,118,1013,3513,0.503,241.3,146,0.1539,16109.39,16.8862
17-01-2026,Saturday,Chrome,Desktop,India,Organic Search,/contact,2313,1591,722,2458,6336,0.4241,133.3,275,0.1191,24475.11,10.5815
12-12-2025,Friday,Chrome,Desktop,Canada,Direct,/blog,2351,1262,1089,2490,6689,0.3801,477.9,359,0.153,80747.37,34.346
24-10-2025,Friday,Chrome,Desktop,USA,Referral,/landing-promo,1029,864,165,1093,3099,0.6045,315.4,133,0.1301,9841.68,9.5643
18-02-2026,Wednesday,Firefox,Mobile,Germany,Paid Search,/pricing,4172,3597,575,4478,6372,0.5328,206,648,0.1554,66805.73,16.0129
10-02-2026,Tuesday,Edge,Desktop,USA,Referral,/contact,1657,1358,299,1799,2209,0.4226,281.9,237,0.1432,75343.65,45.4699
29-11-2025,Saturday,Firefox,Desktop,Germany,Social Media,/pricing,894,794,100,968,3865,0.5118,176,62,0.0695,9665.88,10.8119
02-10-2025,Thursday,Chrome,Desktop,India,Organic Search,/products,3182,2441,741,3374,6980,0.3697,132.9,365,0.1149,8121.37,2.5523
14-02-2026,Saturday,Firefox,Desktop,USA,Social Media,/contact,343,282,61,358,991,0.6768,404.8,30,0.0892,7746.56,22.5847
01-01-2026,Thursday,Firefox,Mobile,USA,Email,/contact,2643,1534,1109,2822,9355,0.3106,,469,0.1777,33637.9,12.7272
22-03-2026,Sunday,Safari,Tablet,India,Email,/landing-promo,463,248,215,468,1461,0.514,509.8,67,0.145,6142.15,13.266
05-12-2025,Friday,Chrome,Desktop,Japan,Organic Search,/contact,546,387,159,575,2188,0.4223,446.7,73,0.1355,6524.59,11.9498
04-02-2026,Wednesday,Firefox,Mobile,Canada,Direct,/contact,2343,1472,871,2613,6618,0.3098,89.8,306,0.1309,69248.49,29.5555
15-02-2026,Sunday,Chrome,Mobile,USA,Paid Search,/pricing,3782,3034,748,3969,8639,0.5543,208.8,605,0.16,174778.55,46.2133
11-02-2026,Wednesday,Safari,Desktop,UAE,Organic Search,/about,3037,2385,652,3191,9793,0.3606,122,497,0.1637,120720.09,39.7498
24-11-2025,Monday,Chrome,Desktop,UAE,Direct,/home,5454,2610,2844,5853,7437,0.6092,279.3,876,0.1607,0,0
06-10-2025,Monday,Safari,Tablet,Japan,Organic Search,/about,2622,1866,756,2886,8752,0.5565,183.5,336,0.1282,51000.8,19.4511
24-03-2026,Tuesday,Chrome,Desktop,Canada,Direct,/landing-promo,4209,2679,1530,4350,7229,0.3723,482.8,706,0.1678,163966.26,38.9561
30-01-2026,Friday,Safari,Desktop,Germany,Direct,/blog,4502,2287,2215,4623,18506,0.2341,237.9,729,0.1621,0,0
02-12-2025,Tuesday,Edge,Tablet,France,Direct,/pricing,4133,2650,1483,4536,15322,0.6253,192.9,604,0.1463,100929.81,24.4205
03-03-2026,Tuesday,Chrome,Desktop,Canada,Social Media,/pricing,4296,3854,442,4938,9643,0.5426,213.9,351,0.0818,22806.42,5.3088
04-02-2026,Wednesday,Safari,Mobile,USA,Paid Search,/blog,2016,1561,455,2077,3311,0.7963,46.7,321,0.1595,29918.57,14.8406
05-03-2026,Thursday,Firefox,Desktop,India,Social Media,/blog,3045,2287,758,3233,4569,0.54,409.5,124,0.0409,3118.87,1.0243
28-09-2025,Sunday,Safari,Mobile,India,Social Media,/pricing,2776,2200,576,3128,10861,0.4109,46.8,61,0.0221,5897.45,2.1244
18-02-2026,Wednesday,Chrome,Tablet,Germany,Paid Search,/landing-promo,2979,2435,544,3113,6005,0.5102,206.8,454,0.1525,41799.6,14.0314
28-09-2025,Sunday,Chrome,Mobile,India,Organic Search,/blog,1757,1156,601,1957,5877,0.7002,99.6,186,0.1064,21849.11,12.4355
11-02-2026,Wednesday,Chrome,Desktop,France,Social Media,/landing-promo,3739,3136,603,4148,623,0.5411,436.2,227,0.0609,38389.43,10.2673
09-12-2025,Tuesday,Chrome,Mobile,UK,Social Media,/about,1739,1554,185,1897,4327,0.6398,94.1,113,0.065,18115.86,10.4174
14-02-2026,Saturday,Chrome,Desktop,Germany,Organic Search,/products,429,281,148,479,1032,0.4164,505.2,56,0.1314,7258.95,16.9206
16-11-2025,Sunday,Safari,MOBILE,USA,Direct,/about,366,174,192,373,1088,0.6266,231.9,56,0.1537,7579.16,20.7081
15-03-2026,Sunday,Safari,Mobile,Canada,Direct,/products,3066,1398,1668,3372,13679,0.3163,181.8,468,0.1528,65090.4,21.2297
13-01-2026,Tuesday,Chrome,Mobile,UK,Social Media,/home,2874,2479,395,2903,5768,0.7849,50.6,191,0.0668,18696.98,6.5056
08-03-2026,Sunday,Edge,Desktop,India,Organic Search,/about,2040,1288,752,2053,3363,0.3084,153.2,235,0.1155,14036.72,6.8807
14-10-2025,Tuesday,Safari,Desktop,India,Organic Search,/products,0,2081,841,3344,12336,0.3679,350.6,300,0.1027,22030.76,7.5396
08-03-2026,Sunday,Chrome,Mobile,USA,Direct,/contact,2139,982,1157,2189,3200,2.2992,331.6,335,0.1569,84919.95,39.7008
04-01-2026,Sunday,Chrome,Mobile,U.S.A,Organic Search,/blog,1037,712,325,1173,4280,0.5905,62.4,147,0.1422,19993.43,19.2801
19-01-2026,Monday,Firefox,Mobile,USA,Paid Search,/home,2896,2196,700,3322,9501,0.7775,284.6,439,0.1518,36341.16,12.5487
03-11-2025,Monday,Firefox,Desktop,USA,Organic Search,/landing-promo,4657,3184,1473,5282,12513,0.4434,479,745,0.1601,-2791.11,26.3796
28-11-2025,Friday,Safari,Desktop,USA,Organic Search,/blog,3924,3071,853,4296,5985,0.3768,439.5,614,0.1567,97845.55,24.9352
22-12-2025,Monday,Chrome,Desktop,USA,Referral,/contact,1965,1660,305,2123,3277,0.6263,140.6,256,0.1304,34203.31,17.4063
09-10-2025,Thursday,Safari,Desktop,Germany,Social Media,/home,3996,3587,409,4493,16403,0.44,132.7,289,0.0725,37120.2,9.2893
09-01-2026,Friday,Chrome,Desktop,Japan,Organic Search,/home,4220,3319,901,4312,19191,0.5068,478.6,657,0.1558,122032.91,28.9178
21-10-2025,Tuesday,Safari,Mobile,India,Paid Search,/landing-promo,971,851,120,1088,2737,0.6468,166.3,107,0.1112,10087.45,10.3887
19-12-2025,Friday,Firefox,Mobile,USA,Organic Search,/contact,3421,2132,1289,3696,14156,0.3364,58.4,482,0.1409,0,0
25-11-2025,Tuesday,Safari,Mobile,France,Social Media,/products,3388,2917,471,3596,7900,0.69,137.6,194,0.0574,20700.23,6.1099
04-01-2026,Sunday,Chrome,Desktop,USA,Social Media,/home,781,589,192,797,1172,0.611,124.5,69,0.0892,16594.58,21.2479
16-11-2025,Sunday,Chrome,Desktop,CANADA,Organic Search,/pricing,336,259,77,367,508,0.657,388.8,48,0.144,3331.59,9.9154
03-03-2026,Tuesday,Chrome,Desktop,USA,Email,/contact,3143,1868,1275,3542,12137,0.5158,668,565,0.18,171696.11,54.6281
27-10-2025,Monday,Safari,Tablet,India,Organic Search,/blog,1774,1308,466,2030,5998,0.5729,135.7,180,1.2959,14106.32,7.9517
24-03-2026,Tuesday,Chrome,Desktop,Germany,Direct,/products,4865,2932,1933,4894,16293,0.6034,626.1,750,0.1542,137381.61,28.2388
04-12-2025,Thursday,Chrome,Desktop,Germany,Referral,/blog,1423,1180,243,1469,3560,0.47,453.5,186,0.1309,7117.18,5.0015
25-03-2026,Wednesday,,Desktop,UAE,Organic Search,/pricing,3833,2665,1168,4081,7796,0.5435,262.3,577,0.1506,104689.34,27.3126
17-10-2025,Friday,Chrome,Mobile,CAN,Paid Search,/contact,4588,3675,913,4671,14407,0.7613,199.8,735,0.1604,66801.66,14.5601
22-10-2025,Wednesday,Chrome,Mobile,UAE,Organic Search,/landing-promo,1398,1024,374,1522,2252,0.5494,96.7,205,0.1467,26249.41,18.7764
10-10-2025,Friday,Chrome,Desktop,India,Social Media,/pricing,3770,3192,578,3782,7410,0.4018,387.1,219,0.0582,15059.03,3.9944
17-02-2026,Tuesday,Safari,Desktop,UK,Paid Search,/contact,4750,3910,840,5339,8566,0.414,246.5,798,0.1682,216812.42,45.6447
04-11-2025,Tuesday,Chrome,Tablet,India,Social Media,/home,1043,885,158,1117,2586,0.7504,201.1,29,0.0287,2223.66,2.132
20-10-2025,Monday,Chrome,Desktop,France,Email,/pricing,2805,1137,1668,3154,9195,0.2747,129.7,479,0.1711,110354.91,39.3422
29-10-2025,Wednesday,Safari,Desktop,UK,Organic Search,/landing-promo,4744,3752,992,4919,22680,0.6315,546.8,675,0.1423,101011.58,21.2925
28-02-2026,Saturday,Chrome,Desktop,UAE,Email,/contact,1162,576,586,1222,4573,0.3534,567.6,209,0.18,17142.86,14.7529
06-12-2025,Saturday,Safari,Desktop,India,Organic Search,/products,644,449,195,647,1611,0.65,172.2,70,0.11,2822.6,4.3829
21-02-2026,Saturday,Firefox,Mobile,Germany,Organic Search,/contact,1804,1162,642,2026,2231,0.493,93.3,225,0.1251,36374.79,20.1634
08-02-2026,Sunday,Chrome,Tablet,France,Social Media,/home,959,741,218,1042,2673,0.6746,290.8,54,0.0568,4911.49,5.1215
22-10-2025,Wednesday,Edge,Mobile,UAE,Paid Search,/about,6600,5521,1079,7263,21265,0.578,285,1176,0.1783,129884.81,19.6795
05-11-2025,Wednesday,Chrome,Desktop,,Paid Search,/landing-promo,3673,3299,374,3949,6177,0.3662,294.7,605,0.1648,147132.38,40.0578
07-02-2026,Saturday,Chrome,Tablet,India,Social Media,/contact,455,390,65,489,1897,0.6633,184.2,10,0.024,360.53,0.7924
14-10-2025,Tuesday,Chrome,Desktop,India,Social Media,/products,2515,2071,444,2888,10612,0.6338,325.8,116,0.0465,3229.88,1.2842
24-02-2026,Tuesday,Chrome,Mobile,UK,Organic Search,/blog,4119,3057,1062,4533,9885,0.6596,221.9,613,0.1489,102055,24.7766
23-10-2025,Thursday,Chrome,Tablet,UAE,Direct,/contact,2318,1382,936,2651,6450,0.3194,256.9,335,0.1446,84488.48,36.4489
10-01-2026,Saturday,Chrome,,India,Email,/landing-promo,1079,678,401,1222,3907,0.5307,376.7,145,0.1351,15318.1,14.1966
06-02-2026,Friday,Safari,Desktop,India,Organic Search,/about,809,563,246,884,1544,0.2648,562.6,86,0.1064,2644.62,3.269
29-01-2026,Thursday,Chrome,Mobile,France,Direct,/products,3644,2201,1443,3687,14042,0.5127,99.9,499,0.137,62952.41,17.2756
21-11-2025,Friday,Safari,Desktop,India,Organic Search,/landing-promo,4745,3687,1058,5144,13805,0.5609,431.7,554,0.1169,47269.16,9.9619
06-01-2026,Tuesday,Chrome,Mobile,UK,Organic Search,/contact,3957,3086,871,4060,18671,0.6875,156.5,577,0.146,117147.59,29.6052
02-03-2026,Monday,Chrome,Desktop,Canada,Paid Search,/home,3206,2613,593,3443,10415,0.5507,436.7,556,0.1736,29494.33,9.1997
30-12-2025,Tuesday,Chrome,Desktop,IND,Social Media,/home,3949,3232,717,4219,13963,0.5242,236.2,199,0.0505,5066.77,1.2831
24-03-2026,Tuesday,Edge,Desktop,India,Direct,/products,4366,2420,1946,4764,10295,0.3652,,584,0.1338,19473.62,4.4603
17-02-2026,Tuesday,Chrome,Desktop,UK,Paid Search,/products,2703,2397,306,2878,10465,0.5414,499.2,406,0.1505,23269.48,8.6088
20-01-2026,Tuesday,Safari,Mobile,USA,Direct,/pricing,902,407,495,1025,3442,0.5377,265.6,127,0.1411,20868.55,23.1359
07-11-2025,Friday,Chrome,Mobile,USA,Paid Search,/blog,5814,5000,814,5814,18419,0.8051,243.6,976,0.168,97247.93,16.7265
04-11-2025,Tuesday,Chrome,Mobile,USA,Paid Search,/about,3252,2466,786,3607,14993,0.68,224.6,584,0.1797,104009.39,31.9832
27-10-2025,Monday,Chrome,Desktop,USA,Organic Search,/contact,2069,1299,770,2377,6225,0.2758,259.2,312,0.1512,63004.92,30.4519
20-11-2025,Thursday,Safari,Desktop,united states,Social Media,/blog,2609,2314,295,2806,4722,0.4817,328,225,0.0865,56550.98,21.6753
05-02-2026,Thursday,Safari,Mobile,USA,Organic Search,/pricing,1024,712,312,1083,1846,0.6905,140.4,136,0.1336,26505.98,25.8847
07-11-2025,Friday,Safari,Desktop,USA,organic,/pricing,4201,3158,1043,4685,13231,0.6221,292.4,644,0.1535,138765.6,33.0316
17-02-2026,Tuesday,Chrome,Desktop,India,Direct,/products,-1,2215,1819,4088,11985,0.3048,307.2,530,0.1314,31809.09,7.8852
23-11-2025,Sunday,Chrome,Desktop,INDIA,Paid Search,/products,3706,3087,619,3860,16930,0.339,378.4,531,0.1434,30898.22,8.3374
02-10-2025,Thursday,Safari,Desktop,USA,Organic Search,/pricing,453,354,99,469,1546,0.4266,438.9,72,0.1595,14145.62,31.2265
22-11-2025,Saturday,Safari,Mobile,UK,Direct,/about,3901,2118,1783,4251,16507,0.3309,288.6,592,0.1518,64760.9,16.6011
19-10-2025,Sunday,Safari,Mobile,USA,Paid Search,/pricing,3962,3210,752,4183,7018,0.5036,131.3,696,0.1758,43891.38,11.0781
23-11-2025,Sunday,Safari,Desktop,USA,Paid Search,/about,512,447,65,564,2397,0.5196,183.5,90,0.176,22253.31,43.4635
21-10-2025,Tuesday,Safari,Mobile,France,Organic Search,/landing-promo,3335,2663,672,3604,12411,0.3528,281.6,451,0.1354,19557.82,5.8644
24-03-2026,Tuesday,Chrome,Desktop,India,Organic Search,/blog,4602,2846,1756,5216,21812,0.538,180.5,516,0.1123,44401.46,9.6483
28-10-2025,Tuesday,Safari,Desktop,UK,Paid Search,/contact,658,569,89,741,2779,0.6432,371.6,101,0.1541,11963.89,18.1822
01-03-2026,Sunday,Safari,Desktop,Canada,Paid Search,/home,1169,896,273,1263,3991,0.6192,452.5,181,0.1556,12531.18,10.7196
10-01-2026,Saturday,Safari,Desktop,USA,Paid Search,/contact,1697,1397,300,1822,6497,0.6531,242.8,288,0.1703,61258.98,36.0984
22-10-2025,Wednesday,Firefox,Mobile,Japan,Social Media,/products,793,606,187,901,2127,0.4857,101.3,41,0.0519,6399.45,8.0699
16-01-2026,Friday,Firefox,Desktop,India,Organic Search,/products,4116,2808,1308,4457,17726,0.3815,589.1,474,0.1153,28750.52,6.9851
17-11-2025,Monday,Chrome,MOBILE,USA,Direct,/home,1079,530,549,1111,2749,0.2938,279.4,153,0.1418,11861.02,10.9926
24-10-2025,Friday,Chrome,Mobile,Germany,Direct,/pricing,5348,2913,2435,5704,8337,0.5041,145,772,0.1445,85600.77,16.0061
07-12-2025,Sunday,Safari,Desktop,India,Paid Search,/landing-promo,1687,1500,187,1780,6030,0.5012,465.8,221,0.1313,10552.68,6.2553
19-01-2026,Monday,Chrome,Tablet,Japan,Organic Search,/products,666,450,216,741,2576,0.4013,379.5,88,0.1323,9547.42,14.3355
11-12-2025,Thursday,Chrome,Desktop,India,Direct,/blog,1845,1006,839,1919,7133,0.3933,677.5,228,0.1239,14131.68,7.6594
23-01-2026,Friday,Firefox,Tablet,India,Social Media,/products,3980,3095,885,4306,15820,0.5068,161.9,186,0.0469,9247.22,2.3234
07-11-2025,Friday,Chrome,Desktop,USA,Organic Search,/pricing,3454,2142,1312,3670,5091,0.269,489.8,538,0.156,183239.11,53.0513
18-02-2026,Wednesday,Chrome,Tablet,France,Organic Search,/contact,2212,1659,553,2516,6094,0.387,397.2,273,0.1236,33010.06,14.9232
26-10-2025,Sunday,Safari,,India,Social Media,/products,607,461,146,643,823,0.6548,372.2,27,0.0454,1007.49,1.6598
13-01-2026,Tuesday,Chrome,Desktop,USA,Social Media,/home,1383,1099,284,1388,3538,0.746,242.7,115,0.0833,35792.61,25.8804
21-11-2025,Friday,Safari,Mobile,USA,Organic Search,/contact,3126,2015,1111,3379,11981,0.6055,295.7,455,0.1456,58986,18.8695
08-02-2026,Sunday,Safari,Mobile,France,Organic Search,/pricing,743,577,166,804,2691,0.6583,158.8,91,0.1233,7254.96,9.7644
27-10-2025,Monday,Chrome,Desktop,France,Organic Search,/landing-promo,3772,2716,1056,3960,13750,0.3466,209.1,548,0.1455,68971.38,18.2851
24-01-2026,Saturday,Chrome,Desktop,Japan,Referral,/landing-promo,2324,1850,474,2464,5960,0.616,157.9,302,0.1302,41297.77,17.7701
28-12-2025,Sunday,Chrome,Tablet,USA,Social Media,/contact,1447,1186,261,1467,4752,0.7567,246.5,89,0.0621,9812.88,6.7815
24-12-2025,Wednesday,Chrome,Mobile,India,Organic Search,/about,828,643,185,915,2742,0.7296,100.4,76,0.0919,1429.94,1.727
07-03-2026,Saturday,Safari,Desktop,Japan,paid search,/contact,2000,1573,427,2228,5361,0.3785,297,320,0.1601,34242.12,17.1211
07-03-2026,Saturday,Chrome,Tablet,Germany,Organic Search,/about,2643,1851,792,2720,5266,0.4677,143.6,324,0.1226,19740.04,7.4688
09-02-2026,Monday,Chrome,Desktop,Canada,Organic Search,/home,2273,1447,826,2603,5944,0.5059,162.7,313,0.1381,13893.25,6.1123
10-02-2026,Tuesday,Chrome,Mobile,India,Organic Search,/landing-promo,5397,3654,1743,5824,20789,0.4736,209.5,553,0.1025,30024.97,5.5633
28-02-2026,Saturday,Chrome,Mobile,Germany,Paid Search,/contact,4184,3406,778,4446,8928,0.5271,225.6,643,0.1538,57624.29,13.7725
23-10-2025,Thursday,Chrome,Mobile,India,Email,/blog,2773,1333,1440,3111,3827,0.6323,169.3,384,0.1385,40584.97,14.6358
22-10-2025,Wednesday,Chrome,,Canada,Organic Search,/products,2693,1666,1027,2853,11297,0.4737,565.3,389,0.1448,70216.44,26.0737
02-11-2025,Sunday,Safari,Tablet,India,Direct,/about,3668,1672,1996,3794,11482,0.2877,325.6,462,0.1262,11448.35,3.1211
30-01-2026,Friday,Chrome,Mobile,Canada,Direct,/contact,3998,1903,2095,4050,16378,0.3336,326.5,574,0.1438,0,0
26-12-2025,Friday,Chrome,Desktop,UK,Direct,/contact,2446,1150,1296,2723,10286,0.6214,425.6,363,0.1485,34678.28,14.1775
01-01-2026,Thursday,Chrome,Desktop,France,Organic Search,/contact,4306,2646,1660,4935,19061,0.5251,321,604,0.1403,116844.56,27.1353
14-11-2025,Friday,Safari,Desktop,USA,organic,/products,4840,3689,1151,4977,15834,0.3096,485.6,808,0.167,90361.85,18.6698
15-11-2025,Saturday,Chrome,Mobile,France,Email,/products,2171,1401,770,2292,4467,0.5184,182.6,350,0.1615,54251.58,24.9892
28-09-2025,Sunday,Safari,Desktop,USA,Email,/blog,1449,580,869,1484,2195,0.3239,186,260,0.18,15836.64,10.9294
21-01-2026,Wednesday,Edge,Mobile,Deutschland,Referral,/blog,3501,2759,742,4017,15775,0.3651,206.3,479,0.137,128801.03,36.7898
15-03-2026,Sunday,Chrome,Tablet,USA,Social Media,/pricing,2157,1857,300,2215,7292,0.6635,234.8,159,0.074,34366.09,15.9324
16-10-2025,Thursday,Chrome,Mobile,UK,Organic Search,/products,3374,2564,810,3429,6843,0.403,150.2,498,0.1478,76208.21,22.5869
17-12-2025,Wednesday,Chrome,Desktop,India,Organic Search,/about,3237,2480,757,3238,5745,0.354,435.6,407,0.1259,38129.05,11.7791
04-12-2025,Thursday,Chrome,Mobile,USA,Organic Search,/blog,1267,891,376,1375,4122,0.3908,127.8,177,0.1398,47282.95,37.3188
31-10-2025,Friday,Edge,Tablet,India,Referral,/about,3322,2985,337,3758,12780,0.5462,109.2,356,0.1072,31836.32,9.5835
16-12-2025,Tuesday,Chrome,Mobile,Japan,Email,/landing-promo,3143,1516,1627,3354,14974,1.1306,128.7,565,0.18,91499.47,29.1121
22-03-2026,Sunday,Chrome,Mobile,India,Social Media,/blog,2606,1980,626,2922,11879,0.6883,45.4,59,0.023,2671.89,1.0253
29-11-2025,Saturday,Chrome,Desktop,USA,Organic Search,/home,3113,2108,1005,3474,12421,0.6372,251.5,517,0.1663,131854.65,42.3561
11-03-2026,Wednesday,Chrome,Desktop,Japan,Direct,/pricing,1888,1139,749,1985,6458,0.3858,195.8,280,0.1486,37353.57,19.7847
02-10-2025,Thursday,Chrome,Desktop,USA,Organic Search,/landing-promo,1632,1069,563,1847,3677,0.2834,510.9,258,0.1583,74601.38,45.7116
10-03-2026,Tuesday,Firefox,Mobile,France,Direct,/about,4737,2490,2247,5344,11889,0.488,363.1,655,0.1383,85445.53,18.0379
14-01-2026,Wednesday,Firefox,Desktop,UAE,Organic Search,/pricing,4793,3164,1629,5067,7591,0.4036,262,720,0.1504,87762.07,18.3105
06-11-2025,Thursday,Safari,Tablet,India,Paid Search,/pricing,5744,4731,1013,5953,27162,0.5682,393.4,790,0.1376,36807.18,6.4079
25-02-2026,Wednesday,Chrome,Desktop,UK,Organic Search,/contact,1166,883,283,1230,3840,0.6194,198.8,164,0.1407,32558.15,27.9229
03-03-2026,Tuesday,Chrome,Desktop,UAE,Direct,/home,2707,1553,1154,2781,5253,0.4024,154.5,435,0.1608,24363.24,9.0001
25-10-2025,Saturday,Chrome,Mobile,UAE,Organic Search,/landing-promo,1158,921,237,1255,3181,0.687,203.7,163,0.1412,32447.93,28.0207
18-12-2025,Thursday,Chrome,Desktop,India,Organic Search,/home,895,561,334,946,2009,0.5062,239.2,92,0.1032,6077.46,6.7905
01-11-2025,Saturday,Edge,Desktop,USA,Organic Search,/home,1228,782,446,1245,5821,0.6243,528.9,178,0.145,46313.59,37.7146
11-03-2026,Wednesday,Chrome,Desktop,India,Organic Search,/blog,2405,1874,531,2649,6926,0.5897,310.6,265,0.1102,23943.49,9.9557
12-01-2026,Monday,Chrome,Mobile,USA,Organic Search,/about,2268,1703,565,2342,6967,0.5982,137.3,337,0.149,107518.66,47.4068
13-02-2026,Friday,Safari,Mobile,India,Direct,/blog,4277,2717,1560,4458,11143,0.5456,121.2,502,0.1174,40027.8,9.3588
25-02-2026,Wednesday,Chrome,Desktop,Germany,Direct,/contact,2791,1276,1515,2964,3876,1.0603,186.4,391,0.1401,90121.18,32.2899
12-02-2026,Thursday,Chrome,Desktop,USA,Paid Search,/contact,2187,1823,364,2225,3893,0.7275,395.8,366,0.1674,94095.23,43.0248
20-10-2025,Monday,Chrome,Desktop,USA,Referral,/blog,1583,1224,359,1736,3263,0.4731,145.2,212,0.1345,22060.12,13.9356
12-12-2025,Friday,Safari,Tablet,USA,Organic Search,/blog,2160,1529,631,2166,5763,0.3245,405.3,291,0.135,88998.63,41.2031
15-10-2025,Wednesday,Safari,Desktop,Germany,Organic Search,/about,600,472,128,677,1339,0.419,544,85,0.142,8063.51,13.4392
06-10-2025,Monday,Safari,Tablet,USA,Direct,/landing-promo,1395,854,541,1549,4166,0.2548,253.5,213,0.1533,22550.06,16.1649
17-01-2026,Saturday,Chrome,Desktop,UK,Direct,/landing-promo,3960,2139,1821,4297,6360,0.418,668.9,639,0.1616,52577.38,13.2771
25-11-2025,Tuesday,Safari,Mobile,USA,Email,/products,889,570,319,1004,3624,0.268,162.3,154,0.1741,28419.96,31.9685
25-12-2025,Thursday,Safari,Desktop,USA,Organic Search,/blog,3162,2361,801,3278,4648,0.3906,332.3,519,0.1642,125315.82,39.6318
09-12-2025,Tuesday,Safari,Tablet,India,Paid Search,/blog,5359,4739,620,5362,12315,0.4148,234.9,720,0.1344,65512.35,12.2247
01-10-2025,Wednesday,Safari,Desktop,Germany,Paid Search,/pricing,-1,814,187,1106,4789,0.4397,147.5,150,0.1506,21812.24,21.7904
01-12-2025,Monday,Chrome,desktop,USA,Direct,/contact,3952,1705,2247,4512,6971,0.3795,311.8,646,0.1637,154350.73,39.0564
24-10-2025,Friday,Firefox,Mobile,Canada,Social Media,/products,1970,1485,485,2147,9165,0.8274,167,125,0.0639,26200.63,13.2998
25-12-2025,Thursday,Chrome,Desktop,USA,Organic Search,/contact,5352,3356,1996,5564,12139,0.2797,581.4,837,0.1565,135011.69,25.2264
25-01-2026,Sunday,Chrome,Mobile,UAE,Social Media,/pricing,959,744,215,988,3743,,174.1,71,0.0747,4370.58,4.5574
20-10-2025,Monday,Chrome,Mobile,USA,Social Media,/products,2617,2035,582,2856,11252,0.6021,186.3,199,0.0761,40488.72,15.4714
24-12-2025,Wednesday,Chrome,Tablet,India,Organic Search,/contact,948,721,227,969,2473,0.388,142.5,97,0.1032,8144.54,8.5913
06-11-2025,Thursday,Chrome,Desktop,Japan,Social Media,/home,3373,3001,372,3846,11514,0.7156,199.4,276,0.0819,52172.95,15.4678
16-01-2026,Friday,Edge,Desktop,Japan,Referral,/blog,668,513,155,763,2141,0.2974,272.4,89,0.1345,18262.28,27.3387
01-10-2025,Wednesday,Chrome,Desktop,Canada,Direct,/blog,2110,1284,826,2244,7382,0.2889,193.2,304,0.1441,71362.77,33.8212
01-02-2026,Sunday,Chrome,Desktop,USA,Organic Search,/products,3081,1892,1189,3355,13239,0.4466,424,504,0.1639,167550.72,54.3819
05-01-2026,Monday,Chrome,Desktop,USA,Paid Search,/home,4574,3966,608,4646,12346,0.5191,596.5,814,0.1781,117506.66,25.6901
23-01-2026,Friday,Safari,Mobile,France,Paid Search,/blog,1980,1501,479,2024,3722,0.4984,181,258,0.1308,22181.6,11.2028
01-11-2025,Saturday,Chrome,Tablet,France,Social Media,/products,2191,1645,546,2315,6279,0.3865,81.5,108,0.0497,19670.72,8.978
10-10-2025,Friday,Chrome,Mobile,India,Organic Search,/landing-promo,2945,2338,607,3327,6870,0.5182,182.1,291,0.099,28886.83,9.8088
07-12-2025,Sunday,Chrome,Desktop,UK,Paid Search,/landing-promo,438,385,53,463,1558,0.6626,332.8,69,0.158,15251.55,34.8209
19-02-2026,Thursday,Safari,Desktop,Japan,Direct,/contact,978,560,418,1039,1177,0.4545,381.1,149,0.1533,17838.75,18.24
18-11-2025,Tuesday,Chrome,Mobile,UK,Direct,/home,5578,2739,2839,5961,10624,0.5458,276.7,880,0.1578,155476.41,27.8731
17-01-2026,Saturday,Firefox,Desktop,UAE,Direct,,644,406,238,735,1001,0.5869,590.2,99,0.1541,17066.55,26.5009
30-10-2025,Thursday,Edge,Mobile,India,Referral,/landing-promo,492,396,96,523,1183,0.5127,293.6,44,0.0899,1120.59,2.2776
11-11-2025,Tuesday,Chrome,Desktop,Germany,Organic Search,/about,3121,2007,1114,3400,11009,0.4588,558,470,0.1506,36361.62,11.6506
22-12-2025,Monday,Chrome,Desktop,UAE,Organic Search,/home,4428,3446,982,4561,20926,0.4171,429.8,712,0.1608,122660.48,27.7011
22-01-2026,Thursday,Chrome,Mobile,Germany,Direct,/contact,4084,1807,2277,4153,15426,0.5848,162.8,650,0.1593,104525.99,25.594
04-11-2025,Tuesday,,Desktop,USA,Direct,/about,3839,1863,1976,4036,12358,0.5501,279,622,0.1622,44805.75,11.6712
25-02-2026,Wednesday,Chrome,Tablet,USA,Referral,/blog,3673,3006,667,3952,16187,0.5545,,482,0.1313,149100.68,40.5937
11-01-2026,Sunday,Safari,Desktop,France,Organic Search,/blog,1626,1068,558,1733,4850,0.3726,197.9,209,0.129,25164.5,15.4763
05-12-2025,Friday,Edge,Mobile,Canada,Direct,/landing-promo,814,396,418,867,3203,0.3787,298.9,109,0.135,5290.19,6.499
10-01-2026,Saturday,Chrome,Mobile,Canada,Referral,/about,2220,1738,482,2550,10349,0.3762,263.9,276,0.1244,14538.07,6.5487
23-11-2025,Sunday,Chrome,Mobile,UAE,Organic Search,/products,521,360,161,546,827,0.5343,97.8,77,0.1488,7317.64,14.0454
16-11-2025,Sunday,Chrome,Desktop,India,Social Media,/blog,1499,1268,231,1649,5192,0.7443,306.5,56,0.0376,5205.94,3.4729
04-12-2025,Thursday,Firefox,Desktop,Canada,Email,/blog,2085,837,1248,2290,4913,0.5987,315.2,375,0.18,20333.44,9.7522
29-01-2026,Thursday,Chrome,Desktop,Germany,Paid Search,/about,1524,1363,161,1726,5221,0.6473,350,253,0.1663,21275.11,13.96
06-01-2026,Tuesday,Firefox,Desktop,India,Paid search,/home,879,734,145,908,2895,0.5435,245.7,110,0.1261,8855.31,10.0743
04-10-2025,Saturday,Safari,Desktop,Japan,Paid Search,/landing-promo,2015,1774,241,2229,7046,0.378,531.1,328,0.1631,55864.78,27.7245
14-03-2026,Saturday,Safari,Desktop,India,Organic Search,/blog,2523,2004,519,2552,4012,0.5013,526.4,266,0.1056,6536.79,2.5909
25-01-2026,Sunday,Edge,Mobile,France,Organic Search,/about,1337,1068,269,1486,2465,0.3264,179.1,155,0.1162,14698.95,10.994
01-03-2026,Sunday,Safari,Desktop,India,Referral,/pricing,2266,1933,333,2545,9793,0.4561,196.3,226,0.1001,23816.77,10.5105
14-12-2025,Sunday,Chrome,Mobile,USA,Email,/about,2222,1278,944,2252,3372,0.3197,338.6,383,0.1727,100367.19,45.1698
20-02-2026,Friday,Edge,Mobile,UAE,Organic Search,/landing-promo,4057,2778,1279,4519,7109,0.565,201.3,610,0.1505,95054.02,23.4296
16-03-2026,Monday,Safari,Tablet,India,Referral,/contact,3454,2642,812,3827,15006,0.3924,361.2,352,0.1022,19958.6,5.7784
08-12-2025,Monday,Safari,Mobile,USA,Email,/pricing,2074,1084,990,2179,8423,0.6533,113.7,373,0.18,32242.81,15.5462
09-03-2026,Monday,Chrome,Desktop,UK,Direct,/home,4339,1977,2362,4610,14576,0.4547,585,718,0.1655,0,0
23-03-2026,Monday,Firefox,Desktop,USA,Paid Search,/about,3207,2451,756,3298,4903,0.6623,150.6,577,0.18,68325.85,21.3052
23-10-2025,Thursday,Firefox,Desktop,USA,direct,/pricing,2427,1470,957,2776,4186,0.2898,651.7,388,0.16,110494.98,45.5274
21-10-2025,Tuesday,Chrome,Tablet,Germany,Social Media,/blog,1168,1014,154,1214,1801,0.5213,122.9,77,0.066,8494.57,7.2727
29-10-2025,Wednesday,Chrome,Tablet,Japan,Direct,/landing-promo,1127,610,517,1137,4527,0.5621,364.6,148,0.132,8042.68,7.1364
26-10-2025,Sunday,Safari,Desktop,UK,Organic Search,/about,786,602,184,853,3435,0.4455,586.9,113,0.1438,19365.42,24.6379
27-12-2025,Saturday,Chrome,Mobile,France,Email,/landing-promo,1834,809,1025,1907,2626,0.2649,180.1,279,0.1525,31185.81,17.0043
31-01-2026,Saturday,Chrome,Mobile,USA,Organic Search,/pricing,913,635,278,1002,1394,0.6929,224.1,132,0.1451,15317.71,16.7773
20-02-2026,Friday,Safari,Tablet,USA,Organic Search,/landing-promo,2935,2163,772,3361,9303,0.5843,112,436,0.1487,54202.03,18.4675
02-03-2026,Monday,Safari,Desktop,UK,Direct,/pricing,4420,2188,2232,4817,6567,0.3279,481.2,712,0.1612,35668.87,8.0699
15-11-2025,Saturday,Firefox,Desktop,UAE,Direct,/home,3151,1398,1753,3600,4600,0.3267,388,538,0.1708,112266.49,35.6288
08-02-2026,Sunday,Safari,Desktop,Japan,Referral,/pricing,620,522,98,627,1673,0.6232,243.7,82,0.133,21227.41,34.2378
20-11-2025,Thursday,Chrome,Desktop,USA,Organic Search,/landing-promo,2695,2132,563,2912,10909,0.5116,485.2,414,0.1538,101459.62,37.6474
19-11-2025,Wednesday,Firefox,Desktop,Canada,Organic Search,/home,2387,1520,867,2524,6887,0.4551,283.4,346,0.1452,45292.91,18.9748
06-11-2025,Thursday,Chrome,Desktop,UAE,Organic Search,/about,1784,1340,444,1929,198,0.4172,467.6,266,0.1492,27541.11,15.4378
08-10-2025,Wednesday,Chrome,Desktop,USA,Direct,/contact,4175,1814,2361,4435,14760,0.565,759.9,675,0.1617,147492.89,35.3276
16-01-2026,Friday,Chrome,Tablet,USA,Organic Search,/blog,3430,2319,1111,3788,4389,0.2798,365.2,544,0.1588,134980.02,39.3528
14-12-2025,Sunday,Chrome,Desktop,USA,Social Media,/blog,570,480,90,579,1049,0.4846,190.7,40,0.0714,5527.54,9.6974
01-10-2025,Wednesday,Chrome,mob,Japan,Social Media,/pricing,789,703,86,876,1971,0.7973,188,49,0.0623,9822.97,12.4499
16-11-2025,Sunday,Firefox,mob,Germany,Social Media,/products,1480,1219,261,1680,4135,0.4325,138.3,91,0.0616,7706.26,5.2069
24-10-2025,Friday,Firefox,Desktop,UK,Social Media,/about,1461,1214,247,1586,2135,0.491,251.3,105,0.0719,20206.08,13.8303
23-03-2026,Monday,Safari,Desktop,UAE,Paid Search,/about,3438,2609,829,3714,13783,0.6891,533.7,602,0.1752,59926.15,17.4305
31-12-2025,Wednesday,Chrome,Desktop,UAE,Paid Search,/about,6247,4742,1505,7012,7672,0.4498,438.4,1078,0.1727,80704.72,12.919
02-10-2025,Thursday,Chrome,Desktop,India,Organic Search,/contact,3765,2762,1003,4064,10932,0.4302,478,467,0.1241,16813.37,4.4657
30-10-2025,Thursday,Chrome,Mobile,UAE,Organic Search,/pricing,4265,3156,1109,4592,15456,0.3956,96.4,641,0.1503,164361.7,38.5373
05-12-2025,Friday,Safari,Tablet,Japan,Paid Search,/products,5067,4259,808,5784,10489,0.3947,358.7,852,0.1682,182793.14,36.0752
17-02-2026,Tuesday,Edge,Desktop,Germany,Direct,/contact,4988,2072,2916,5467,14844,0.5942,676.4,758,0.1521,145541.12,29.1783
15-02-2026,Sunday,Safari,Mobile,Japan,Referral,/products,724,648,76,794,1245,0.3689,286.2,81,0.113,11648.95,16.0897
01-11-2025,Saturday,Chrome,Desktop,Canada,direct,/landing-promo,2360,1089,1271,2638,3391,0.6072,543.4,333,0.1412,36429.08,15.4361
05-01-2026,Monday,Edge,Desktop,France,Paid Search,/blog,1059,854,205,1094,3076,0.3312,291,160,0.1512,33159.1,31.3117
29-01-2026,Thursday,Chrome,Desktop,UK,Social Media,/products,373,299,74,403,485,0.5546,319.1,25,0.068,6333.82,16.9808
19-11-2025,Wednesday,Safari,Desktop,USA,social,/home,974,862,112,990,3941,0.7108,378.3,81,0.0836,25551.59,26.2337
16-11-2025,Sunday,Chrome,Desktop,Japan,Organic Search,/landing-promo,2347,1467,880,2611,4892,0.4858,454.5,338,0.1441,22195.27,9.4569
01-12-2025,Monday,Chrome,Mobile,Japan,Direct,/blog,3529,2028,1501,3824,16363,0.6826,174.1,496,0.1408,83728.84,23.7259
19-11-2025,Wednesday,Firefox,Mobile,,Direct,/landing-promo,5158,2901,2257,5704,13691,0.5449,107.3,615,0.1193,66150.66,12.8249
22-10-2025,Wednesday,Chrome,Mobile,India,Organic Search,/home,1476,962,514,1551,1891,0.3837,282.1,148,0.1003,6916.55,4.686
02-11-2025,Sunday,Firefox,Desktop,USA,Email,/contact,1439,687,752,1461,5650,0.5249,401.9,259,0.18,46820.55,32.5369
31-10-2025,Friday,Firefox,Tablet,UAE,Organic Search,/landing-promo,4212,2554,1658,4476,5482,0.5257,374.6,598,0.142,0,0
31-10-2025,Friday,Safari,Tablet,USA,Direct,/home,1009,510,499,1056,2161,0.5354,437.7,152,0.1513,33966.69,33.6637
05-11-2025,Wednesday,Chrome,Desktop,,Direct,/landing-promo,2717,1384,1333,3005,6201,0.5523,723.7,405,0.1494,22476.53,8.2726
03-12-2025,Wednesday,Safari,Desktop,USA,Paid Search,/pricing,3845,3016,829,4240,6824,0.6992,546.1,692,0.18,204647.79,53.2244
03-03-2026,Tuesday,Safari,Desktop,USA,Paid Search,/pricing,774,686,88,803,1834,0.5577,346.5,129,0.1674,39483.58,51.0124
20-12-2025,Saturday,Chrome,Desktop,USA,Organic Search,/home,629,493,136,639,1021,0.4396,191.7,97,0.1554,21747.77,34.5752
09-10-2025,Thursday,Chrome,Desktop,USA,Organic Search,/products,1328,896,432,1455,1745,0.4154,355.2,201,0.1518,24324.82,18.3169
17-02-2026,Tuesday,Chrome,Mobile,USA,Organic Search,/pricing,983,715,268,1081,3354,0.4658,183,141,0.1444,49889.04,50.7518
14-02-2026,Saturday,Chrome,Tablet,France,Direct,/about,3244,2084,1160,3400,10498,0.3487,358.3,474,0.1462,85327.31,26.3031
23-03-2026,Monday,Chrome,Mobile,France,Organic Search,/contact,3410,2357,1053,3756,15156,0.6761,228.7,442,0.1299,62319,18.2754
12-11-2025,Wednesday,Chrome,Desktop,India,Organic Search,/landing-promo,4507,2856,1651,4861,19545,0.5279,244.5,503,0.1118,26400.88,5.8578
29-12-2025,Monday,Chrome,Mobile,UK,Organic Search,/home,4201,2932,1269,4675,8136,0.4856,121.3,628,0.1497,102783.91,24.4665
12-11-2025,Wednesday,Safari,Mobile,Germany,Paid Search,/about,5231,4076,1155,5732,16134,0.5112,182.6,830,0.1588,75421.61,14.4182
15-01-2026,Thursday,Edge,Desktop,USA,Organic Search,/pricing,3111,2037,1074,3286,5995,0.5168,234.3,528,0.1698,136733.17,43.9515
25-02-2026,Wednesday,Chrome,Mobile,USA,Direct,/landing-promo,4151,2314,1837,4686,6508,0.6511,290.2,624,0.1505,137705.64,33.1741
01-01-2026,Thursday,Chrome,Tablet,UAE,Email,/home,1384,555,829,1551,4573,0.3028,428,249,0.18,14689.09,10.6135
18-02-2026,Wednesday,Chrome,Mobile,India,Paid Search,/landing-promo,1293,1153,140,1317,4200,0.5819,172.2,156,0.1208,13435.61,10.391
05-03-2026,Thursday,Chrome,Mobile,USA,Organic Search,/pricing,2901,1981,920,3266,9725,0.4696,206.2,406,0.1402,104901.57,36.1605
16-12-2025,Tuesday,Safari,Mobile,UAE,Organic Search,/pricing,1294,920,374,1318,1600,0.6841,283.6,181,0.14,37664.02,29.1067
16-10-2025,Thursday,Safari,Desktop,India,Organic Search,/products,2681,2128,553,2992,12673,0.6558,521.2,317,0.1186,13324.76,4.9701
18-10-2025,Saturday,Chrome,Desktop,UAE,Referral,/products,545,423,122,576,974,0.3375,322.5,81,0.1496,13160.2,24.1472
02-02-2026,Monday,Chrome,Desktop,,Referral,/about,1484,1206,278,1599,7034,0.4559,143.7,220,0.1485,18563.95,12.5094
21-12-2025,Sunday,Firefox,Mobile,UK,Organic Search,/about,2847,2096,751,2848,5158,0.3566,136.5,342,0.1204,80093.03,28.1324
08-10-2025,Wednesday,Chrome,Tablet,India,Paid Search,/about,6396,5387,1009,6696,11666,0.3597,408.7,812,0.127,78948.89,12.3435
28-01-2026,Wednesday,Firefox,Desktop,India,Direct,/home,1775,1078,697,1835,2376,0.4129,347.8,210,0.1188,5824.08,3.2812
02-10-2025,Thursday,Chrome,MOBILE,UK,Email,/blog,1376,685,691,1521,2866,0.6173,323.4,231,0.168,47301.91,34.3764
31-01-2026,Saturday,Chrome,Mobile,India,Organic Search,/about,487,334,153,489,971,0.4044,244.1,51,0.1055,3333.77,6.8455
10-10-2025,Friday,Safari,desktop,UK,Email,/landing-promo,2872,1598,1274,3181,7535,0.3161,226.5,512,0.1783,44148.6,15.3721
01-12-2025,Monday,Chrome,Desktop,India,Direct,/pricing,4576,2004,2572,5255,14798,0.3203,571.5,609,0.1331,46180.96,10.092
08-10-2025,Wednesday,Chrome,Desktop,Canada,Organic Search,/pricing,1178,926,252,1329,4868,0.4895,172.6,172,0.1467,16954.23,14.3924
06-01-2026,Tuesday,Firefox,Mobile,India,Social Media,/landing-promo,3673,2877,796,3961,11988,0.8167,158.1,159,0.0434,0,0
21-12-2025,Sunday,Safari,Desktop,India,Direct,,2339,1519,820,2605,2982,0.3046,710.6,276,0.1184,16461.53,7.0378
25-03-2026,Wednesday,Safari,Desktop,France,Organic Search,/pricing,1332,881,451,1455,5596,0.6356,254.3,165,0.1243,12418.98,9.3236
28-02-2026,Saturday,,Mobile,UAE,Email,/blog,352,221,131,400,536,0.3117,62.3,63,0.18,8258.41,23.4614
11-10-2025,Saturday,Chrome,Desktop,UAE,Referral,/about,835,654,181,846,2968,0.2506,571,110,0.1323,18919.05,22.6575
14-12-2025,Sunday,Safari,Mobile,UAE,Direct,/about,2783,1238,1545,2896,4129,0.5407,117.9,408,0.1467,40861.84,14.6827
19-11-2025,Wednesday,Chrome,Mobile,India,Social Media,/about,2775,2177,598,3142,9673,0.831,180,65,0.0235,2660.81,0.9589
19-11-2025,Wednesday,Chrome,Mobile,USA,Direct,/contact,1828,1093,735,1896,2413,0.4086,136.5,259,0.1422,64249.02,35.1472
09-11-2025,Sunday,Chrome,Desktop,Canada,Paid Search,/home,848,692,156,947,1838,0.5436,493.9,133,0.1574,19891.88,23.4574
25-12-2025,Thursday,Chrome,Desktop,UK,Organic Search,/blog,1534,1086,448,1627,6923,0.4598,189.8,209,0.1364,50429.6,32.8746
15-11-2025,Saturday,Chrome,Tablet,Japan,Direct,/products,1811,882,929,2010,3028,0.4793,250.8,236,0.1307,21193.98,11.7029
28-12-2025,Sunday,Safari,Mobile,UK,Social Media,/landing-promo,1219,917,302,1258,1936,0.7326,106.5,62,0.0509,9266.52,7.6017
06-01-2026,Tuesday,Firefox,Desktop,India,Social Media,/landing-promo,477,414,63,519,1121,0.5838,231.5,15,0.0329,847.77,1.7773
28-09-2025,Sunday,Chrome,Mobile,USA,Organic Search,/home,2395,1826,569,2566,7437,0.4283,199.4,325,0.1358,81153.99,33.8848
05-01-2026,Monday,Chrome,Tablet,Japan,Organic Search,/landing-promo,3548,2389,1159,3925,15070,0.4401,197.4,486,0.1371,27776.84,7.8289
22-01-2026,Thursday,Safari,Desktop,UK,Referral,/products,2601,2184,417,2777,6731,0.4982,217.4,315,0.1214,71322.17,27.4211
08-03-2026,Sunday,Safari,Desktop,USA,Social Media,/home,300,238,62,331,1360,0.5975,213.6,25,0.0858,1970.26,6.5675
16-11-2025,Sunday,Firefox,Mobile,India,Direct,/contact,3295,2078,1217,3542,14414,0.4183,195.5,408,0.1241,0,0
12-02-2026,Thursday,Chrome,Desktop,India,Organic Search,/contact,1256,813,443,1416,3159,0.396,523.8,132,0.1058,10220.29,8.1372
24-02-2026,Tuesday,Chrome,Tablet,India,Organic Search,/contact,4092,2760,1332,4626,7634,0.5348,80.5,440,0.1077,27178.17,6.6418
10-03-2026,Tuesday,Chrome,Tablet,India,Organic Search,/products,2322,1447,875,2608,10892,0.3583,279.6,214,0.0924,21168.76,9.1166
20-02-2026,Friday,Chrome,Desktop,France,Organic Search,/pricing,2777,1755,1022,3175,5792,0.5054,436.8,383,0.1382,22590.28,8.1348
10-02-2026,Tuesday,Chrome,Desktop,USA,organic search,/products,0,3670,1267,5555,21416,0.5591,564.6,826,0.1675,199249.5,40.3584
02-12-2025,Tuesday,Safari,Desktop,Canada,Paid Search,/blog,6054,4557,1497,6234,19632,0.3504,325.3,1040,0.1719,121652.41,20.0946
20-11-2025,Thursday,Safari,Desktop,USA,Social Media,,570,487,83,638,2355,0.4255,261.2,44,0.0786,14218.43,24.9446
22-11-2025,Saturday,Chrome,Mobile,UK,Organic Search,/blog,723,509,214,785,1954,0.5713,244.2,97,0.1344,21024.59,29.0797
16-10-2025,Thursday,Chrome,Desktop,Germany,Organic Search,/contact,3899,2533,1366,4041,11618,0.5224,122.7,605,0.1554,71702.03,18.3899
31-10-2025,Friday,Chrome,Mobile,Japan,Direct,/contact,3399,2170,1229,3790,15821,0.5525,348.4,525,0.1547,58785.13,17.2948
06-03-2026,Friday,Edge,Mobile,UK,Organic Search,/products,4624,3427,1197,4769,13610,0.331,91.9,693,0.1499,102641.15,22.1975
25-12-2025,Thursday,Chrome,Mobile,India,Direct,/about,3731,1931,1800,4075,11048,0.4522,361.1,457,0.1227,30491.17,8.1724
28-01-2026,Wednesday,Chrome,Mobile,India,Organic Search,/contact,922,634,288,1034,1610,0.6839,108.3,90,0.0983,7177.48,7.7847
23-10-2025,Thursday,Safari,Desktop,USA,Direct,/products,2388,1455,933,2427,7176,0.3705,643.2,369,0.1546,38595.6,16.1623
30-01-2026,Friday,Safari,Desktop,Germany,Direct,/blog,4502,2287,2215,4623,18506,0.2341,237.9,729,0.1621,0,0
28-01-2026,Wednesday,Firefox,Desktop,USA,Paid Search,/blog,3574,2710,864,3796,6844,0.4028,540.7,643,0.18,224624.08,62.8495
01-11-2025,Saturday,Chrome,Desktop,Canada,Organic Search,/blog,428,293,135,480,1967,0.6276,365.4,60,0.1414,7995.25,18.6805
17-12-2025,Wednesday,Chrome,Desktop,France,Referral,/pricing,458,360,98,521,2138,0.4578,199.2,54,0.1186,10932.85,23.8709
14-02-2026,Saturday,Chrome,Desktop,Canada,Organic Search,/products,3013,2028,985,3434,8195,0.4636,169.2,462,0.1535,77561.8,25.7424
27-01-2026,Tuesday,Chrome,Desktop,USA,Referral,,515,452,63,580,950,0.2563,219.4,75,0.1464,21483.18,41.7149
26-03-2026,Thursday,Safari,Desktop,UAE,Organic Search,/products,4037,2947,1090,4172,17253,0.6097,441.2,643,0.1594,138715.27,34.361
19-03-2026,Thursday,Chrome,Mobile,USA,Organic Search,/home,1216,936,280,1390,1865,0.5643,171.6,163,0.1344,43628.7,35.8789
22-02-2026,Sunday,Chrome,Desktop,Canada,Organic Search,/pricing,2705,2016,689,3029,10399,0.6191,354.4,377,0.1397,80294.33,29.6837
01-03-2026,Sunday,Chrome,Mobile,India,Organic Search,/home,3084,2220,864,3135,6535,0.4831,249.9,361,0.1171,40983.06,13.2889
05-10-2025,Sunday,Chrome,Mobile,Japan,Organic Search,/landing-promo,874,630,244,917,3766,0.4752,225.3,110,0.1266,18661.48,21.3518
09-02-2026,Monday,Chrome,Desktop,USA,Organic Search,/pricing,1466,896,570,1511,4162,0.2839,204.5,209,0.1429,59730,40.7435
25-11-2025,Tuesday,Chrome,Tablet,India,Organic Search,/pricing,1567,947,620,1661,6072,0.3002,359.7,159,0.1021,12684.1,8.0945
24-12-2025,Wednesday,Chrome,Desktop,Germany,Direct,/products,5655,3643,2012,6440,21885,0.3071,139.5,905,0.1602,179327.87,31.7114
22-12-2025,Monday,Chrome,Mobile,USA,Organic Search,/pricing,1651,1252,399,1666,6179,0.4902,151,228,0.1384,51099.18,30.9504
04-01-2026,Sunday,Chrome,Mobile,UK,Direct,/products,1900,857,1043,1968,5372,0.5862,94.8,272,0.1435,21390.12,11.258
14-01-2026,Wednesday,Chrome,Desktop,USA,Direct,/pricing,4123,2267,1856,4295,16508,0.2365,280.4,717,0.174,215714.3,52.3197
28-09-2025,Sunday,Chrome,Mobile,India,Organic Search,/contact,1585,1141,444,1649,6362,0.4496,268.1,147,0.0928,9948.78,6.2768
01-12-2025,Monday,Chrome,Mobile,Germany,Paid Search,/about,5689,4840,849,6224,25706,0.7611,289.4,931,0.1638,127686.58,22.4445
21-01-2026,Wednesday,Chrome,Desktop,India,Organic Search,/home,870,610,260,907,3590,0.648,577.9,90,0.104,2313.38,2.6591
27-12-2025,Saturday,Safari,Mobile,USA,Organic Search,/landing-promo,503,380,123,525,944,0.6809,198.5,69,0.1372,13363.48,26.5676
27-01-2026,Tuesday,Safari,Desktop,Japan,Direct,/home,655,398,257,752,2123,0.5641,466.7,93,0.1429,9799.36,14.9609
19-01-2026,Monday,Safari,Mobile,USA,organic,/blog,3576,2775,801,3727,12502,0.6855,242.6,531,0.1487,64316.24,17.9855
16-03-2026,Monday,Edge,Desktop,India,Social Media,/contact,3152,2780,372,3530,6476,0.4902,412.5,161,0.0512,10164.85,3.2249
29-11-2025,Saturday,Chrome,Desktop,UK,Organic Search,/about,549,394,155,562,949,0.629,368,82,0.1494,21259.39,38.7238
06-01-2026,Tuesday,Chrome,Tablet,Germany,Paid Search,/home,1801,1462,339,2062,3086,0.5021,236.3,262,0.1456,10696.08,5.939
24-10-2025,Friday,Chrome,Mobile,India,Paid Search,/home,4189,3505,684,4772,16595,0.5318,68.3,585,0.1398,21693.27,5.1786
02-11-2025,Sunday,Chrome,Desktop,UAE,Organic Search,/landing-promo,3633,2811,822,3653,15917,,487.8,572,0.1575,153097.91,42.1409
18-10-2025,Saturday,Safari,Mobile,Canada,Referral,/landing-promo,1373,1120,253,1488,5798,0.5255,219.8,162,0.1187,7881.13,5.7401
03-02-2026,Tuesday,Chrome,Mobile,India,Organic Search,/about,2805,1831,974,2854,9708,0.3857,99.4,296,0.1057,16130.78,5.7507
09-12-2025,Tuesday,Chrome,Mobile,USA,Social Media,/landing-promo,2829,2539,290,3152,12501,0.4497,195.6,222,0.0786,45158.1,15.9626
12-02-2026,Thursday,Safari,Mobile,India,Organic Search,/about,4865,3476,1389,5194,8884,0.6434,198.3,553,0.1137,13703.57,2.8168
28-10-2025,Tuesday,Safari,Tablet,USA,Organic Search,/pricing,4723,3351,1372,5178,21160,0.5927,342.2,722,0.1529,87845.27,18.5995
29-12-2025,Monday,Chrome,Desktop,Canada,Organic Search,/about,589,377,212,645,1004,0.4309,506.9,86,0.1466,22145.82,37.599
03-11-2025,Monday,Firefox,Desktop,UK,Social Media,/landing-promo,672,593,79,767,1984,0.6376,218.5,43,0.0642,7405.6,11.0202
09-11-2025,Sunday,Chrome,Mobile,Germany,Direct,/about,2264,1074,1190,2370,8960,0.6076,133.8,302,0.1336,48859.58,21.5811
06-02-2026,Friday,Edge,Desktop,USA,Organic Search,/home,4635,3362,1273,4764,16546,0.3159,401.7,730,0.1576,48875.11,10.5448
24-01-2026,Saturday,Safari,Desktop,USA,Direct,/about,4035,2133,1902,4584,6324,0.6122,218,722,0.1791,138950.28,34.4363
01-01-2026,Thursday,Chrome,Desktop,UAE,Organic Search,/landing-promo,4869,3602,1267,5369,20886,0.649,229.4,802,0.1649,107138.34,22.0042
28-11-2025,Friday,Chrome,Tablet,UK,Organic Search,/about,3113,2024,1089,3537,13508,0.3824,103.7,447,0.1436,71743.65,23.0465
03-02-2026,Tuesday,Chrome,Desktop,Germany,Organic Search,/home,5109,3493,1616,5637,14592,,221.2,748,0.1465,73261.82,14.3398
12-10-2025,Sunday,Chrome,Desktop,Dubai,Direct,/blog,647,379,268,664,1113,0.5189,190.7,103,0.1594,15700.34,24.2664
24-01-2026,Saturday,Chrome,Tablet,Germany,Direct,/pricing,2777,1759,1018,2810,6643,0.3146,512.6,378,0.1363,55224.78,19.8865
24-10-2025,Friday,Chrome,Desktop,France,Paid Search,/products,1365,1064,301,1466,2378,0.4668,269.6,218,0.16,36922.33,27.0493
25-12-2025,Thursday,Chrome,Tablet,USA,Referral,/pricing,1318,1096,222,1341,5641,0.3245,339.1,183,0.1393,39921.99,30.2898
01-12-2025,Monday,Chrome,Desktop,USA,Organic Search,/home,3259,2485,774,3662,6175,0.6093,585.3,497,0.1526,56102.61,17.2147
22-10-2025,Wednesday,Safari,Mobile,USA,social media,/pricing,916,696,220,1042,3671,0.5777,123.2,57,0.0624,16113.89,17.5916
11-11-2025,Tuesday,Chrome,Mobile,USA,Direct,/contact,5682,2811,2871,6362,8810,0.4648,50.5,960,0.1691,300880.09,52.9532
07-10-2025,Tuesday,Chrome,Desktop,USA,Organic Search,/blog,2620,1735,885,2779,3746,0.6174,283.2,410,0.1567,81358.59,31.0529
09-11-2025,Sunday,Chrome,Desktop,France,Referral,/contact,617,511,106,621,1870,0.5952,237.4,72,0.1177,16232.04,26.308
26-12-2025,Friday,Firefox,Mobile,USA,Social Media,/products,374,320,54,398,1609,0.8022,156.4,23,0.0628,7920.38,21.1775
24-10-2025,Friday,Chrome,Desktop,India,Organic Search,/home,2842,2027,815,3036,13114,0.4681,371.6,323,0.1137,34669.31,12.1989
19-10-2025,Sunday,Chrome,Mobile,India,Direct,/products,562,320,242,597,1931,0.4775,322.6,60,0.1076,2444.61,4.3498
16-02-2026,Monday,Safari,Mobile,USA,Referral,/about,3364,2552,812,3367,13712,0.6243,96.8,475,0.1414,101636.44,30.213
21-11-2025,Friday,Chrome,Desktop,UK,Paid Search,/contact,0,1928,302,2460,2987,0.5754,422.9,350,0.157,101209.39,45.3854
30-12-2025,Tuesday,Chrome,Tablet,France,Organic Search,/home,2076,1283,793,2092,2796,0.5721,240.5,232,0.112,45991.63,22.154
30-11-2025,Sunday,Chrome,Desktop,Japan,Paid Search,/pricing,4095,3404,691,4158,7136,0.5199,195.2,708,0.1729,170569.68,41.6532
01-17-2026,Saturday,Edge,Tablet,India,Paid Search,/home,1971,1735,236,2225,3717,0.6586,248,250,0.1271,25141.22,12.7556
15-02-2026,Sunday,Safari,Mobile,Japan,Organic Search,/home,1663,1080,583,1737,2074,0.7154,106.4,216,0.1299,46458.05,27.9363
14-01-2026,Wednesday,Safari,Desktop,USA,Organic Search,,2225,1664,561,2263,8969,0.5172,500.4,343,0.1543,52364.53,23.5346
16-03-2026,Monday,Chrome,Desktop,UK,Direct,/about,3030,1419,1611,3418,12140,0.6003,376.8,465,0.1535,21937.86,7.2402
21-12-2025,Sunday,Safari,Desktop,UK,Direct,/contact,4014,2352,1662,4047,18840,0.4567,283.7,661,0.1648,116859.58,29.113
12-12-2025,Friday,Chrome,Mobile,India,Referral,/contact,389,339,50,419,1107,0.6022,287.6,36,0.0929,913.01,2.3471
03-01-2026,Saturday,Safari,Mobile,Japan,Referral,/landing-promo,1124,965,159,1169,1710,0.3154,248.8,139,0.1237,14872.82,13.232
15-02-2026,Sunday,Edge,Mobile,UAE,Social Media,/about,2602,1983,619,2718,8296,0.7957,52.3,177,0.0684,17247.54,6.6286
09-11-2025,Sunday,Chrome,Desktop,India,Direct,/contact,1461,744,717,1660,4050,0.4581,663.2,186,0.1279,15810.11,10.8214
18-12-2025,Thursday,Chrome,Desktop,USA,Direct,/home,3204,1775,1429,3263,8703,0.2985,335.7,549,0.1715,138416.62,43.2012
20-12-2025,Saturday,Chrome,Mobile,France,Direct,/pricing,3316,1518,1798,3684,9808,0.5157,254.9,455,0.1374,86582.95,26.1107
07-01-2026,Wednesday,Chrome,Tablet,UAE,Organic Search,/blog,1151,796,355,1227,2816,0.3822,148.7,171,0.1487,14322.03,12.4431
07-12-2025,Sunday,Chrome,Mobile,Canada,Email,/landing-promo,2228,1222,1006,2328,2742,0.6081,184.3,382,0.1716,57977.89,26.0224
20-02-2026,Friday,Firefox,Mobile,U.S.A,Paid Search,/products,1701,1359,342,1883,2221,0.5416,107.7,261,0.1537,89730.19,52.7514
01-03-2026,Sunday,Safari,Desktop,India,,/contact,1322,997,325,1366,2659,0.5307,287.4,52,0.0394,1331.53,1.0072
30-12-2025,Tuesday,Safari,Mobile,France,Organic Search,/contact,887,540,347,940,1266,0.7151,149.6,105,0.1192,7012.91,7.9063
22-02-2026,Sunday,Safari,Desktop,India,Organic Search,/home,1475,1076,399,1534,4217,0.4505,374.8,151,0.1024,6883.82,4.667
11-03-2026,Wednesday,Edge,Desktop,UAE,Organic Search,/landing-promo,3208,2519,689,3265,9517,0.3253,228.3,493,0.1539,59278.79,18.4784
09-12-2025,Tuesday,Safari,Mobile,India,Organic Search,/contact,503,370,133,511,1650,0.3356,220.4,48,0.0972,3406.91,6.7732
11-12-2025,Thursday,Chrome,Desktop,India,Social Media,/about,2946,2283,663,3263,12206,0.4796,277.5,94,0.0321,9980.3,3.3877
05-02-2026,Thursday,Chrome,Desktop,India,DIRECT,/pricing,2537,1402,1135,2695,11147,0.4217,675.5,298,2.4331,15806.43,6.2304
06-03-2026,Friday,Chrome,Mobile,Germany,Organic Search,/home,4241,3129,1112,4433,11840,0.4127,174.4,589,0.139,111406.48,26.2689
27-02-2026,Friday,Chrome,Desktop,USA,Organic Search,/home,3172,2128,1044,3646,14435,0.5101,148.7,520,0.164,42077.44,13.2653
06-03-2026,Friday,Firefox,Desktop,USA,Direct,/landing-promo,3240,2048,1192,3280,13346,0.5907,598.7,535,0.1652,0,0
05-12-2025,Friday,Firefox,Tablet,JPN,Organic Search,/home,4020,3140,880,4027,4866,0.3379,254.6,568,0.1413,107210.01,26.6692
16-01-2026,Friday,Chrome,Desktop,Germany,Direct,/blog,3720,2001,1719,3885,14886,0.2883,773.7,611,0.1645,67341.72,18.1026
30-09-2025,Tuesday,Chrome,Mobile,Japan,Direct,/products,816,457,359,878,3282,0.5801,277.5,116,0.1431,6052.24,7.417
07-03-2026,Saturday,Chrome,Mobile,USA,Organic Search,/home,726,439,287,809,901,0.3921,183.6,102,0.1414,29458.06,40.5758
05-12-2025,Friday,Chrome,Desktop,USA,Organic Search,/contact,2764,2060,704,2958,7686,0.3816,313.2,416,0.1508,100107.31,36.2183
10-02-2026,Tuesday,Chrome,Mobile,UK,Organic Search,/blog,3210,2044,1166,3325,6619,0.5309,231.6,480,0.1496,36868.25,11.4854
09-02-2026,Monday,Safari,Desktop,Japan,Organic Search,/pricing,3009,1876,1133,3439,11814,0.2768,573.6,465,0.1546,48304.18,16.0532
18-03-2026,Wednesday,Safari,mobile,India,Organic Search,,2688,1914,774,2829,9933,0.6508,57.3,264,0.0984,16260,6.0491
02-23-2026,Monday,Safari,Desktop,Canada,Direct,/about,3401,1395,2006,3870,14700,0.4815,170.8,533,0.1568,38843.29,11.4211
02-11-2025,Sunday,Chrome,Mobile,USA,Referral,,1731,1383,348,1916,3988,0.5323,226.8,213,0.1231,19504.17,11.2676
30-09-2025,Tuesday,Safari,Mobile,India,Organic Search,/home,3316,2167,1149,3390,10424,0.512,57.9,357,0.1079,25583.84,7.7153
26-10-2025,Sunday,Chrome,Desktop,France,Organic Search,/about,1605,1254,351,1658,2487,0.473,578.2,221,0.1378,42571.1,26.524
15-11-2025,Saturday,Firefox,Desktop,India,Social Media,/pricing,405,316,89,460,1175,0.5125,446.2,17,0.043,1582.35,3.907
24-03-2026,Tuesday,Chrome,Desktop,Germany,Social Media,/contact,3859,3215,644,4204,6219,0.4902,152.2,294,0.0762,52027.33,13.4821
25-10-2025,Saturday,Chrome,Desktop,USA,Social Media,/contact,2399,1922,477,2612,11128,0.3623,440,213,0.089,57339.14,23.9013
03-02-2026,Tuesday,Safari,Mobile,India,Email,/about,2756,1268,1488,2892,12640,0.3771,349.8,411,0.1493,8503.67,3.0855
25-03-2026,Wednesday,Chrome,Desktop,USA,Paid Search,/home,-1,4364,560,5022,22747,0.4483,430.9,884,0.1796,238751.19,48.4872
07-03-2026,Saturday,Chrome,Mobile,France,Email,/blog,1919,971,948,2048,5322,0.6454,85.5,308,0.1606,31323.22,16.3227
18-01-2026,Sunday,Chrome,Mobile,UK,Social Media,/products,1328,1113,215,1482,3040,0.5281,97.5,79,0.0595,4307.88,3.2439
28-02-2026,Saturday,Chrome,Desktop,Canada,Referral,/contact,504,438,66,523,1976,0.425,120.6,65,0.1299,14357,28.4861
18-10-2025,Saturday,Edge,Desktop,USA,Direct,/landing-promo,1615,792,823,1812,5619,0.5318,765.9,254,0.1574,67473.63,41.7793
27-12-2025,Saturday,Edge,Tablet,UK,Organic Search,/home,2736,2050,686,2920,3914,0.2849,265.2,365,0.1335,75040.58,27.4271
06-03-2026,Friday,Safari,Desktop,UK,Organic Search,/about,2942,1821,1121,3155,9535,0.6245,546,390,0.1327,41324.22,14.0463
26-11-2025,Wednesday,Firefox,Mobile,France,Social Media,/products,2046,1675,371,2129,2669,0.8068,53.4,100,0.0492,19662.54,9.6102
26-10-2025,Sunday,Chrome,Mobile,UAE,Direct,/home,2660,1249,1411,2871,12730,0.7015,49,408,0.1536,47644.6,17.9115
30-10-2025,Thursday,Safari,Mobile,UAE,Direct,/blog,2876,1413,1463,3208,13505,0.289,376.8,458,0.1594,88930.2,30.9215
27-11-2025,Thursday,Chrome,Tablet,USA,Paid Search,/landing-promo,1862,1631,231,1922,2884,0.7483,140.7,308,0.1656,48616.9,26.11
29-01-2026,Thursday,Chrome,Desktop,India,Paid Search,/contact,2801,2323,478,2929,9801,0.7236,327.3,363,0.1299,20326.96,7.257
17-12-2025,Wednesday,Safari,Desktop,Dubai,Direct,/products,5689,3605,2084,6102,16699,0.3819,561.4,935,0.1645,81120.32,14.2592
03-11-2025,Monday,Chrome,Desktop,India,Social Media,/about,1410,1097,313,1515,6709,0.4114,120.9,61,0.0438,4032.43,2.8599
03-01-2026,Saturday,Chrome,Mobile,Germany,Direct,/products,3710,2286,1424,4177,16799,0.3816,276.2,524,0.1414,0,0
09-01-2026,Friday,Safari,Desktop,Uk,Paid Search,/contact,2526,2161,365,2812,8703,0.4282,540.1,391,0.1549,61996.91,24.5435
16-12-2025,Tuesday,Safari,Desktop,Germany,Organic Search,/landing-promo,5305,3196,2109,5497,17681,0.5697,468.7,754,0.1422,94181.83,17.7534
27-11-2025,Thursday,Chrome,Desktop,Canada,Paid Search,/home,1749,1567,182,1952,3876,0.5742,320.9,275,0.1576,55392.94,31.6712
26-10-2025,Sunday,Firefox,Desktop,India,Organic Search,/products,3626,2352,1274,3785,8921,0.6418,244.6,469,0.1295,44845.52,12.3678
18-02-2026,Wednesday,Chrome,Mobile,Germany,Social Media,/about,2310,1798,512,2489,7002,0.6318,89.4,116,0.0505,28979.61,12.5453
29-01-2026,Thursday,Chrome,Tablet,UK,Organic Search,/landing-promo,1126,771,355,1152,2371,0.4011,219,137,0.1223,22596.44,20.0679
17-01-2026,Saturday,Safari,desktop,USA,Social Media,/contact,1667,1451,216,1686,6676,0.6133,295.1,142,0.0855,46343.86,27.8008
30-10-2025,Thursday,Chrome,Mobile,UAE,Social Media,/home,2602,2208,394,2909,9765,0.453,72.4,171,0.0658,35847.87,13.777
11-02-2026,Wednesday,Chrome,Mobile,India,Paid Search,/landing-promo,3861,3337,524,4043,14436,0.4033,171.7,498,0.129,17545.28,4.5442
18-03-2026,Wednesday,Chrome,Mobile,Germany,Direct,/products,925,433,492,949,185,0.5231,330.9,126,0.1367,21185.44,22.9032
09-12-2025,Tuesday,Chrome,Desktop,Germany,Direct,/pricing,2174,995,1179,2307,4325,0.2871,504.5,331,0.1525,26983.47,12.4119
02-10-2025,Thursday,Chrome,Desktop,USA,Direct,/blog,747,377,370,776,2501,0.4922,761.6,115,0.1546,21281.53,28.4893
08-12-2025,Monday,Chrome,Desktop,Germany,Email,/blog,1731,921,810,1888,7288,0.5677,684.6,311,0.1798,69714.35,40.274
17-12-2025,Wednesday,Chrome,Desktop,India,Email,/products,462,187,275,469,622,1.8526,248.4,67,0.1453,3150.49,6.8192
22-11-2025,Saturday,Safari,Desktop,USA,Paid Search,/products,2642,2325,317,2999,9279,0.4064,482.8,425,0.1611,38696.9,14.6468
03-10-2025,Friday,Safari,Mobile,UK,Organic Search,/contact,882,587,295,1001,1785,0.6474,105.7,109,0.1243,28442.02,32.2472
01-01-2026,Thursday,Safari,tablet,India,Paid Search,/landing-promo,4102,3371,731,4302,14248,0.4159,323.6,515,0.1256,46652.01,11.373
10-01-2026,Saturday,Chrome,Desktop,Canada,Direct,/landing-promo,3186,1382,1804,3388,7374,0.4091,315.6,487,0.1531,105046.8,32.9714
19-03-2026,Thursday,Chrome,Desktop,India,Direct,/about,2907,1569,1338,3187,8902,0.4952,434.1,345,0.1187,18046.86,6.2081
18-10-2025,Saturday,Chrome,Mobile,USA,Organic Search,/contact,3590,2302,1288,3911,9230,0.4432,154.7,510,0.1423,150685.59,41.9737
28-01-2026,Wednesday,Safari,Tablet,USA,Social Media,/contact,2057,1824,233,2157,9164,0.5344,291.5,163,0.0793,47188.16,22.9403
07-01-2026,Wednesday,Firefox,Mobile,USA,Paid Search,/about,1832,1405,427,2059,5640,0.7964,109.2,283,0.1548,72981.52,39.8371
15-02-2026,Sunday,Chrome,Tablet,India,Paid Search,/home,591,523,68,612,2004,0.4144,267.8,76,0.1298,4005.09,6.7768
26-03-2026,Thursday,Chrome,Mobile,Germany,Paid Search,/landing-promo,4729,4134,595,4847,17568,0.5865,200.5,742,0.1571,,12.3384
04-02-2026,Wednesday,Chrome,Mobile,India,Organic Search,/landing-promo,2491,1564,927,2511,3181,0.65,181.2,258,0.1036,15125.33,6.072
07-10-2025,Tuesday,Safari,Mobile,Canada,Paid Search,/about,2543,2236,307,2711,11866,0.4457,210.8,391,0.1539,37793.99,14.862
10-02-2026,Tuesday,Chrome,Tablet,USA,Organic Search,/blog,5386,3430,1956,6126,15123,0.4992,151.1,825,0.1532,93586.9,17.376
09-11-2025,Sunday,Firefox,Desktop,India,Paid Search,/products,3477,2625,852,3885,13590,0.4236,234.8,506,0.1457,18903.33,5.4367
15-12-2025,Monday,Safari,Tablet,India,Organic Search,/landing-promo,3067,1951,1116,3169,7791,0.4482,368.4,339,0.1107,18386.91,5.9951
29-10-2025,Wednesday,Edge,Mobile,Canada,Referral,/products,1442,1156,286,1538,1758,0.4177,191.6,161,0.1118,30222.53,20.9588
20-10-2025,Monday,Safari,Desktop,India,Email,/contact,304,165,139,320,866,0.3138,563.4,47,0.1552,4290.56,14.1137
18-11-2025,Tuesday,Safari,Desktop,UAE,Referral,/pricing,1911,1618,293,2166,8060,0.4247,191.5,250,0.1313,22446.95,11.7462
03-04-2026,Wednesday,Chrome,Tablet,USA,Social Media,/blog,3587,2851,736,3926,16064,0.675,258.1,303,0.0847,70796.81,19.7371
15-10-2025,Wednesday,Safari,Mobile,Canada,Social Media,/blog,2722,2317,405,2801,10270,0.6044,221.2,165,0.0609,19375.84,7.1182
03-02-2026,Tuesday,Chrome,Mobile,USA,Organic Search,/blog,3331,2091,1240,3755,12662,0.5924,187.1,511,0.1535,150464.28,45.1709
03-10-2025,Friday,Safari,Mobile,USA,Paid Search,/pricing,5630,4893,737,5647,13693,0.5924,157.8,917,0.1629,270852.16,48.1087
15-10-2025,Wednesday,Chrome,Desktop,USA,Organic Search,/landing-promo,4026,2655,1371,4405,12173,0.4604,319.4,610,0.1516,125430.25,31.1551
18-12-2025,Thursday,Firefox,Desktop,India,Paid Search,/about,5381,4045,1336,5898,13864,0.423,402,724,0.1347,67367.89,12.5196
24-11-2025,Monday,Chrome,Desktop,USA,Organic Search,/contact,1941,1182,759,1974,7532,0.4071,529.6,294,0.1515,21010.47,10.8246
20-01-2026,Tuesday,Chrome,Mobile,USA,Paid Search,/home,2245,1934,311,2409,9985,0.4597,285.6,367,0.1636,59920.89,26.6908
11-11-2025,Tuesday,Chrome,Desktop,India,Direct,/pricing,2665,1687,978,2990,3831,0.49,363.5,304,0.1144,25024.82,9.3902
14-02-2026,Saturday,Chrome,Desktop,Germany,Social Media,/about,2632,2324,308,2939,11543,0.5394,168.4,209,0.0795,41319.38,15.6989
05-11-2025,Wednesday,Chrome,Desktop,India,organic search,/home,4171,3001,1170,4487,18319,0.644,578.4,483,0.116,48088.68,11.5293
11-02-2026,Wednesday,Chrome,Mobile,UAE,Organic Search,/products,1998,1300,698,2045,4640,0.6195,191.4,269,0.1348,16698.28,8.3575
05-01-2026,Monday,Firefox,Desktop,USA,Paid Search,/home,926,724,202,936,3447,0.7012,,153,0.166,39129.92,42.2569
08-11-2025,Saturday,Chrome,Desktop,UK,Social Media,/landing-promo,2858,2247,611,3083,11983,0.5728,301.9,178,0.0623,12128.7,4.2438
20-11-2025,Thursday,Firefox,Desktop,USA,Social Media,/landing-promo,3281,2872,409,3649,15439,0.7303,198.1,314,0.096,46916.97,14.2996
04-02-2026,Wednesday,Chrome,Desktop,UAE,Organic Search,/contact,4574,3389,1185,5067,16163,0.2656,281.8,747,0.1635,151438.64,33.1086
27-02-2026,Friday,Safari,Mobile,India,Organic Search,/about,2449,1574,875,2556,4516,0.4693,265.6,256,0.1048,14617.32,5.9687
21-12-2025,Sunday,Safari,Mobile,UK,Organic Search,/landing-promo,1199,949,250,1364,4583,0.4411,167.1,160,0.1336,8377.96,6.9875
03-10-2025,Friday,Safari,Mobile,UK,Paid Search,/pricing,4438,3369,1069,5100,16201,0.5864,147.7,686,0.1547,135207.81,30.4659
09-01-2026,Friday,Safari,Desktop,USA,Direct,/about,1091,638,453,1146,3285,0.2768,458.8,175,0.1608,20904.01,19.1604
09-11-2025,Sunday,Chrome,Mobile,Japan,Social Media,/blog,1352,1184,168,1461,2982,0.7948,76.2,93,0.0691,7699.03,5.6945
10-03-2026,Tuesday,Chrome,Mobile,UAE,Paid Search,/about,2019,1689,330,2054,3433,,263.4,331,0.164,89186.01,44.1734
23-01-2026,Friday,Chrome,Mobile,UK,Organic Search,/products,3998,2504,1494,4139,11611,0.6812,228.8,571,0.143,0,0
20-10-2025,Monday,Chrome,Desktop,France,Organic Search,/pricing,2497,1512,985,2662,9856,0.6297,571.1,324,0.1298,27605.48,11.0555
04-02-2026,Wednesday,Chrome,Desktop,Germany,Direct,/landing-promo,1217,507,710,1274,4557,0.5999,406,189,0.1559,43332.47,35.606
11-12-2025,Thursday,Edge,Mobile,India,Organic Search,/home,482,361,121,519,584,0.6357,67.9,47,0.0981,3649.99,7.5726
26-01-2026,Monday,Chrome,Mobile,UK,Organic Search,/about,3609,2274,1335,3613,4992,0.5878,,522,0.1447,83032.29,23.007
07-03-2026,Saturday,Firefox,Desktop,UAE,Organic Search,/pricing,3410,2286,1124,3509,7148,0.5473,210.1,538,0.158,100598.54,29.501
25-02-2026,Wednesday,Chrome,Mobile,Germany,Organic Search,/products,3135,1998,1137,3319,14441,0.3582,84.8,461,0.1471,45655.92,14.5633
24-12-2025,Wednesday,Chrome,Desktop,Germany,Paid Search,/landing-promo,6283,5307,976,6805,8627,0.7195,425.1,1038,0.1653,98564.2,15.6874
26-11-2025,Wednesday,Safari,Desktop,France,Social Media,/blog,3436,2731,705,3921,15739,0.5504,337.3,213,0.062,32914.74,9.5794
16-11-2025,Sunday,Chrome,desktop,France,Social Media,/contact,1733,1304,429,1895,7172,0.6834,193,120,1.8522,15881.39,9.1641
22-12-2025,Monday,Chrome,Mobile,UAE,Social Media,/blog,1363,1059,304,1385,5499,0.7918,85,94,0.0692,20619.94,15.1283
28-12-2025,Sunday,Chrome,Desktop,Germany,Organic Search,/contact,2112,1681,431,2132,9456,0.382,282,288,0.1365,65625.46,31.0727
05-03-2026,Thursday,Chrome,Mobile,UK,Paid Search,/about,5289,4500,789,5691,12280,0.6313,266,855,0.1618,166959.47,31.5673
15-02-2026,Sunday,Safari,Mobile,France,Organic Search,/landing-promo,2573,2047,526,2898,11642,0.461,72.5,291,0.1131,46666.11,18.1368
12-12-2025,Friday,Chrome,Mobile,USA,Paid Search,/pricing,4540,3910,630,4930,15141,0.7367,78.5,813,0.1791,144051.87,31.7295
29-11-2025,Saturday,Firefox,Desktop,UAE,Paid Search,/blog,3384,2818,566,3864,13751,0.6216,255.7,596,0.1763,99114.21,29.2891
20-11-2025,Thursday,Chrome,Tablet,USA,Organic Search,/contact,4788,3721,1067,4945,19311,0.6394,308.7,734,0.1534,114914.2,24.0005
01-01-2026,Thursday,Chrome,Desktop,India,Direct,/landing-promo,2041,1321,720,2043,4904,0.2943,349.6,244,0.1199,10017.06,4.9079
22-01-2026,Thursday,Safari,Mobile,USA,Direct,/home,647,404,243,730,1247,0.4927,96.6,96,0.1495,6723.47,10.3918
13-02-2026,Friday,Firefox,Mobile,Germany,Organic Search,/home,3699,2711,988,3940,16955,0.3779,285.5,524,0.1418,124007.73,33.5247
25-01-2026,Sunday,Chrome,Mobile,France,Organic Search,/about,2950,2013,937,3044,5884,0.4502,48,331,0.1124,46279.26,15.6879
28-10-2025,Tuesday,Chrome,Desktop,USA,Direct,/products,5983,2534,3449,6479,10280,0.5874,267.8,1018,0.1702,164691.41,27.5266
26-01-2026,Monday,,Desktop,UK,Organic Search,/home,1589,1221,368,1739,4182,0.5527,175.5,234,0.1473,59432.89,37.4027
19-03-2026,Thursday,Chrome,Tablet,India,Organic Search,/pricing,2964,2104,860,3051,12495,0.4319,296.2,276,0.0933,6362.78,2.1467
24-01-2026,Saturday,Safari,Mobile,USA,Organic Search,/pricing,2063,1472,591,2171,3271,0.6091,47.3,276,0.134,79668.37,38.6177
16-10-2025,Thursday,Chrome,Desktop,Japan,Direct,/blog,1407,692,715,1460,6567,0.5537,622.1,213,0.1518,27397.18,19.4721
07-01-2026,Wednesday,Chrome,Desktop,USA,Direct,/contact,3081,1822,1259,3461,10180,0.6061,191.5,494,0.1605,114208.1,37.0685
30-09-2025,Tuesday,Safari,Mobile,USA,Organic Search,/about,3990,2917,1073,4556,12503,0.4593,275.4,591,0.1483,-2004.33,25.5982
14-12-2025,Sunday,Firefox,Desktop,Germany,Organic Search,/about,2582,1987,595,2672,9779,0.4749,443.6,347,0.1344,44986.14,17.423
30-11-2025,Sunday,Chrome,Tablet,Germany,Referral,/blog,2245,1912,333,2439,7179,0.3963,123.2,275,0.1227,25460.39,11.3409
04-01-2026,Sunday,Firefox,Mobile,USA,Referral,/pricing,1690,1520,170,1879,2777,0.7067,287.9,236,0.1399,66329.66,39.2483
18-03-2026,Wednesday,Chrome,Mobile,India,Social Media,/products,841,672,169,842,3150,0.621,156.2,27,0.0323,1424.08,1.6933
09-10-2025,Thursday,Chrome,Mobile,India,Referral,/products,3776,2939,837,4305,14179,0.5194,151.6,352,0.0934,26621.73,7.0502
18-01-2026,Sunday,Firefox,Tablet,Germany,Organic Search,/home,992,603,389,1101,3030,0.3445,151.1,129,0.1305,10232.56,10.3151
07-10-2025,Tuesday,Chrome,MOBILE,India,Social Media,/pricing,4038,3319,719,4582,6526,0.4783,123.5,186,0.0461,20445.38,5.0632
11-11-2025,Tuesday,Edge,Desktop,USA,Social Media,/about,2435,2186,249,2768,8031,0.7583,267.2,205,0.0842,19791,8.1277
21-10-2025,Tuesday,Chrome,Mobile,France,Organic Search,/products,1690,1032,658,1741,6198,0.5243,216.7,205,0.1215,29195.4,17.2754
06-12-2025,Saturday,Chrome,Mobile,France,Organic Search,/contact,1795,1420,375,2039,3776,0.352,256.5,209,0.1167,39877.9,22.2161
09-01-2026,Friday,Chrome,Desktop,Germany,Direct,/about,1042,473,569,1158,4912,0.5638,736.3,157,0.1511,16540.08,15.8734
15-10-2025,Wednesday,Chrome,Mobile,UAE,Organic Search,/blog,2020,1469,551,2170,7933,0.4285,80.4,282,0.1397,75994.71,37.6211
28-01-2026,Wednesday,Safari,Mobile,UAE,Paid Search,/products,1367,1036,331,1548,4673,0.742,263.6,230,0.1686,32750.23,23.9577
21-11-2025,Friday,Firefox,Mobile,UK,Organic Search,/contact,4467,3403,1064,4987,18603,0.4142,81.2,664,0.1487,106768.32,23.9016
29-12-2025,Monday,Chrome,Desktop,UK,Direct,/about,4345,2409,1936,4879,17106,0.5474,133.1,726,0.1671,188433.68,43.3679
27-10-2025,Monday,Safari,Desktop,India,Paid Search,/pricing,4978,4410,568,5609,14808,0.6768,179.4,733,0.1474,24360.11,4.8936
27-01-2026,Tuesday,Firefox,Desktop,India,Organic Search,/contact,5470,3491,1979,5550,10130,0.3112,244.2,685,0.1253,51559.96,9.426
02-01-2026,Friday,Safari,Desktop,USA,Organic Search,/landing-promo,4158,3111,1047,4717,15192,0.6048,351.3,655,0.1577,78831.52,18.959
18-02-2026,Wednesday,Chrome,Desktop,USA,Social Media,/pricing,3079,2401,678,3115,6139,0.6101,290.5,284,0.0923,37794.09,12.2748
02-11-2025,Sunday,Chrome,Desktop,India,Organic Search,/contact,534,334,200,544,1119,0.3339,163.9,63,0.1186,2683.98,5.0262
07-11-2025,Friday,Safari,Mobile,Canada,Paid Search,/pricing,525,452,73,544,1278,0.4449,250.8,82,0.1563,5704.24,10.8652
14-01-2026,Wednesday,Chrome,Mobile,Germany,Organic Search,/landing-promo,2263,1729,534,2530,2768,0.4443,255.6,305,0.1351,50841.54,22.4664
30-11-2025,Sunday,Chrome,Desktop,Germany,Social Media,/about,2196,1767,429,2406,2659,0.7368,226.3,170,0.0775,35191.83,16.0254
13-10-2025,Monday,Chrome,Desktop,India,Email,/about,318,182,136,360,1270,0.3186,168.1,49,0.1569,3709.72,11.6658
13-11-2025,Thursday,Chrome,Desktop,Canada,Referral,/products,2905,2328,577,3321,12705,0.5431,503.7,382,0.1317,38067.46,13.1041
05-10-2025,Sunday,Chrome,Mobile,UK,Email,/about,1438,891,547,1625,4653,0.515,284.5,244,0.1703,51581.53,35.8703
27-11-2025,Thursday,Safari,Desktop,Germany,Organic Search,,517,353,164,553,1820,0.4586,256.6,73,0.1422,15608.42,30.1904
09-11-2025,Sunday,Chrome,Mobile,India,Organic Search,/blog,569,389,180,601,1810,0.6308,158.3,52,0.0918,2763.44,4.8567
03-04-2026,Wednesday,Safari,Mobile,India,Organic Search,/pricing,2390,1669,721,2701,11140,0.6401,84.5,249,0.1044,27261.07,11.4063
24-03-2026,Tuesday,Chrome,Mobile,Germany,Organic Search,/home,2939,2027,912,3295,12837,0.5323,70.5,353,0.1204,80342.7,27.3367
08-01-2026,Thursday,Firefox,Mobile,UAE,Email,/pricing,1661,1000,661,1830,6225,0.2715,270.8,296,0.1788,33155.23,19.961
17-03-2026,Tuesday,Chrome,Mobile,Japan,Organic Search,/products,1403,1097,306,1440,2910,0.3546,105.4,170,0.1215,29565.5,21.0731
23-03-2026,Monday,Safari,Desktop,UK,Paid Search,/home,1846,1494,352,2109,3236,0.4621,422.3,299,0.1622,72350.58,39.1932
14-10-2025,Tuesday,Chrome,Mobile,India,Organic Search,/products,3038,2338,700,3073,14125,0.3715,82.7,316,0.1041,6174.73,2.0325
22-02-2026,Sunday,Chrome,Desktop,India,Organic Search,/about,1168,755,413,1215,2341,0.4341,425.5,134,0.1148,9702.78,8.3072
07-02-2026,Saturday,Firefox,Tablet,USA,Organic Search,/pricing,2987,1858,1129,3006,6928,0.6267,193.3,394,0.1321,86178.27,28.8511
30-10-2025,Thursday,Firefox,Mobile,USA,Paid Search,/products,3963,3229,734,4158,11687,0.6684,83.9,698,0.1762,65580.8,16.5483
23-12-2025,Tuesday,Chrome,Desktop,France,Paid Search,/landing-promo,2863,2186,677,3283,4127,0.5735,194.2,428,0.1496,51868.23,18.1167
16-02-2026,Monday,Firefox,Mobile,India,Organic Search,/pricing,3020,2307,713,3055,6573,0.4742,275,350,0.1161,31652.19,10.4809
01-01-2026,Thursday,Chrome,Tablet,USA,Organic Search,/home,4367,2804,1563,4747,11386,0.2854,177.7,640,0.1466,0,0
22-01-2026,Thursday,Chrome,Desktop,India,Organic Search,/pricing,3216,2200,1016,3407,12233,0.5866,478,356,0.1109,9703.6,3.0173
10-03-2026,Tuesday,Firefox,Mobile,France,Direct,/about,4737,2490,2247,5344,11889,0.488,363.1,655,0.1383,85445.53,18.0379
07-10-2025,Tuesday,Safari,Mobile,USA,Organic Search,/products,3550,2157,1393,3736,15805,0.6336,124.1,563,0.1586,138055.1,38.8888
07-10-2025,Tuesday,Edge,Mobile,UK,Organic Search,/about,5022,3369,1653,5181,23193,,231.1,719,0.1433,100968.43,20.1052
02-10-2025,Thursday,Safari,Mobile,UK,Email,/about,614,246,368,640,2512,0.3135,388.4,105,0.1717,23987.87,39.0682
21-01-2026,Wednesday,Safari,Desktop,USA,Referral,/home,1283,1038,245,1435,5643,0.5128,314.3,184,0.1439,21296.21,16.5988
02-02-2026,Monday,Firefox,Mobile,Canada,Paid Search,/landing-promo,5350,4541,809,5395,15250,0.6385,206.3,821,0.1535,70876.98,13.248
16-10-2025,Thursday,Safari,Mobile,UK,Organic Search,/about,1151,755,396,1290,4401,0.4701,111.4,152,0.1324,16117.95,14.0034
28-01-2026,Wednesday,Chrome,Desktop,Japan,Direct,/contact,1854,1013,841,1926,3065,0.2915,141.8,281,0.152,56068.51,30.2419
18-12-2025,Thursday,Safari,Mobile,Canada,Referral,/blog,2815,2385,430,3175,4877,0.4565,117.6,364,0.1296,25164.41,8.9394
22-03-2026,Sunday,Chrome,Mobile,Canada,Direct,/pricing,1902,952,950,2143,3118,0.485,266.4,248,0.1304,21973.5,11.5528
30-12-2025,Tuesday,Safari,Mobile,USA,Direct,/landing-promo,4688,1875,2813,5163,13138,0.4211,192.8,737,0.1574,111550.05,23.7948
16-10-2025,Thursday,Chrome,Mobile,India,Organic Search,/blog,2072,1458,614,2256,8075,0.4019,89.5,215,0.1042,19220.26,9.2762
08-03-2026,Sunday,Chrome,Mobile,USA,Direct,/blog,2513,1619,894,2857,3922,0.4159,109.2,392,0.1562,80525.88,32.0437
19-12-2025,Friday,Safari,Desktop,USA,EMAIL,/landing-promo,341,157,184,375,1636,0.3078,146.6,61,0.18,16625.29,48.7545
28-09-2025,Sunday,Chrome,Desktop,India,Organic Search,/about,785,598,187,798,98,0.2962,470.2,87,0.1118,8225.11,10.4778
12-03-2026,Thursday,Firefox,Mobile,Japan,Direct,/contact,5684,2296,3388,6083,8539,0.3418,148.6,873,0.1537,74720.65,13.1458
23-02-2026,Monday,Chrome,Mobile,Canada,Direct,/blog,3047,1957,1090,3322,12951,0.2962,221.1,438,0.1439,68094.6,22.3481
04-12-2025,Thursday,Firefox,Mobile,India,Organic Search,/landing-promo,5427,3495,1932,5666,13284,0.5362,126.3,556,0.1025,18857.09,3.4747
09-12-2025,Tuesday,Chrome,Mobile,Canada,Referral,/home,1206,943,263,1308,5364,0.4652,250.2,142,0.1181,21265,17.6327
26-03-2026,Thursday,Chrome,Mobile,India,Direct,/landing-promo,1505,739,766,1618,5604,0.3921,249,157,0.1046,3863.63,2.5672
03-11-2025,Monday,Chrome,Mobile,France,Paid Search,/blog,-1,1257,257,1570,3178,0.6771,226.2,214,0.1418,42546.46,28.102
27-10-2025,Monday,Safari,Desktop,UK,Email,/contact,1914,1126,788,2146,3121,0.5145,541.1,344,0.18,16311.07,8.522
22-01-2026,Thursday,Firefox,Mobile,Germany,Direct,/landing-promo,1219,764,455,1276,3193,0.65,289.9,178,0.1466,17383.79,14.2607
23-10-2025,Thursday,Chrome,Tablet,UK,Organic Search,/about,863,542,321,909,4140,0.3879,139.4,112,0.1301,11981.59,13.8837
12-11-2025,Wednesday,Chrome,Desktop,USA,Direct,/about,1576,952,624,1768,4448,0.3043,158.9,260,0.1652,75262.3,47.7553
20-10-2025,Monday,Chrome,Tablet,France,Organic Search,/landing-promo,2249,1447,802,2282,4914,0.6662,403.6,253,0.1125,50284.01,22.3584
30-01-2026,Friday,Chrome,Desktop,Canada,Organic Search,/blog,4976,3008,1968,5275,22196,0.6261,392.8,773,0.1555,176387.32,35.4476
26-11-2025,Wednesday,Chrome,Desktop,UK,Email,/products,2059,903,1156,2247,6329,0.5484,429.3,356,0.1731,60057.56,29.1683
10-01-2026,Saturday,Chrome,Mobile,India,Organic Search,/blog,1989,1328,661,2194,5637,0.709,204.4,216,0.1087,15115.37,7.5995
01-02-2026,Sunday,Safari,Desktop,India,Referral,/about,319,266,53,340,1410,0.3438,224.9,31,0.0975,2694.21,8.4458
22-03-2026,Sunday,Edge,Desktop,UAE,Direct,/pricing,1098,556,542,1184,2180,0.6058,126.8,169,0.1546,16768.16,15.2715
23-10-2025,Thursday,Firefox,Mobile,UK,Organic Search,/blog,2296,1591,705,2407,7568,0.6878,155.4,283,0.1234,63417.28,27.6208
16-02-2026,Monday,Chrome,Mobile,UK,Paid Search,/about,5953,5069,884,6125,15321,0.4102,144.7,958,0.161,214511.52,36.0342
01-17-2026,Saturday,Safari,Desktop,Germany,Direct,/landing-promo,3974,1838,2136,4099,6808,0.4398,294.1,599,0.1508,117429.68,29.5495
04-02-2026,Wednesday,Chrome,Tablet,India,Organic Search,/landing-promo,2602,1721,881,2610,10731,0.3719,402.9,276,0.1063,15204.37,5.8433
18-03-2026,Wednesday,Chrome,Mobile,India,Paid Search,/home,5848,4767,1081,6572,22280,0.7853,295.4,810,0.1386,61071.8,10.4432
23-10-2025,Thursday,Chrome,Desktop,Germany,Paid Search,/blog,2331,1905,426,2395,6163,0.5143,246.8,388,0.1668,32793.44,14.0684
14-10-2025,Tuesday,,Desktop,UAE,Organic Search,/about,2754,2015,739,3013,12115,0.432,586.4,419,0.1522,105245.4,38.2155
02-12-2025,Tuesday,Chrome,Desktop,Japan,Direct,/home,3003,1479,1524,3426,10917,0.2873,254.5,466,0.1554,81780.25,27.2329
17-02-2026,Tuesday,Firefox,Mobile,UK,social,/blog,2286,1833,453,2517,3131,0.587,111.1,129,0.0568,12830.56,5.6127
14-12-2025,Sunday,Chrome,Desktop,Germany,Social Media,/pricing,1527,1340,187,1660,6916,0.408,225.4,109,0.0717,26105.35,17.0958
29-11-2025,Saturday,Safari,Mobile,UK,Organic Search,/blog,551,405,146,593,790,0.343,229.6,66,0.1208,11185.54,20.3004
10-10-2025,Friday,Chrome,Mobile,UAE,Referral,/blog,1885,1658,227,2015,8141,0.6531,150.4,235,0.1249,44089.31,23.3896
12-12-2025,Friday,Chrome,Mobile,Japan,Organic Search,/pricing,4440,3237,1203,5015,9532,0.7338,74.7,584,0.1316,100130.55,22.5519
01-11-2025,Saturday,Safari,Mobile,India,organic,/pricing,531,411,120,557,1956,0.5191,173.1,50,0.0957,1379.92,2.5987
14-03-2026,Saturday,Chrome,Desktop,India,Paid Search,/home,1024,821,203,1121,4779,0.686,,132,0.1291,13337.58,13.025
19-01-2026,Monday,Chrome,Mobile,Japan,Organic Search,/products,1634,1281,353,1795,2894,0.6696,51.6,228,0.1399,29910.02,18.3048
03-01-2026,Saturday,Firefox,Mobile,Germany,Paid Search,/home,1103,962,141,1132,4896,0.7112,113.4,166,0.1505,18474.79,16.7496
04-02-2026,Wednesday,Safari,Desktop,Japan,Organic Search,/pricing,3803,2484,1319,3812,8036,2.102,285.5,580,0.1526,100455.31,26.4148
03-10-2025,Friday,Chrome,Desktop,India,Direct,/pricing,4086,1814,2272,4448,5657,0.5507,290,535,0.1311,22933.24,5.6126
28-09-2025,Sunday,Chrome,Desktop,India,Direct,/pricing,2646,1139,1507,2920,8229,0.5134,159.6,302,0.1143,20089.92,7.5926
02-02-2026,Monday,Chrome,Desktop,Japan,Paid Search,/contact,1927,1510,417,1994,6908,0.5336,581.6,297,0.1542,38835.25,20.1532
03-11-2025,Monday,Chrome,Desktop,USA,Referral,/pricing,2104,1727,377,2128,6573,0.334,418.6,296,0.1408,71193.23,33.8371
03-01-2026,Saturday,Chrome,Tablet,India,Paid Search,/pricing,2474,2128,346,2830,3505,0.3949,292.7,276,0.1116,16754.75,6.7723
01-10-2025,Wednesday,Chrome,Mobile,Canada,Organic Search,/landing-promo,4049,2581,1468,4431,10284,0.587,111,527,0.1304,128509.93,31.7387
20-02-2026,Friday,Safari,Mobile,UK,Direct,/contact,1325,558,767,1351,4026,0.6258,213.5,182,0.1378,41100.77,31.0194
30-11-2025,Sunday,Firefox,Desktop,India,Direct,/landing-promo,1350,756,594,1371,3159,0.2321,323.5,155,0.1154,5321.18,3.9416
07-10-2025,Tuesday,Chrome,Desktop,Germany,Organic Search,/contact,1280,987,293,1324,5926,0.3463,447.1,184,0.1444,31114.39,24.3081
04-10-2025,Saturday,Safari,Mobile,India,Organic Search,/contact,836,631,205,942,2623,0.3461,262.2,89,0.1071,6093.09,7.2884
28-11-2025,Friday,Chrome,Mobile,India,Social Media,/products,2298,1752,546,2466,9981,0.8245,165.7,85,0.0372,8104.41,3.5267
13-03-2026,Friday,Safari,Desktop,Germany,Social Media,/products,1908,1691,217,2130,2781,0.4894,425,140,0.0734,15253.33,7.9944
27-10-2025,Monday,Firefox,Mobile,UK,Direct,/products,4274,2370,1904,4501,8829,0.3497,308.9,664,0.1555,163782.53,38.3207
26-03-2026,Thursday,Firefox,Mobile,USA,Referral,/pricing,3232,2883,349,3298,13861,0.3625,223,421,0.1305,-2196.58,25.3897
09-10-2025,Thursday,Safari,Mobile,UK,Social Media,/pricing,3648,3256,392,4171,13024,0.4788,140.5,287,0.0787,44210.58,12.1191
11-01-2026,Sunday,Edge,Desktop,UK,Direct,/products,2337,1064,1273,2469,7899,0.2881,222.4,356,0.1526,27111.28,11.6009
14-03-2026,Saturday,Chrome,Desktop,USA,,/home,2950,1835,1115,3080,3994,0.6296,727.8,455,0.1544,74175.41,25.1442
16-12-2025,Tuesday,Safari,Mobile,UK,Organic Search,/products,4914,3873,1041,5439,8413,1.5241,58.5,655,0.1333,60873.55,12.3878
25-03-2026,Wednesday,Chrome,Mobile,USA,Direct,/home,2040,1316,724,2263,7035,0.416,289.7,300,0.1473,59827.58,29.3272
13-01-2026,Tuesday,Chrome,Desktop,India,Organic Search,/blog,3843,2543,1300,4028,12502,0.2991,354.4,438,0.1141,41873.85,10.8961
26-10-2025,Sunday,Chrome,Mobile,UAE,Organic Search,/pricing,1062,641,421,1189,2774,0.3952,210.6,146,0.1382,30546.92,28.7636
28-09-2025,Sunday,Safari,Mobile,UAE,Organic Search,/pricing,2971,2202,769,3393,13427,0.4913,154.8,399,0.1346,53477.58,17.9999
01-10-2025,Wednesday,Chrome,Desktop,India,Organic Search,/about,2706,1879,827,3036,11968,0.2983,216.1,280,0.1038,8229.53,3.0412
02-11-2025,Sunday,Safari,Mobile,USA,Social Media,/blog,2127,1661,466,2309,8853,0.7205,120.8,161,0.0761,,6.6021
23-01-2026,Friday,Chrome,Mobile,UK,Paid Search,/contact,4585,3810,775,4863,10280,0.7651,286.6,751,0.1638,94867.01,20.6907
29-09-2025,Monday,Safari,Desktop,UAE,Paid Search,/products,4462,3657,805,4567,14788,0.4125,453.8,803,0.18,219905.43,49.284
03-10-2025,Friday,Chrome,Mobile,France,Referral,/contact,2708,2115,593,2993,4603,0.5379,164.7,305,0.1127,46698.92,17.2448
10-02-2026,Tuesday,Firefox,Mobile,Germany,Email,/contact,3094,1971,1123,3175,13779,0.3935,166.9,556,0.1799,129938.13,41.9968
23-11-2025,Sunday,Chrome,Mobile,UAE,Organic Search,/about,418,326,92,464,638,0.705,169,61,0.1469,8686.69,20.7816
22-01-2026,Thursday,Chrome,Desktop,India,Direct,/blog,5045,2995,2050,5358,15335,0.4374,601.5,703,0.1395,48115.86,9.5373
10-12-2025,Wednesday,Chrome,Desktop,Japan,Organic Search,/landing-promo,2003,1251,752,2006,6032,0.5931,446.4,282,0.1411,61576.64,30.7422
31-12-2025,Wednesday,Chrome,Desktop,France,Organic Search,/landing-promo,2131,1464,667,2329,3673,0.5654,164.9,264,0.1243,45281.54,21.249
15-03-2026,Sunday,Chrome,Tablet,India,Referral,/home,997,837,160,1037,3590,0.5697,133,95,0.0956,5177.26,5.1928
28-11-2025,Friday,Chrome,Tablet,India,Organic Search,/products,3467,2376,1091,3736,14654,0.5728,137.9,376,0.1086,20709.72,5.9734
14-12-2025,Sunday,Chrome,Tablet,France,Organic Search,/landing-promo,1312,822,490,1485,4556,0.5848,91.5,165,0.1265,19410.97,14.7949
22-03-2026,Sunday,Safari,Desktop,India,Organic Search,/landing-promo,1041,786,255,1153,3631,0.5188,296.5,114,0.11,11072.03,10.636
12-03-2026,Thursday,Safari,Desktop,Germany,Paid Search,/contact,4909,4050,859,5294,19173,0.4931,361.5,864,0.1761,139347.11,28.386
09-03-2026,Monday,Safari,Mobile,UAE,Social Media,/products,811,668,143,867,2786,0.5983,127.9,50,0.0622,8215.13,10.1296
05-12-2025,Friday,Chrome,Mobile,India,Social Media,/home,3087,2351,736,3489,9776,0.6244,181.7,142,0.0461,14128.62,4.5768
16-01-2026,Friday,Safari,Mobile,UAE,Organic Search,/home,2903,2166,737,2928,6818,0.6994,89.6,404,0.1393,19931.12,6.8657
12-11-2025,Wednesday,Chrome,Mobile,India,Email,/contact,1874,1009,865,1912,4987,0.2757,198.7,253,0.1355,13212.27,7.0503
04-10-2025,Saturday,Safari,Mobile,Japan,,/products,713,633,80,802,3316,0.7546,87.6,44,0.062,2496.11,3.5009
29-09-2025,Monday,Edge,Tablet,UK,Organic Search,/about,4629,3629,1000,4963,21918,0.479,146.6,655,0.1416,92922.22,20.0739
01-02-2026,Sunday,Chrome,Desktop,USA,Paid Search,/blog,2278,1912,366,2497,5671,0.4543,173.6,388,0.1706,101382.92,44.5052
17-01-2026,Saturday,Safari,Desktop,USA,Paid Search,/landing-promo,591,467,124,658,1398,0.3458,365.6,103,0.1743,27954.84,47.3009
05-03-2026,Thursday,Chrome,Mobile,USA,Paid Search,/contact,6355,5449,906,6535,26364,0.6816,84.3,1068,0.1682,89500.61,14.0835
09-01-2026,Friday,Chrome,Desktop,Germany,Direct,/about,1042,473,569,1158,4912,0.5638,736.3,157,0.1511,16540.08,15.8734
16-11-2025,Sunday,Safari,Desktop,Germany,DIRECT,/pricing,703,300,403,807,1225,0.3671,771.5,112,0.1597,22591.38,32.1357
01-12-2025,Monday,Chrome,Mobile,USA,Social Media,/blog,809,653,156,838,2527,0.6377,101.2,57,0.0709,13625.95,16.843
02-12-2025,Tuesday,Safari,Tablet,India,Social Media,/landing-promo,1181,943,238,1194,3408,0.6762,238.9,32,0.0279,1912.99,1.6198
02-01-2026,Friday,Chrome,Tablet,India,Social Media,/products,1794,1509,285,1808,6676,0.7198,194.6,71,0.0397,7687.07,4.2849
06-12-2025,Saturday,Safari,Desktop,USA,Organic Search,/contact,506,374,132,552,1913,0.2952,516.7,75,0.1484,9094.54,17.9734
31-10-2025,Friday,Chrome,Mobile,India,Organic Search,/products,4004,2809,1195,4109,18645,0.6865,236.4,443,0.1107,13557.56,3.386
23-10-2025,Thursday,Safari,Desktop,USA,Paid Search,/blog,5443,4803,640,5890,24727,0.4855,335,979,0.18,137841.83,25.3246
04-12-2025,Thursday,Chrome,Mobile,UK,Email,/pricing,689,326,363,774,2196,0.5305,244.2,110,0.1609,10585.44,15.3635
18-12-2025,Thursday,Chrome,Mobile,USA,Social Media,/pricing,1870,1522,348,1917,5827,0.5762,163.9,115,0.0616,32190.87,17.2144
17-12-2025,Wednesday,Chrome,Mobile,USA,Direct,/landing-promo,1416,857,559,1513,2556,0.6937,199.8,222,0.1573,34908.07,24.6526
02-12-2025,Tuesday,Chrome,Mobile,Canada,Social Media,/landing-promo,1118,904,214,1233,4249,0.7911,157.7,60,0.0541,6448.89,5.7682
16-11-2025,Sunday,Chrome,Desktop,India,Referral,/blog,1418,1077,341,1522,5225,0.4419,389,148,0.1044,10436.21,7.3598
20-11-2025,Thursday,Chrome,Desktop,India,Paid Search,/contact,2193,1871,322,2354,3583,0.5029,507,293,0.1337,25097.38,11.4443
07-02-2026,Saturday,Chrome,Mobile,USA,Organic Search,/home,3456,2700,756,3494,10911,0.5198,178.9,501,0.1452,120048.12,34.7361
10-01-2026,Saturday,Chrome,Desktop,UK,,/products,926,714,212,968,4414,0.4544,499.8,131,0.1418,36017.6,38.8959
04-10-2025,Saturday,Chrome,Tablet,India,Organic Search,/contact,1700,1299,401,1718,5894,0.5662,218.6,174,0.1026,12044.98,7.0853
25-01-2026,Sunday,Firefox,Mobile,India,Organic Search,/contact,1325,836,489,1439,4274,0.6131,155.2,129,0.0981,9224.22,6.9617
02-10-2025,Thursday,Safari,Desktop,Germany,Organic Search,/pricing,5153,3282,1871,5417,20348,0.544,133.8,744,0.1444,49102.54,9.5289
29-10-2025,Wednesday,Chrome,Desktop,USA,Direct,/about,1944,833,1111,1970,8148,0.5942,659,327,0.1686,50669.73,26.0647
22-10-2025,Wednesday,Chrome,,USA,Direct,/blog,5239,2393,2846,5390,8626,0.3107,285.3,884,0.1689,248666.03,47.4644
10-11-2025,Monday,Chrome,Mobile,USA,Organic Search,/pricing,1561,973,588,1716,7280,0.4722,293.5,208,0.1334,11256.19,7.2109
25-11-2025,Tuesday,Chrome,Mobile,USA,Paid Search,/contact,4918,3904,1014,5284,11441,0.4636,112.5,821,0.167,261466.88,53.1653
29-10-2025,Wednesday,Chrome,Desktop,USA,Paid Search,/pricing,6504,5034,1470,7465,30279,0.6455,483.6,1170,0.18,262509.54,40.3612
22-01-2026,Thursday,Chrome,Desktop,Germany,Organic Search,/about,1597,1125,472,1601,3772,0.281,276.7,212,0.1328,21955.82,13.7482
04-02-2026,Wednesday,Chrome,Desktop,India,Organic Search,/products,2646,1604,1042,2886,7214,0.3812,396.7,275,0.104,19140.06,7.2336
23-11-2025,Sunday,Chrome,Mobile,UK,Direct,/about,2753,1436,1317,2903,4745,0.5743,342,386,0.1403,78372.55,28.4681
05-12-2025,Friday,Firefox,Desktop,USA,Social Media,/landing-promo,3236,2652,584,3625,12547,0.5162,295,301,0.0932,87956.64,27.1807
26-02-2026,Thursday,Edge,Desktop,USA,Paid Search,/blog,5009,4358,651,5356,9164,0.5572,559.1,901,0.18,184267.72,36.7873
22-10-2025,Wednesday,Safari,Mobile,UK,Social Media,/landing-promo,2522,2215,307,2786,5491,0.5717,108.3,132,0.0527,28303.08,11.2225
25-10-2025,Saturday,Chrome,Tablet,USA,Paid Search,/landing-promo,1317,993,324,1437,2650,0.3905,252.8,206,0.157,55696.01,42.2901
16-03-2026,Monday,Chrome,Desktop,Canada,Organic Search,/home,3605,2769,836,3751,10455,0.3391,358.7,564,0.1566,54977.98,15.2505
31-10-2025,Friday,Chrome,Desktop,Germany,Paid Search,/landing-promo,816,614,202,913,3176,0.5828,501.2,122,0.1503,24440.08,29.9511
27-12-2025,Saturday,Chrome,Desktop,India,Organic Search,/products,342,239,103,359,1076,0.5663,171.4,38,0.114,3050.94,8.9209
17-01-2026,Saturday,Safari,Mobile,USA,Organic Search,/pricing,1060,654,406,1181,4120,0.6582,264.3,151,0.1427,17820.72,16.812
23-01-2026,Friday,Edge,Desktop,USA,Paid Search,/landing-promo,1480,1138,342,1489,6164,0.3722,422.4,263,0.1782,34332.54,23.1977
27-12-2025,Saturday,Edge,Mobile,Germany,Organic Search,/products,668,464,204,765,1515,0.6499,156.7,91,0.1376,18332.4,27.4437
29-09-2025,Monday,Chrome,Desktop,USA,Paid Search,,2697,2360,337,2868,12732,0.3598,240,448,0.1662,35676.28,13.2281
12-12-2025,Friday,Chrome,Tablet,Canada,Referral,/pricing,2125,1813,312,2424,3591,0.2652,269,273,0.1285,61792.37,29.0788
05-02-2026,Thursday,Chrome,Tablet,Germany,Paid Search,/pricing,1454,1108,346,1537,5394,0.6935,166.1,229,0.1578,32953.53,22.6641
27-12-2025,Saturday,Chrome,Desktop,USA,Social Media,/products,535,442,93,574,1987,0.699,304,45,0.0852,6314.09,11.802
14-10-2025,Tuesday,Firefox,Mobile,Canada,Direct,/about,5365,2523,2842,5485,13863,0.5652,219.5,767,0.1431,91827.23,17.116
26-01-2026,Monday,Chrome,Desktop,USA,Paid Search,/products,1395,1252,143,1425,6477,0.6008,482.8,234,0.1684,52041.01,37.3054
08-03-2026,Sunday,Safari,Mobile,India,Paid Search,/about,2965,2360,605,3268,12735,0.7412,83.4,374,0.1263,30708.05,10.3568
19-11-2025,Wednesday,Chrome,Desktop,UK,Organic Search,/home,976,753,223,1028,4373,0.5997,493.8,135,0.1392,25780.67,26.4146
28-12-2025,Sunday,Firefox,Desktop,France,Organic Search,/home,3037,1839,1198,3325,11590,0.4324,251.9,436,0.1438,88573.79,29.1649
09-11-2025,Sunday,Chrome,Desktop,UK,Email,/products,339,159,180,369,699,0.5828,718.8,60,0.1784,11937.58,35.2141
28-12-2025,Sunday,Chrome,Desktop,UK,Direct,/home,2250,1351,899,2274,3497,0.2453,252.2,329,0.1466,79316.57,35.2518
19-01-2026,Monday,Chrome,Mobile,Japan,Organic Search,/landing-promo,859,551,308,907,1938,0.3848,189.3,106,0.1234,22929.16,26.6929
06-12-2025,Saturday,Chrome,Desktop,UK,Paid Search,/contact,2843,2307,536,3074,11012,0.6976,165.9,448,0.1578,115899.93,40.7668
11-10-2025,Saturday,Firefox,Desktop,Germany,Paid Search,/pricing,3480,3127,353,3593,5990,0.6294,473,607,0.1745,128366.26,36.8869
13-12-2025,Saturday,Chrome,Desktop,USA,Referral,/products,957,733,224,1094,4522,0.5095,488.1,127,0.1331,32767.08,34.2394
11-10-2025,Saturday,Safari,Desktop,USA,Organic Search,/landing-promo,1978,1549,429,2046,2507,0.2899,473.9,285,0.1444,31943.71,16.1495
04-11-2025,Tuesday,Chrome,Desktop,USA,Social Media,/pricing,3287,2748,539,3632,10156,0.752,193.2,266,0.0812,15959.55,4.8554
04-12-2025,Thursday,Safari,Desktop,India,Organic Search,/blog,974,649,325,1053,1657,0.5535,563.6,114,0.1176,3176.4,3.2612
08-10-2025,Wednesday,Chrome,Mobile,France,Direct,/home,3783,2440,1343,3857,12047,0.6925,298.5,520,0.1376,46732.2,12.3532
30-09-2025,Tuesday,Safari,Mobile,India,Direct,/landing-promo,1298,764,534,1466,5963,0.513,134,131,0.101,13675.53,10.5358
17-11-2025,Monday,Firefox,Mobile,USA,Social Media,/pricing,1515,1277,238,1700,1837,0.5281,178.6,116,0.0767,29839.96,19.6963
25-01-2026,Sunday,Chrome,Desktop,UK,Direct,/blog,780,385,395,869,3054,0.4907,257.3,110,0.1412,23194.85,29.737
03-10-2025,Friday,Chrome,Mobile,Germany,Organic Search,/home,898,562,336,991,3645,0.6162,219.6,125,0.1394,24089.24,26.8254
12-10-2025,Sunday,Safari,Mobile,France,Organic Search,/about,1268,873,395,1338,4136,0.688,,149,0.118,4880.92,3.8493
27-01-2026,Tuesday,Chrome,Mobile,UAE,Organic Search,/home,4324,2900,1424,4590,10703,0.6482,211.6,610,0.1412,129315.67,29.9065
12-01-2026,Monday,Chrome,Desktop,Japan,Social Media,/pricing,3946,3375,571,4479,17869,0.6729,241.4,331,0.0839,70461.1,17.8563
12-02-2026,Thursday,Edge,Mobile,Japan,Direct,/landing-promo,3155,1394,1761,3512,315,0.453,126.8,462,0.1466,64999.77,20.6021
10-02-2026,Tuesday,Firefox,Tablet,USA,Direct,/blog,4763,2791,1972,5228,16183,0.3544,453.9,770,0.1617,167877.23,35.2461
21-10-2025,Tuesday,Chrome,Mobile,Germany,Organic Search,/contact,3577,2495,1082,3626,12842,0.3934,266.3,468,0.1311,111762.38,31.2447
07-10-2025,Tuesday,Chrome,Mobile,UAE,Direct,/pricing,1663,830,833,1798,4415,0.3314,347.3,240,0.1449,71896.82,43.2332
13-12-2025,Saturday,Chrome,Mobile,UAE,Organic Search,/products,1429,1030,399,1527,5486,0.6735,190,212,0.1489,50772.4,35.53
29-11-2025,Saturday,Firefox,Desktop,Germany,Social Media,/pricing,894,794,100,968,3865,0.5118,176,62,0.0695,9665.88,10.8119
14-10-2025,Tuesday,Chrome,Desktop,USA,Social Media,/blog,425,379,46,458,1198,0.6287,152.9,38,0.09,5835.97,13.7317
17-03-2026,Tuesday,Chrome,Desktop,USA,Direct,/blog,1476,618,858,1668,1787,0.3907,671.4,222,0.1505,49720.05,33.6857
02-01-2026,Friday,Safari,Desktop,USA,Organic Search,/landing-promo,4158,3111,1047,4717,15192,0.6048,351.3,655,0.1577,78831.52,18.959
10-03-2026,Tuesday,Chrome,Desktop,Germany,Organic Search,/landing-promo,4418,2999,1419,4809,13017,0.5151,245.2,629,0.1425,53021.22,12.0012
05-10-2025,Sunday,Chrome,Mobile,USA,Direct,/blog,1261,770,491,1407,4788,0.5013,63.2,192,0.1524,25662.79,20.3511
21-02-2026,Saturday,Chrome,Tablet,US,Direct,/contact,1383,608,775,1544,2207,0.364,291.8,209,0.1512,63656.86,46.0281
11-02-2026,Wednesday,Chrome,Desktop,France,Social Media,/blog,1523,1163,360,1629,7092,0.757,198.6,84,0.0556,8246.17,5.4144
08-10-2025,Wednesday,Chrome,Desktop,UAE,Direct,/about,3118,1737,1381,3339,14204,0.3648,403.4,554,0.1778,153086.6,49.0977
21-01-2026,Wednesday,Chrome,Desktop,India,Email,/landing-promo,1743,754,989,1978,5450,0.576,130.8,269,0.1547,25848.91,14.8301
08-03-2026,Sunday,Edge,Desktop,India,Paid Search,/pricing,2640,2306,334,2836,7720,0.5138,511.5,346,0.1314,11071.3,4.1937
12-01-2026,Monday,Chrome,Desktop,UAE,Organic Search,/products,1451,1057,394,1611,3337,0.4599,436.2,209,0.1445,51551.59,35.5283
02-01-2026,Friday,Firefox,Desktop,UK,Organic Search,/landing-promo,2091,1473,618,2156,9608,0.4794,562,300,0.1438,24553.4,11.7424
07-11-2025,Friday,Chrome,Desktop,USA,Social Media,/landing-promo,3360,2813,547,3704,11969,0.3993,311.5,297,0.0884,16847.09,5.014
31-01-2026,Saturday,Chrome,,Japan,Paid Search,/blog,3143,2660,483,3529,7122,0.5471,205.8,504,0.1604,84521.15,26.8919
30-11-2025,Sunday,Chrome,Mobile,UAE,Social Media,/contact,2020,1551,469,2101,6623,0.5883,159.1,125,0.0619,16224.77,8.0321
12-01-2026,Monday,Chrome,Tablet,Germany,Organic Search,/blog,2225,1377,848,2325,6268,0.5316,158,278,0.1251,36780.54,16.5306
23-01-2026,Friday,Chrome,Desktop,India,Direct,/blog,2924,1733,1191,3152,13536,0.5174,729.7,358,0.1227,17614.93,6.0243
17-11-2025,Monday,Chrome,Tablet,India,Direct,/home,0,1952,2906,4934,6246,0.4767,222.5,609,0.1254,49676.01,10.2256
12-10-2025,Sunday,Chrome,Mobile,Germany,Direct,/landing-promo,554,304,250,601,2179,0.4602,65.8,77,0.1392,11992.31,21.6468
28-10-2025,Tuesday,Chrome,Desktop,India,Paid Search,/products,4587,3809,778,5268,18316,0.5983,163,671,0.1464,49437.04,10.7776
02-10-2025,Thursday,Chrome,Mobile,UAE,Email,/products,756,339,417,855,1345,0.3972,141.2,131,0.1737,9716.48,12.8525
25-10-2025,Saturday,Chrome,Mobile,UAE,Paid Search,/contact,2832,2329,503,3080,4636,0.6102,223.9,456,0.1612,41179.18,14.5407
17-11-2025,Monday,Chrome,Tablet,India,Direct,/home,4858,1952,2906,4934,6246,0.4767,222.5,609,0.1254,49676.01,10.2256
09-01-2026,Friday,Firefox,Desktop,Germany,Paid Search,/pricing,487,376,111,542,815,0.4269,272.8,81,0.1678,8606.21,17.6719
24-03-2026,Tuesday,Safari,Mobile,USA,Organic Search,/home,469,358,111,473,2172,0.6461,113.9,68,0.1453,14153.72,30.1785
26-10-2025,Sunday,Chrome,Tablet,USA,Paid Search,/pricing,2441,1898,543,2710,8331,0.7445,291.1,370,0.1517,104965.43,43.001
07-10-2025,Tuesday,Chrome,Mobile,UK,Social Media,/blog,1859,1583,276,2080,7283,0.6339,162.4,119,0.0642,32535.64,17.5017
19-02-2026,Thursday,Firefox,Mobile,India,Organic Search,/blog,3018,2335,683,3271,13373,0.5968,220.9,353,0.1171,12327.53,4.0847
22-02-2026,Sunday,Chrome,Mobile,USA,Email,/about,579,370,209,660,1044,0.4232,141.7,101,0.1753,27696.55,47.8351
07-11-2025,Friday,Safari,Tablet,Canada,Organic Search,/products,2182,1695,487,2250,7631,0.4862,368.6,265,0.1216,70543.08,32.3296
23-03-2026,Monday,Edge,Desktop,UK,Organic Search,/pricing,1884,1351,533,1961,6860,0.4229,129,249,0.1326,51159.98,27.155
22-10-2025,Wednesday,Firefox,Mobile,USA,Organic Search,/products,2346,1849,497,2425,5971,0.5459,60.8,305,0.1304,68374.83,29.1453
06-11-2025,Thursday,Chrome,Desktop,UK,Direct,/landing-promo,4036,2314,1722,4290,14543,0.4082,699,660,0.1637,103885.08,25.7396
06-01-2026,Tuesday,Chrome,Desktop,USA,Organic Search,/landing-promo,2726,2117,609,3115,8939,0.4592,463.4,430,0.1579,124668.98,45.7333
28-12-2025,Sunday,Chrome,Mobile,Canada,Organic Search,/home,2427,1794,633,2756,5668,0.4956,89.7,330,0.136,72126.44,29.7184
25-02-2026,Wednesday,Chrome,Mobile,India,Direct,/blog,756,438,318,844,3526,0.4838,237.4,79,0.1053,8186.13,10.8282
22-03-2026,Sunday,Chrome,Desktop,UK,Direct,/blog,2356,1412,944,2586,3944,0.4624,571.5,336,2.8006,93262.59,39.5851
18-12-2025,Thursday,Safari,Desktop,Germany,Email,/landing-promo,1047,427,620,1159,2624,0.5285,133.9,188,0.18,38542.6,36.8124
26-03-2026,Thursday,Safari,Tablet,UAE,Organic Search,/blog,918,730,188,978,2622,0.5077,418.6,127,0.139,33167.04,36.1297
07-12-2025,Sunday,Chrome,Desktop,USA,Organic Search,/about,1188,907,281,1219,3007,,233.4,178,0.1505,64884.98,54.617
13-12-2025,Saturday,Chrome,Desktop,USA,Direct,/pricing,3017,1311,1706,3158,10209,0.5173,604.6,541,0.1795,84880.19,28.134
02-11-2025,Sunday,Chrome,Mobile,India,Paid Search,/contact,3254,2520,734,3506,4874,0.4584,296.1,446,0.1373,48999.78,15.0583
31-10-2025,Friday,Safari,Mobile,USA,Paid Search,/contact,2352,2010,342,2509,4455,0.4565,202.8,375,0.1595,66555.9,28.2976
28-10-2025,Tuesday,Chrome,Desktop,UK,Organic Search,/contact,1774,1400,374,1847,8145,0.3132,539.2,265,0.1496,-2884.33,12.1928
10-01-2026,Saturday,Chrome,Desktop,USA,Direct,/about,2959,1482,1477,3155,11726,0.4063,421.1,471,0.1594,52523.82,17.7505
03-12-2025,Wednesday,Safari,Desktop,UAE,Direct,/landing-promo,796,347,449,901,3794,0.2777,417.1,126,0.1589,11941.54,15.0019
23-10-2025,Thursday,Chrome,Mobile,India,Organic Search,/pricing,3923,2756,1167,3957,14580,0.5772,96.9,427,0.109,0,0
20-10-2025,Monday,Chrome,Desktop,UK,Referral,/blog,3322,2552,770,3776,10808,0.2656,,475,0.1432,44159.93,13.2932
23-02-2026,Monday,Chrome,Desktop,Japan,Organic Search,/products,2713,1675,1038,2786,5814,0.291,525.4,364,0.1342,68828.1,25.3697
27-01-2026,Tuesday,Chrome,Desktop,UAE,Direct,/blog,1103,487,616,1123,2568,0.5066,389.7,170,0.1543,19027.54,17.2507
01-01-2026,Thursday,Chrome,Tablet,UAE,Email,/home,1384,555,829,1551,4573,0.3028,428,249,0.18,14689.09,10.6135
20-02-2026,Friday,Chrome,Desktop,Canada,Organic Search,/pricing,632,462,170,712,2417,0.3614,512.8,94,0.1495,11809.52,18.6859
09-10-2025,Thursday,Safari,Desktop,USA,Social Media,/home,630,545,85,706,1225,0.6547,256.1,49,0.079,15074.68,23.9281
07-01-2026,Wednesday,Chrome,Mobile,USA,Organic Search,/products,3160,2283,877,3320,8745,0.5829,117.7,494,0.1564,0,0
23-01-2026,Friday,Chrome,Desktop,Germany,Paid Search,/blog,5655,4815,840,6407,14639,0.7014,325.7,918,0.1624,63420.92,11.215
09-11-2025,Sunday,Safari,Mobile,USA,Paid Search,/about,3399,2861,538,3597,15181,0.7752,294.8,557,0.164,61138.93,17.9873
05-10-2025,Sunday,Chrome,Desktop,UK,Organic Search,/home,827,529,298,945,1398,0.4852,125.9,111,0.1343,10541.26,12.7464
13-12-2025,Saturday,Firefox,Desktop,USA,Organic Search,/home,3245,2232,1013,3592,14187,0.458,421.1,512,0.1579,,24.2341
10-11-2025,Monday,Chrome,Tablet,UK,Organic Search,/about,2125,1554,571,2263,10152,0.542,178.2,296,0.1394,58458.73,27.51
22-02-2026,Sunday,Chrome,Desktop,Japan,Organic Search,/blog,2326,1576,750,2347,9111,0.435,206.2,347,0.1495,23596.08,10.1445
24-10-2025,Friday,Safari,Desktop,USA,Direct,/landing-promo,1414,839,575,1531,3479,0.276,303.9,224,0.1586,60646.95,42.8903
16-03-2026,Monday,Safari,Desktop,India,Organic Search,/about,1834,1121,713,1951,6333,0.4582,586.7,207,0.1134,-915.01,5.1371
14-10-2025,Tuesday,Chrome,Desktop,Canada,Direct,/pricing,5510,3358,2152,6259,24846,0.5802,199.9,889,0.1614,148487.16,26.9487
18-12-2025,Thursday,Chrome,Desktop,UAE,Direct,/pricing,2664,1129,1535,2846,9505,0.2717,718.9,401,0.1506,89470.95,33.5852
23-01-2026,Friday,Safari,Desktop,India,Direct,/blog,1464,588,876,1478,5215,0.5897,607,181,0.1237,6541.58,4.4683
16-03-2026,Monday,Safari,Desktop,France,Email,/pricing,1085,529,556,1115,3459,0.5042,701.3,175,0.1618,28890.68,26.6274
17-03-2026,Tuesday,Edge,Mobile,USA,Email,/blog,1432,929,503,1598,6718,0.2794,244.7,253,0.177,72075.79,50.3323
29-12-2025,Monday,Firefox,Mobile,France,Social Media,/products,3329,2774,555,3568,9028,0.7817,197.9,213,0.064,15034.74,4.5163
10-02-2026,Tuesday,Chrome,Mobile,Japan,Social Media,/products,3557,3097,460,3627,10194,0.6061,118.2,213,0.0601,11948.58,3.3592
09-12-2025,Tuesday,Firefox,Mobile,Germany,Paid Search,/blog,4608,3684,924,5146,11402,0.594,250.2,728,0.158,38659.03,8.3895
19-11-2025,Wednesday,Chrome,Desktop,USA,Paid Search,/pricing,1378,1161,217,1538,3482,0.7272,334.4,224,0.1631,35167.24,25.5205
15-02-2026,Sunday,Chrome,Mobile,UK,Paid Search,/products,3925,3078,847,4147,6619,0.5274,248.6,608,0.155,102292.19,26.0617
18-03-2026,Wednesday,Safari,Mobile,USA,Organic Search,/blog,2505,1826,679,2602,9439,0.6557,,327,0.1309,67163.33,26.8117
17-12-2025,Wednesday,Chrome,Tablet,UK,Organic Search,/blog,2168,1448,720,2336,9046,0.4399,224.1,293,0.1354,24177.99,11.1522
05-01-2026,Monday,Chrome,Desktop,India,Social Media,/about,1551,1347,204,1637,7078,0.4652,219.7,64,0.0419,3285.69,2.1184
15-02-2026,Sunday,Chrome,Desktop,Japan,Direct,/products,3924,2184,1740,4343,14454,0.3896,563.3,659,0.168,50029.96,12.7497
26-03-2026,Thursday,Safari,Mobile,France,Social Media,/blog,2976,2275,701,3139,4518,0.7555,112.2,162,0.0545,-144.15,5.3154
21-03-2026,Saturday,Safari,Tablet,UK,Direct,/contact,421,230,191,476,600,0.3519,380.4,57,0.1369,6938.92,16.482
31-12-2025,Wednesday,Safari,Desktop,UK,Organic Search,/contact,1184,745,439,1248,1438,0.3557,505.6,165,0.1396,17217.89,14.5421
23-02-2026,Monday,Chrome,Desktop,India,Paid Search,/about,2701,2253,448,2900,12827,0.7195,253.4,354,0.1314,22395.12,8.2914
10-01-2026,Saturday,Safari,Mobile,UK,Organic Search,/home,2552,1988,564,2788,3816,0.5986,151.9,341,0.1339,68181.12,26.7167
26-02-2026,Thursday,,Desktop,Germany,Social Media,/pricing,2740,2325,415,3094,11375,0.4913,208.7,213,0.0779,47699.92,17.4087
20-11-2025,Thursday,Chrome,Tablet,USA,Organic Search,/landing-promo,4178,3027,1151,4258,6698,0.5274,163.1,624,0.1494,73082.99,17.4923
04-12-2025,Thursday,Chrome,Mobile,UK,Organic Search,/contact,1311,903,408,1378,1977,0.5651,195.4,179,0.1368,25180.86,19.2074
18-02-2026,Wednesday,Edge,Mobile,UAE,Paid Search,/pricing,5755,4818,937,6525,20083,0.5487,281.1,979,0.1702,108696.08,18.8872
11-10-2025,Saturday,Chrome,Mobile,India,Paid Search,/landing-promo,3303,2513,790,3553,12984,0.5622,139.7,451,0.1368,16110.58,4.8776
25-10-2025,Saturday,Chrome,Mobile,UAE,Paid Search,/contact,2832,2329,503,3080,4636,0.6102,223.9,456,0.1612,41179.18,14.5407
15-02-2026,Sunday,Chrome,Desktop,India,Direct,/blog,2027,1052,975,2139,6920,0.4901,213.4,231,0.1141,19122.47,9.4339
02-12-2025,Tuesday,Safari,Mobile,India,Direct,/about,5800,3148,2652,6642,27265,0.4642,157,689,0.1189,58409.57,10.0706
30-01-2026,Friday,Firefox,Desktop,Canada,Social Media,/home,912,727,185,975,2555,0.7464,,66,0.0725,7759.4,8.5081
11-03-2026,Wednesday,Safari,Desktop,Canada,Organic Search,/landing-promo,2142,1548,594,2209,5717,0.3076,389.2,316,0.1477,85337.93,39.8403
15-11-2025,Saturday,Chrome,desktop,USA,Social Media,/home,1494,1129,365,1606,4934,0.7011,,106,0.0716,23949.94,16.0307
27-02-2026,Friday,Chrome,Tablet,Japan,Referral,/about,1505,1218,287,1642,3928,0.416,105.9,189,0.1262,31628.21,21.0154
03-11-2025,Monday,Firefox,Desktop,UK,Social Media,/landing-promo,672,593,79,767,1984,0.6376,218.5,43,0.0642,7405.6,11.0202
27-12-2025,Saturday,Chrome,Mobile,UK,Paid Search,/pricing,3986,3309,677,4125,17463,0.4959,75.1,661,0.1659,62675.9,15.724
26-02-2026,Thursday,,Mobile,India,Email,/blog,595,382,213,599,774,0.5922,301,87,0.1478,2220.09,3.7312
08-11-2025,Saturday,Chrome,Desktop,France,Organic Search,/pricing,1993,1350,643,2019,7003,0.3095,441.9,270,0.1355,12179.28,6.111
21-12-2025,Sunday,Safari,Desktop,UK,Organic Search,/contact,1627,1064,563,1689,3664,0.3247,324.7,223,0.1372,28187.57,17.3249
20-03-2026,Friday,Safari,Desktop,USA,Paid Search,/pricing,1994,1622,372,2234,3838,0.3503,380.6,324,0.1628,44789.32,22.462
07-01-2026,Wednesday,Chrome,Mobile,Germany,Organic Search,/about,4709,3322,1387,5266,1177,0.6254,282.9,692,0.1471,47632.62,10.1152
14-10-2025,Tuesday,Safari,Desktop,,Organic Search,/blog,5230,3832,1398,5366,24485,0.5175,575.2,883,3.0775,200901.61,38.4133
11-11-2025,Tuesday,Chrome,Desktop,France,Organic Search,/contact,548,401,147,548,2589,0.3956,360.4,75,0.1377,13930.55,25.4207
07-01-2026,Wednesday,Chrome,Mobile,UAE,Organic Search,/blog,541,399,142,613,1794,0.6563,126.3,76,0.1408,20144.09,37.2349
18-10-2025,Saturday,Safari,Desktop,Canada,Organic Search,/home,303,194,109,338,591,0.4905,196,44,0.1456,6140.88,20.2669
02-03-2026,Monday,Chrome,Mobile,France,Direct,/contact,4545,2665,1880,5186,6643,0.4028,309.8,621,0.1368,71460.44,15.7229
17-02-2026,Tuesday,Chrome,Desktop,France,Referral,/landing-promo,2755,2183,572,2819,12074,0.6451,290.3,357,0.1296,54938.53,19.9414
16-03-2026,Monday,Firefox,Desktop,Dubai,Organic Search,/pricing,3532,2470,1062,3828,8379,,223.2,590,0.1671,59463.12,16.8355
20-03-2026,Friday,Chrome,Mobile,UAE,Social Media,/blog,2280,1736,544,2370,6701,0.4325,115.9,179,0.0786,34367.12,15.0733
24-01-2026,Saturday,Chrome,Tablet,USA,Direct,/about,2326,1473,853,2527,2947,0.391,450.8,332,0.143,46520.75,20.0003
10-11-2025,Monday,Chrome,Mobile,UK,Organic Search,/blog,4709,3618,1091,5141,6866,0.3786,262.4,685,0.1455,98441,20.9049
28-09-2025,Sunday,Safari,Tablet,Canada,Organic Search,/about,1687,1218,469,1778,3610,0.3945,191.3,205,0.1217,32901.88,19.5032
10-10-2025,Friday,Chrome,Desktop,UK,Referral,/pricing,2520,1919,601,2689,6093,0.3847,538.6,310,0.1232,45016.51,17.8637
24-02-2026,Tuesday,Chrome,Desktop,USA,Organic Search,/products,1937,1237,700,2119,2851,0.3266,536,274,0.1417,53160.16,27.4446
13-01-2026,Tuesday,Firefox,Mobile,UAE,Direct,/about,2947,1803,1144,3360,11178,0.455,221.5,438,0.1489,54621.11,18.5345
09-12-2025,Tuesday,Chrome,Desktop,Japan,Organic Search,/landing-promo,4167,2865,1302,4713,463,0.4959,395.6,620,0.1488,94613.43,22.7054
07-10-2025,Tuesday,Chrome,Mobile,USA,Social Media,/landing-promo,2438,2090,348,2441,10620,0.6325,221.9,194,0.0798,41129.26,16.8701
16-03-2026,Monday,Chrome,Desktop,India,Organic Search,/contact,3343,2650,693,3786,9866,0.4352,210.9,369,0.1105,14076.16,4.2106
03-11-2025,Monday,Firefox,Mobile,Germany,Organic Search,/contact,1491,1025,466,1714,2918,0.4749,92.4,182,0.1227,13467.97,9.0328
22-03-2026,Sunday,Chrome,Desktop,Germany,Organic Search,/contact,1227,740,487,1405,4539,0.4072,546,173,0.1415,45152.69,36.7993
16-01-2026,Friday,Chrome,Mobile,UAE,Organic Search,/home,468,316,152,516,1402,0.494,291.5,67,0.1433,8557.32,18.2849
04-02-2026,Wednesday,Safari,Mobile,UAE,Email,/about,2460,1543,917,2801,6615,0.6098,78,428,0.1741,65682.03,26.7
08-10-2025,Wednesday,Chrome,Tablet,India,Paid Search,/about,6396,5387,1009,6696,11666,0.3597,408.7,812,0.127,78948.89,12.3435
02-01-2026,Friday,Edge,Mobile,Japan,Social Media,/home,1150,952,198,1189,5109,0.7276,65.4,78,0.0682,12700.43,11.0439
28-01-2026,Wednesday,Safari,Mobile,USA,Organic Search,/pricing,4901,3556,1345,5254,18011,0.5448,151,740,0.151,37427.42,7.6367
16-03-2026,Monday,Chrome,Desktop,UK,Organic Search,/about,2781,1885,896,3103,5777,0.5202,490.3,373,0.1344,35005.34,12.5873
07-11-2025,Friday,Chrome,Mobile,Canada,Organic Search,/landing-promo,2558,1803,755,2722,8525,0.6871,273.1,326,0.1278,66225.05,25.8894
21-01-2026,Wednesday,Safari,Desktop,UAE,Paid Search,/blog,3336,2878,458,3362,11913,1.5061,204.5,593,0.178,51914.65,15.5619
24-01-2026,Saturday,Safari,Mobile,UAE,Direct,/blog,1613,697,916,1744,4666,0.4962,374.7,239,0.1482,34449.26,21.3573
28-11-2025,Friday,Firefox,Desktop,UK,Organic Search,/home,934,695,239,960,2544,0.5645,204.1,124,0.1328,16883.98,18.0771
06-10-2025,Monday,Chrome,Desktop,Canada,Organic Search,/pricing,2774,2069,705,3149,8850,0.2672,381.3,406,0.1467,25481.04,9.1857
30-01-2026,Friday,Safari,Desktop,India,Social Media,/home,2581,2064,517,2690,7091,0.6314,280.6,79,0.0309,4843.83,1.8767
03-10-2025,Friday,Chrome,Desktop,USA,Direct,/home,5195,2384,2811,5780,18044,0.3968,591,909,0.175,89763.34,17.2788
07-12-2025,Sunday,Chrome,Desktop,USA,Direct,/home,721,417,304,743,2226,0.2742,309.6,110,0.1535,21570.46,29.9174
31-01-2026,Saturday,Chrome,Mobile,USA,Organic Search,/pricing,913,635,278,1002,1394,0.6929,224.1,132,0.1451,15317.71,16.7773
08-01-2026,Thursday,Chrome,Mobile,India,social media,/landing-promo,427,342,85,456,1209,0.6023,63.2,14,0.0335,927.5,2.1721
27-11-2025,Thursday,Chrome,Mobile,USA,Organic Search,/products,4660,3011,1649,5254,10624,0.5266,58.6,692,0.1486,0,0
31-12-2025,Wednesday,Safari,Desktop,India,Organic Search,/about,3821,2745,1076,4137,14621,0.2758,345.5,438,0.1148,31711.19,8.2992
06-11-2025,Thursday,Firefox,Tablet,USA,Organic Search,/contact,2412,1812,600,2493,5024,0.5335,84.2,314,0.1304,85739.36,35.547
03-10-2025,Friday,Chrome,Mobile,India,Social Media,/home,3508,2786,722,3628,12357,0.493,224.6,146,0.0419,3700.02,1.0547
06-02-2026,Friday,Chrome,Mobile,France,Email,/products,2161,1229,932,2333,3688,0.4438,135.4,329,0.1527,68608.4,31.7484
23-12-2025,Tuesday,Chrome,Desktop,USA,Organic Search,/products,4321,3338,983,4331,20079,0.2905,391.3,683,0.1582,0,0
16-02-2026,Monday,Safari,Desktop,USA,Direct,/pricing,3928,2294,1634,4344,15273,0.6228,650.3,657,0.1674,190797.34,48.5737
21-12-2025,Sunday,Firefox,Mobile,India,Organic Search,/contact,3339,2172,1167,3373,4438,0.5985,299.3,362,0.1087,30199.67,9.0445
31-12-2025,Wednesday,Chrome,Mobile,Japan,Organic Search,/contact,3723,2586,1137,4245,7764,0.4999,70.6,526,0.1414,39072.87,10.495
16-03-2026,Monday,Chrome,Desktop,Canada,Direct,/pricing,2446,982,1464,2670,5061,0.5163,141.8,379,0.1551,71691.09,29.3095
20-12-2025,Saturday,Chrome,Desktop,USA,Direct,/blog,1182,708,474,1248,2798,0.5611,199.8,195,0.165,39247.93,33.2047
16-01-2026,Friday,Firefox,Mobile,Germany,Direct,/blog,1610,1019,591,1756,3660,0.6389,236,212,0.1317,36859.58,22.8941
17-12-2025,Wednesday,Chrome,Desktop,USA,Referral,/products,2168,1832,336,2310,4625,0.287,290.5,315,0.1454,92472.09,42.6532
20-01-2026,Tuesday,Chrome,Desktop,Germany,Organic Search,/blog,4934,3811,1123,5341,13238,0.2844,254.3,710,0.144,112463.9,22.7937
06-11-2025,Thursday,Firefox,Desktop,USA,Direct,/home,2266,1083,1183,2469,3988,0.5511,506.1,357,0.1577,43018.75,18.9844
23-03-2026,Monday,Safari,Mobile,India,Paid Search,/products,3140,2598,542,3507,7964,0.7382,60.2,415,0.1323,27836.96,8.8653
28-02-2026,Saturday,Safari,Mobile,UK,Social Media,/landing-promo,2580,2142,438,2793,6073,0.6396,145.1,154,0.0599,21496.89,8.3321
16-01-2026,Friday,Firefox,Desktop,UK,Organic Search,/contact,647,441,206,697,2633,0.6345,597,87,0.1347,10058.46,15.5463
20-02-2026,Friday,Chrome,Desktop,Canada,Organic Search,/pricing,632,462,170,712,2417,0.3614,512.8,94,0.1495,11809.52,18.6859
12-02-2026,Thursday,Edge,Desktop,India,Social Media,/blog,2675,2309,366,3008,11411,0.3947,410.9,105,0.0393,4697.84,1.7562
08-12-2025,Monday,Edge,Desktop,USA,Direct,/about,1945,1043,902,2234,6165,0.2574,670.6,303,0.1561,86483.61,44.4646
02-10-2025,Thursday,Chrome,Tablet,India,Referral,/products,3583,3099,484,3655,6113,0.3154,417,392,0.1095,26366.76,7.3589
12-02-2026,Thursday,Safari,Desktop,France,Social Media,/about,537,419,118,616,2034,0.4851,341.8,32,0.0601,2544.96,4.7392
12-03-2026,Thursday,Chrome,Desktop,India,Paid Search,/blog,3202,2511,691,3659,10783,0.6666,125.9,457,0.1429,25217.44,7.8755
09-01-2026,Friday,Safari,Mobile,Germany,Social Media,/pricing,3428,2633,795,3604,5822,0.4561,172.3,239,0.07,27710.2,8.0835
01-10-2025,Wednesday,Firefox,Mobile,UK,Direct,/pricing,1966,1001,965,2139,3408,0.6203,364.1,259,0.132,40861.09,20.7839
25-01-2026,Sunday,Chrome,Desktop,UAE,Email,/pricing,469,208,261,516,2215,0.3957,654.2,84,0.18,16217.18,34.5782
16-01-2026,Friday,Firefox,Desktop,India,Organic Search,/contact,3619,2286,1333,3781,16278,0.2946,163.3,470,0.1299,22279.95,6.1564
03-11-2025,Monday,Chrome,Desktop,UAE,Organic Search,/landing-promo,2179,1538,641,2255,3687,0.6449,432.4,344,0.1583,21593.04,9.9096
23-01-2026,Friday,Chrome,Desktop,USA,Paid Search,/blog,4690,3862,828,4970,20786,0.4177,598.8,805,0.1718,0,0
13-10-2025,Monday,Chrome,Mobile,USA,Organic Search,/landing-promo,2980,2244,736,3155,13510,0.6491,160.5,443,0.1489,102426.89,34.3714
05-12-2025,Friday,Chrome,Tablet,India,Organic Search,/products,3650,2529,1121,3662,9573,0.3348,181,365,0.1001,18533.43,5.0777
01-10-2025,Wednesday,Chrome,Mobile,Germany,Paid Search,/products,5060,4154,906,5464,7887,0.6205,122.9,769,0.152,34497.87,6.8178
27-11-2025,Thursday,Chrome,Desktop,Canada,Social Media,/home,692,552,140,696,831,0.498,248.8,42,0.062,8847.55,12.7855
13-11-2025,Thursday,Firefox,Desktop,UK,Paid Search,/products,4143,3174,969,4297,11782,0.6493,365.3,683,0.1649,63273.59,15.2724
24-01-2026,Saturday,Chrome,Mobile,Germany,Organic Search,/contact,2692,2037,655,3048,10376,0.5013,46.1,338,0.1256,72337.12,26.8711
11-11-2025,Tuesday,Edge,Desktop,UK,Direct,/about,4865,2467,2398,4875,12707,0.4786,159.1,738,0.1517,79510.64,16.3434
09-02-2026,Monday,Chrome,Mobile,Germany,Organic Search,/contact,4733,3514,1219,5076,22500,0.6222,296.5,673,0.1422,117744.44,24.8773
30-11-2025,Sunday,Chrome,Mobile,India,Organic Search,/blog,1928,1233,695,2161,8310,0.616,115.7,194,0.1007,11726.63,6.0823
20-03-2026,Friday,Safari,Desktop,Canada,Paid Search,/blog,768,586,182,837,3080,0.364,447.8,115,0.1507,10981.23,14.2985
25-12-2025,Thursday,Chrome,Desktop,USA,Social Media,/contact,2572,2016,556,2636,3145,0.5567,152,201,0.0784,25953.23,10.0907
19-02-2026,Thursday,Safari,Desktop,Germany,Organic Search,/pricing,3840,2324,1516,4126,5021,0.5922,318,581,0.1515,0,0
08-11-2025,Saturday,Chrome,Mobile,USA,Organic Search,/products,1231,761,470,1288,5009,2.0893,152.6,164,0.134,11028.13,8.9587
21-02-2026,Saturday,Chrome,Mobile,Germany,Direct,/products,1601,977,624,1727,3822,0.5872,150.6,225,0.1408,50649.96,31.6365
25-03-2026,Wednesday,Safari,Mobile,India,Organic Search,/products,3201,2530,671,3325,5820,0.5422,241.3,342,0.1071,12711.49,3.9711
07-01-2026,Wednesday,Safari,Desktop,France,Paid Search,/products,1580,1238,342,1792,3780,0.5314,361,221,0.1405,29908.74,18.9296
28-01-2026,Wednesday,Safari,mobile,USA,Direct,/about,4665,2649,2016,4811,10357,0.5524,207.3,724,0.1552,133378.83,28.5914
10-03-2026,Tuesday,Chrome,Desktop,India,Organic Search,/contact,1362,1081,281,1544,4952,0.2948,322.5,142,0.1044,2633.56,1.9336
03-11-2025,Monday,Chrome,Mobile,UK,Paid Search,/products,4297,3532,765,4802,14545,0.6082,187.3,699,0.1627,120940.96,28.1454
14-12-2025,Sunday,Chrome,Mobile,India,Paid Search,/about,2113,1737,376,2152,8964,0.6612,239.6,267,0.1268,12946.18,6.1269
19-10-2025,Sunday,Chrome,Mobile,USA,Referral,/about,1084,966,118,1220,2874,0.5413,238.9,140,0.1299,39117.01,36.0858
16-03-2026,Monday,,Desktop,Germany,Organic Search,/landing-promo,1259,881,378,1375,3829,0.3731,496.7,179,0.1422,44277.47,35.1688
30-09-2025,Tuesday,Chrome,Desktop,USA,Social Media,/pricing,1421,1116,305,1497,6136,0.4915,410,99,0.07,19269.68,13.5606
17-01-2026,Saturday,Chrome,Desktop,UAE,Organic Search,/blog,730,570,160,748,1137,0.3176,242.7,106,0.1461,9714.77,13.3079
02-03-2026,Monday,Chrome,,Germany,Social Media,/contact,2296,1796,500,2505,4453,0.495,161.3,151,0.0659,17135.34,7.4631
12-02-2026,Thursday,Chrome,Desktop,USA,Organic Search,/contact,4849,3309,1540,5313,15030,0.4988,413.4,761,0.157,183750.6,37.8945
26-12-2025,Friday,Safari,Desktop,UAE,Social Media,/about,1797,1531,266,1816,3208,0.6983,217.3,159,0.089,13595.53,7.5657
21-01-2026,Wednesday,Safari,Desktop,Germany,Paid Search,/landing-promo,6165,4764,1401,6759,14092,0.3425,,1038,0.1685,195517.85,31.7142
28-11-2025,Friday,Safari,Tablet,USA,Direct,/blog,4580,2796,1784,4586,9705,0.5799,395.8,727,0.1588,161036.11,35.1607
28-01-2026,Wednesday,Firefox,Mobile,Canada,Referral,/landing-promo,2768,2335,433,3145,10175,0.4988,199.7,310,0.112,31903.77,11.5259
21-03-2026,Saturday,Chrome,Desktop,USA,Direct,/pricing,554,314,240,564,1774,0.4636,288.3,90,0.1642,8137.64,14.6889
17-12-2025,Wednesday,Safari,Mobile,USA,Social Media,/products,1219,1051,168,1230,2760,0.7801,135.7,82,0.0675,21895.65,17.962
25-10-2025,Saturday,Firefox,Desktop,UAE,Organic Search,/about,1196,780,416,1308,4212,0.5096,148.3,188,0.1577,27678.26,23.1424
09-12-2025,Tuesday,Safari,Mobile,Germany,Organic Search,/pricing,4372,3164,1208,4455,9914,0.6469,110.6,579,0.1326,,22.0767
10-11-2025,Monday,Safari,Desktop,UK,Paid Search,/blog,1398,1216,182,1555,5796,0.5991,227.8,210,0.1505,35247.2,25.2126
17-03-2026,Tuesday,Firefox,Desktop,India,Social Media,/pricing,3771,3155,616,3983,16516,0.369,342.6,197,0.0525,6694.55,1.7753
18-12-2025,Thursday,Safari,Mobile,UAE,Organic Search,/pricing,5309,3307,2002,6100,23205,0.6179,249.6,770,0.1451,205603.24,38.7273
24-02-2026,Tuesday,Firefox,Desktop,France,Organic Search,/pricing,2403,1800,603,2466,4131,0.648,330.9,316,0.1318,37089.62,15.4347
26-10-2025,Sunday,Safari,Desktop,France,Paid Search,/about,555,442,113,587,1652,0.5128,473.4,87,0.1568,10893.64,19.6282
17-12-2025,Wednesday,Chrome,Tablet,UK,Organic Search,/landing-promo,2812,1725,1087,2851,5887,0.5559,105.8,364,0.1295,83415.56,29.6641
11-10-2025,Saturday,Safari,Mobile,France,Email,/contact,1648,838,810,1701,4689,0.453,120,266,0.1617,42675.17,25.8951
08-12-2025,Monday,Firefox,Desktop,India,Direct,/contact,5001,2593,2408,5559,8702,0.5189,346.6,696,0.1392,51529.23,10.3038
22-10-2025,Wednesday,Chrome,,USA,Direct,/blog,5239,2393,2846,5390,8626,0.3107,285.3,884,0.1689,248666.03,47.4644
13-01-2026,Tuesday,Chrome,Mobile,USA,Organic Search,/products,1971,1236,735,2134,6467,0.4125,178.1,264,0.1343,40361.04,20.4774
29-09-2025,Monday,Chrome,Desktop,UAE,direct,/about,5193,2333,2860,5695,6962,0.2578,182.8,906,0.1745,201171.15,38.7389
27-02-2026,Friday,Chrome,Tablet,India,Direct,/pricing,1304,524,780,1347,4433,0.5608,383.7,132,0.1018,13760.57,10.5526
17-10-2025,Friday,Chrome,Mobile,USA,Direct,/landing-promo,489,275,214,516,1266,0.5595,278.8,74,0.1529,21400.95,43.7647
09-12-2025,Tuesday,Chrome,Tablet,USA,Direct,/home,4098,1834,2264,4236,12760,0.3483,459.9,634,0.1548,195582.76,47.7264
17-12-2025,Wednesday,Chrome,Desktop,Canada,Direct,/about,494,276,218,534,1762,0.3953,243.8,76,0.1551,14955.94,30.2752
12-01-2026,Monday,Firefox,Desktop,USA,Social Media,/landing-promo,3113,2797,316,3503,10596,0.5485,343.1,261,0.0841,0,0
26-01-2026,Monday,Chrome,Tablet,India,Direct,/products,1530,877,653,1581,4473,0.3577,508.7,172,0.113,16406.04,10.7229
09-12-2025,Tuesday,Firefox,Mobile,France,Paid Search,/contact,4610,3899,711,4781,14156,0.5303,254.8,654,0.142,105883.87,22.9683
28-01-2026,Wednesday,Chrome,Desktop,UK,Paid Search,/contact,2824,2218,606,3107,12669,0.6625,459,428,0.1519,82545.01,29.2298
17-02-2026,Tuesday,Safari,Mobile,USA,Paid Search,/home,4094,3393,701,4503,12023,0.5982,196.7,723,0.1767,57001.25,13.9231
09-10-2025,Thursday,Safari,Tablet,Germany,Direct,,3770,1961,1809,4013,17630,0.2494,318,571,0.1516,74906.29,19.869
10-10-2025,Friday,Chrome,Desktop,UK,Direct,/pricing,2311,1321,990,2584,4611,0.2658,667.2,346,0.1501,73523.85,31.8147
02-02-2026,Monday,Firefox,Desktop,Germany,organic search,/contact,681,409,272,712,2285,0.6561,179.3,98,0.1441,21138.79,31.0408
26-10-2025,Sunday,Safari,Mobile,USA,Organic Search,/landing-promo,2233,1641,592,2245,4843,0.6459,123.4,310,0.1391,38968.85,17.4513
30-10-2025,Thursday,Chrome,Tablet,UAE,Organic Search,/home,4593,3322,1271,5229,6348,0.4578,248.7,682,0.1485,169161.25,36.8302
10-03-2026,Tuesday,Chrome,Desktop,India,Email,/home,2885,1240,1645,2971,9939,0.2269,221,433,0.1504,-2707.21,3.5162
05-12-2025,Friday,Chrome,Desktop,Canada,Social Media,/blog,1337,1041,296,1470,4826,0.4229,212.2,100,0.0751,17692.17,13.2327
16-12-2025,Tuesday,Chrome,Desktop,India,Paid Search,/pricing,4909,3882,1027,5588,20931,0.4555,461.9,678,0.1383,75119.52,15.3024
04-10-2025,Saturday,Firefox,Desktop,France,Direct,/blog,797,469,328,845,3239,0.4297,538,114,0.1432,17701.83,22.2106
12-03-2026,Thursday,Safari,Desktop,India,Paid Search,/about,5491,4145,1346,5611,17212,0.5724,241.2,803,0.1463,13319.21,2.4256
17-03-2026,Tuesday,Chrome,Desktop,UAE,Direct,/products,1373,646,727,1388,2387,0.3107,280.8,230,0.1681,37314.39,27.1773
21-03-2026,Saturday,Chrome,Desktop,France,Direct,/blog,2794,1459,1335,2922,6490,0.4095,729.4,405,0.1453,42562.23,15.2334
24-12-2025,Wednesday,Chrome,Mobile,UK,Paid Search,/home,2497,2222,275,2616,7379,0.7833,86.6,371,0.1486,92333.35,36.9777
06-02-2026,Friday,Chrome,Desktop,Japan,Direct,/about,4251,2092,2159,4520,6481,0.3773,243,645,0.1519,155379.34,36.5512
26-11-2025,Wednesday,Chrome,DESKTOP,USA,Direct,/home,2619,1435,1184,2622,5070,0.2388,250.2,415,0.1588,40526.91,15.4742
20-10-2025,Monday,Safari,Tablet,Germany,Email,/landing-promo,598,278,320,636,2369,0.3298,490.3,103,0.173,17457.47,29.1931
04-03-2026,Wednesday,Chrome,Desktop,USA,Email,/home,712,311,401,757,2936,0.3329,209.8,128,0.18,33292.01,46.7584
12-03-2026,Thursday,Chrome,Desktop,India,Direct,/landing-promo,5732,3455,2277,5825,9635,0.5169,667.2,801,0.1399,79957.62,13.9493
27-11-2025,Thursday,Chrome,Desktop,India,Email,/landing-promo,3184,1680,1504,3449,6149,0.3232,395.8,518,0.1629,46210.1,14.5132
21-12-2025,Sunday,Chrome,Mobile,USA,Social Media,/landing-promo,702,543,159,743,2649,0.604,207.9,46,0.0669,6345.16,9.0387
11-11-2025,Tuesday,Chrome,Desktop,USA,Paid Search,/pricing,4708,3923,785,4871,13211,0.6689,316.1,814,0.173,248263.3,52.7322
12-01-2026,Monday,Chrome,Desktop,India,social media,/products,393,335,58,433,1377,0.4618,142.4,16,0.041,429.32,1.0924
05-03-2026,Thursday,Chrome,,Germany,Social Media,/pricing,2736,2380,356,2779,11026,0.4088,352.4,204,0.0749,14188.85,5.186
23-10-2025,Thursday,Chrome,Desktop,UAE,Direct,/pricing,4307,1883,2424,4949,14261,0.4263,449.7,774,0.1798,125525.67,29.1446
18-03-2026,Wednesday,Chrome,Desktop,India,Organic Search,/blog,3451,2724,727,3911,11804,0.4413,170.1,416,0.1207,8614.55,2.4962
28-12-2025,Sunday,Chrome,DESKTOP,India,Paid Search,/about,4113,3429,684,4343,7640,0.4274,189.8,583,0.1418,17564.01,4.2704
24-10-2025,Friday,Edge,Mobile,UK,Organic Search,/about,879,695,184,1009,2287,0.6419,216.8,112,0.1278,19998.95,22.7519
18-11-2025,Tuesday,Firefox,Desktop,india,Organic Search,/about,4662,3407,1255,4708,15571,0.5145,544,514,0.1103,25163.69,5.3976
12-01-2026,Monday,Chrome,Mobile,India,Direct,/blog,3483,2097,1386,3691,8267,0.5696,119.9,396,0.1139,31718.6,9.1067
10-01-2026,Saturday,Chrome,Desktop,UK,Paid Search,/contact,3057,2587,470,3082,12311,0.5051,234.4,497,0.1626,43650.11,14.2787
11-03-2026,Wednesday,Chrome,Desktop,Germany,Email,/pricing,3028,1591,1437,3376,6673,0.2432,285.5,545,0.18,29689.85,9.8051
17-02-2026,Tuesday,Chrome,Desktop,USA,Organic Search,/about,2748,2041,707,2882,6606,0.3641,177.2,386,0.1406,89048.06,32.4047
26-12-2025,Friday,Chrome,Mobile,UK,Paid Search,/products,4647,4090,557,4714,14638,0.4124,185.1,713,0.1535,0,0
20-02-2026,Friday,Chrome,Desktop,USA,Paid Search,/blog,1024,882,142,1108,3970,0.5709,164.4,168,0.1648,23259.03,22.7139
15-01-2026,Thursday,Safari,Desktop,USA,Organic Search,/blog,566,452,114,630,2496,0.4724,128.6,87,0.1547,23872.25,42.1771
24-11-2025,Monday,Safari,Mobile,France,Social Media,/contact,1496,1165,331,1527,7059,0.7673,204.6,83,0.0561,6251.48,4.1788
08-12-2025,Monday,Chrome,Tablet,France,Social Media,/about,619,466,153,660,2295,0.7457,113.3,28,0.0463,5938.57,9.5938
28-02-2026,Saturday,Firefox,Desktop,USA,Organic Search,/pricing,2874,2252,622,3267,5212,0.4869,128.4,425,0.148,40447.42,14.0736
08-03-2026,Sunday,Safari,Desktop,France,Social Media,/home,1231,1003,228,1298,1551,0.722,435.7,80,0.0654,9746.15,7.9173
18-12-2025,Thursday,Safari,mobile,USA,Social Media,/pricing,2431,2168,263,2514,9485,0.7103,82,190,0.0784,54399.58,22.3774
07-01-2026,Wednesday,Chrome,Desktop,UAE,Direct,/home,4294,2512,1782,4785,14465,0.4506,679,744,0.1733,0,0
20-03-2026,Friday,Safari,Mobile,USA,Email,/pricing,753,423,330,856,1704,,296.9,133,0.1769,24716.74,32.8244
23-03-2026,Monday,Chrome,Desktop,France,Email,/landing-promo,1613,857,756,1631,4635,0.556,178.4,281,0.1748,14629.49,9.0697
15-02-2026,Sunday,Chrome,Desktop,Germany,Email,/landing-promo,1476,643,833,1538,4575,0.4786,248.8,262,0.1779,53657.18,36.3531
25-03-2026,Wednesday,Firefox,Tablet,UAE,Organic Search,/blog,1958,1176,782,2242,5877,0.3342,332.4,290,0.1486,58104.07,29.6752
07-01-2026,Wednesday,Chrome,DESKTOP,UK,Social Media,/products,3276,2890,386,3381,9263,0.6085,300.1,247,0.0756,59410.42,18.135
05-01-2026,Monday,Firefox,Desktop,France,Organic Search,/landing-promo,1966,1255,711,2101,6590,0.5592,400.8,260,0.1326,21302.23,10.8353
21-10-2025,Tuesday,Chrome,Desktop,USA,Organic Search,/landing-promo,2928,2046,882,3112,13127,0.5675,194.6,457,0.1562,115482.55,39.4408
24-12-2025,Wednesday,Chrome,Mobile,Japan,Paid Search,/home,5986,5138,848,6419,8576,0.5258,217.8,909,0.1519,165449.44,27.6394
08-03-2026,Sunday,Firefox,Desktop,USA,Direct,/about,627,401,226,657,2865,0.4377,769.5,105,0.1684,26738.86,42.6457
23-03-2026,Monday,Firefox,Desktop,USA,Organic Search,/home,2892,2172,720,3242,3960,0.2954,557.2,409,0.1417,81946.47,28.3356
23-12-2025,Tuesday,Chrome,Desktop,USA,Paid Search,/contact,6370,4823,1547,6928,16386,0.6945,271.7,1117,0.1755,-2441.59,43.6467
10-03-2026,Tuesday,Firefox,Mobile,USA,Social Media,/landing-promo,2022,1728,294,2174,3978,0.5545,63.5,145,0.0722,12451.44,6.158
09-02-2026,Monday,Safari,Desktop,USA,Direct,/products,1350,624,726,1548,3476,0.2615,732.1,213,0.1585,61331.47,45.4307
21-01-2026,Wednesday,Chrome,Mobile,India,Social Media,/landing-promo,3495,2683,812,3944,15940,0.4987,205.1,139,0.04,12177.75,3.4843
17-10-2025,Friday,Chrome,Desktop,UAE,Direct,/pricing,3386,1545,1841,3772,7751,0.3263,379.5,589,0.1741,138761.64,40.981
20-10-2025,Monday,Safari,Desktop,Germany,Direct,/about,1760,991,769,1768,2215,0.3698,671,258,0.1466,23634.84,13.4289
17-02-2026,Tuesday,Chrome,Mobile,USA,Paid Search,/pricing,539,455,84,602,1989,0.6684,274.1,81,0.1508,7530.75,13.9717
12-10-2025,Sunday,Chrome,Mobile,UAE,Email,/blog,1200,537,663,1312,4526,0.4528,235.5,216,0.18,40793.33,33.9944
16-12-2025,Tuesday,Chrome,Desktop,USA,Social Media,/about,2706,2408,298,2963,7053,0.6938,344.7,227,0.084,55631.52,20.5586
13-02-2026,Friday,Chrome,Mobile,India,Organic Search,/pricing,4902,3272,1630,5014,20703,0.4657,120.1,549,0.112,10052.18,2.0506
26-01-2026,Monday,Chrome,Desktop,Japan,Paid Search,/contact,3231,2512,719,3274,3936,0.5381,573.8,528,0.1637,87067.78,26.9476
26-01-2026,Monday,Chrome,Mobile,India,Social Media,/landing-promo,1048,927,121,1169,104,0.8077,104.3,25,0.0247,1719.72,1.641
04-12-2025,Thursday,Chrome,Tablet,UAE,Organic Search,/landing-promo,5007,3462,1545,5015,21916,0.3058,94.8,712,0.1423,132647.72,26.4925
03-03-2026,Tuesday,Chrome,Desktop,Japan,Social Media,/contact,2812,2423,389,3212,12234,0.3764,396.5,203,0.0725,15503.16,5.5132
07-12-2025,Sunday,Firefox,Desktop,USA,Organic Search,/contact,1336,994,342,1420,2497,0.3743,128.3,199,0.1496,35639.44,26.6762
20-02-2026,Friday,Chrome,Desktop,UAE,Direct,/landing-promo,1722,936,786,1976,4380,0.5428,474.8,289,0.1682,13793.59,8.0102
02-01-2026,Friday,Chrome,Desktop,India,Paid Search,/contact,3240,2624,616,3271,12052,0.626,289.9,421,0.13,49618.83,15.3145
04-12-2025,Thursday,Safari,Mobile,USA,Paid Search,/products,5000,4161,839,5287,18645,0.5099,203.2,867,0.1734,233832.78,46.7666
22-01-2026,Thursday,Chrome,Desktop,canada,Direct,/home,2118,855,1263,2401,5792,0.3225,646.6,304,0.1437,43515.91,20.5458
03-12-2025,Wednesday,Chrome,Mobile,USA,Direct,/blog,1863,1171,692,1918,6818,0.352,148.9,281,0.1513,54480.59,29.2435
20-12-2025,Saturday,Chrome,Desktop,India,Organic Search,/blog,1887,1300,587,1941,5773,0.3565,315.1,197,0.1048,15915.61,8.4343
15-02-2026,Sunday,Chrome,Desktop,USA,Paid Search,/pricing,3948,3493,455,4093,15384,0.5611,318.2,710,0.18,150720.3,38.1764
24-02-2026,Tuesday,Chrome,Desktop,USA,Paid Search,/blog,4247,3377,870,4446,17768,0.6037,450.5,764,0.18,140840.71,33.1624
10-02-2026,Tuesday,Chrome,Mobile,Canada,Social Media,/blog,1736,1341,395,1839,6940,0.489,184.2,96,0.0554,25052.68,14.4313
04-11-2025,Tuesday,Chrome,Mobile,Canada,Direct,/home,3446,1595,1851,3958,7362,0.3027,201,499,0.145,100532.56,29.1737
13-01-2026,Tuesday,Chrome,Desktop,India,Direct,/about,4510,2482,2028,4733,20853,0.4962,465,570,0.1266,53360.25,11.8315
14-03-2026,Saturday,Safari,Desktop,USA,Paid Search,/products,2764,2250,514,2974,9894,0.4447,311.7,482,0.1744,72017.04,26.0554
09-12-2025,Tuesday,Safari,Desktop,France,Direct,/products,1340,713,627,1440,4284,0.2808,777.1,177,0.1322,29798.84,22.2379
16-11-2025,Sunday,Safari,Desktop,India,Paid Search,/contact,2212,1941,271,2406,8730,0.6718,261.2,276,0.1249,10588.67,4.7869
03-01-2026,Saturday,Chrome,Desktop,UAE,Referral,/blog,2078,1831,247,2100,2712,0.5342,568.8,288,0.1388,64322.57,30.9541
03-01-2026,Saturday,Chrome,Tablet,USA,Organic Search,/products,2417,1865,552,2716,11489,0.4355,95.2,326,0.1349,93028.35,38.4892
07-03-2026,Saturday,Safari,Desktop,France,Organic Search,/blog,936,647,289,1040,2117,0.3303,183.4,130,0.1394,28638.79,30.597
07-01-2026,Wednesday,Safari,Desktop,USA,Organic Search,/contact,3963,2934,1029,4467,16122,0.378,424.3,664,0.1677,199807.73,50.4183
12-03-2026,Thursday,Safari,,UK,Social Media,/products,2765,2090,675,2812,5693,0.6384,149.4,149,0.0542,13632.56,4.9304
22-01-2026,Thursday,Safari,Desktop,India,Organic Search,/blog,955,730,225,1076,4428,0.3824,597.6,101,0.1068,3474.52,3.6382
21-10-2025,Tuesday,Chrome,Mobile,Germany,Organic Search,/contact,3900,3085,815,4470,14885,0.5528,185.3,520,0.1334,129714.89,33.2602
11-01-2026,Sunday,Chrome,Desktop,UK,Paid Search,/home,1442,1105,337,1573,2477,0.6075,138.6,225,0.1566,53923.28,37.3948
18-12-2025,Thursday,Chrome,Desktop,USA,Organic Search,/home,3032,2064,968,3309,11586,0.4443,322,487,0.1608,94930.56,31.3096
29-11-2025,Saturday,Chrome,Desktop,USA,Direct,/pricing,2804,1786,1018,3175,8060,0.4153,394.4,473,0.169,134585.73,47.9978
10-07-2025,Tuesday,Chrome,Tablet,India,Social Media,/pricing,1321,1014,307,1431,2634,0.6009,184.1,35,0.027,3619.7,2.7401
04-02-2026,Wednesday,Chrome,Desktop,Japan,Organic Search,/pricing,2097,1391,706,2361,8708,0.4787,514.4,308,0.1472,39530.96,18.8512
05-01-2026,Monday,Chrome,Desktop,India,Paid Search,/home,4252,3454,798,4298,11484,0.5115,567.1,567,0.1335,33728.2,7.9323
18-03-2026,Wednesday,Chrome,Desktop,UK,Organic Search,/pricing,4966,3354,1612,5156,15121,0.4755,305.3,752,0.1516,133335.79,26.8497
11-01-2026,Sunday,Safari,Mobile,France,Organic Search,/contact,3702,2746,956,4221,13929,0.5631,204.2,469,0.1269,104218.7,28.152
07-10-2025,Tuesday,Chrome,Desktop,Germany,Organic Search,/pricing,445,340,105,485,1065,0.5826,283.6,64,0.146,3119.75,7.0107
26-02-2026,Thursday,Chrome,Mobile,USA,Organic Search,/products,5206,3276,1930,5528,9266,0.3975,296.8,792,0.1523,178650.06,34.3162
15-02-2026,Sunday,Chrome,Desktop,Japan,Direct,/home,1432,810,622,1506,2040,0.3087,226.5,216,0.1509,11815.28,8.2509
12-01-2026,Monday,Chrome,Desktop,USA,Organic Search,/pricing,1607,1064,543,1676,3972,0.6287,448.5,247,0.1543,52930.36,32.9374
11-12-2025,Thursday,Chrome,Mobile,UAE,Direct,/landing-promo,1655,1032,623,1889,5649,0.445,286.3,234,0.1416,44778.46,27.0565
24-10-2025,Friday,Chrome,Mobile,Canada,Direct,/landing-promo,2869,1640,1229,3079,9377,0.4729,370.7,411,0.1436,73782.79,25.7172
23-03-2026,Monday,Safari,Desktop,Canada,Organic Search,/about,1488,1114,374,1511,372,0.5959,446.9,200,0.1347,54757.04,36.7991
22-01-2026,Thursday,Safari,Desktop,France,Paid Search,/about,1651,1303,348,1658,2208,2.4615,193.5,259,0.1574,31880.98,19.3101
28-11-2025,Friday,Chrome,MOBILE,Germany,Paid Search,/blog,2106,1800,306,2204,9625,0.7535,110.6,316,0.1504,33514.54,15.9138
28-01-2026,Wednesday,Safari,Desktop,USA,Direct,/products,1736,850,886,1883,2974,0.3369,726.2,273,0.1574,63145.54,36.3742
08-03-2026,Sunday,Chrome,Desktop,Japan,Organic Search,/about,3011,2166,845,3402,10557,0.6036,338,453,0.1506,48980.19,16.2671
07-03-2026,Saturday,Safari,Desktop,Germany,Organic Search,/home,2235,1448,787,2244,3199,0.3539,352.9,290,0.1302,73841.77,33.0388
22-12-2025,Monday,Firefox,Desktop,Japan,Organic Search,/products,2537,1655,882,2670,7668,0.5008,510.4,352,0.1391,18039.1,7.1104
05-12-2025,Friday,Safari,,India,Organic Search,/blog,4106,2847,1259,4430,12114,0.3846,218,434,0.1058,44274.53,10.7829
17-10-2025,Friday,Safari,tab,Canada,Organic Search,/about,4354,3436,918,4635,16267,0.5436,227.6,594,0.1366,82752.17,19.006
25-10-2025,Saturday,Chrome,Desktop,France,Paid Search,/landing-promo,1822,1470,352,1961,3012,0.4722,351.1,261,0.1437,10185.69,5.5904
10-02-2026,Tuesday,Chrome,desktop,France,Direct,/pricing,776,423,353,844,1366,0.4797,492.8,112,0.1453,10469.41,13.4915
19-03-2026,Thursday,Chrome,Mobile,France,Organic Search,/contact,2312,1789,523,2408,10920,0.5932,262.4,274,0.1188,59018.66,25.5271
05-01-2026,Monday,Chrome,Mobile,USA,Organic Search,/about,2184,1432,752,2186,7276,0.6971,173.5,295,0.1352,36789.81,16.8452
16-03-2026,Monday,Chrome,Desktop,India,Social Media,/about,2441,2155,286,2538,3067,0.4107,258.9,76,0.0313,3952.37,1.6192
31-12-2025,Wednesday,Chrome,Desktop,Germany,Paid Search,/products,1727,1471,256,1931,8245,0.5976,581.6,283,0.1642,17341.9,10.0416
09-12-2025,Tuesday,Firefox,Tablet,USA,Organic Search,/home,2279,1608,671,2475,6973,0.4166,366.8,297,0.1307,48264.48,21.1779
26-02-2026,Thursday,Chrome,Mobile,UK,Organic Search,/pricing,2700,2024,676,2997,11253,0.545,291.9,364,0.1351,20516.14,7.5986
25-03-2026,Wednesday,Firefox,Mobile,India,Direct,/pricing,1007,414,593,1020,4811,0.6577,254.3,103,0.1031,4821.01,4.7875
12-14-2025,Sunday,Chrome,Mobile,France,Organic Search,/home,323,215,108,329,888,0.5245,187.5,37,0.1171,6153.95,19.0525
19-10-2025,Sunday,Chrome,Mobile,UAE,Paid Search,/about,3650,2765,885,3708,13291,0.3837,194.1,652,0.1787,100111.54,27.4278
01-10-2025,Wednesday,Chrome,Desktop,UK,Paid Search,/home,5893,4794,1099,6202,28086,0.4203,161.4,1021,0.1733,75648.94,12.8371
24-11-2025,Monday,Chrome,Desktop,USA,Direct,/contact,2572,1650,922,2675,9680,0.6006,500.4,387,0.1508,60841.43,23.6553
24-10-2025,Friday,Safari,Mobile,Germany,Organic Search,/blog,3790,2994,796,4237,5992,0.5834,281,519,0.1372,90436.93,23.862
30-09-2025,Tuesday,Chrome,Mobile,France,Direct,/home,5448,3361,2087,5494,16432,0.3264,98.8,801,0.1472,104187.58,19.124
08-03-2026,Sunday,Firefox,Desktop,USA,Organic Search,/blog,929,637,292,1034,1624,0.6334,130.4,137,0.1475,21110.24,22.7236
02-10-2025,Thursday,Safari,Desktop,UK,Direct,/contact,830,396,434,908,1089,0.3116,365.8,117,0.141,14807.56,17.8404
23-10-2025,Thursday,Chrome,Desktop,Japan,Organic Search,/contact,2211,1608,603,2364,6312,0.5234,306.4,329,0.149,59649.46,26.9785
23-02-2026,Monday,Safari,Desktop,UK,Social Media,/blog,798,653,145,811,1521,0.3934,185.1,51,1.8181,9044.46,11.3339
01-11-2025,Saturday,Safari,Desktop,USA,Organic Search,/blog,411,251,160,471,1007,0.601,424.1,64,0.1561,15565.31,37.8718
12-01-2026,Monday,Chrome,Tablet,India,Paid Search,/blog,5904,4673,1231,6220,8330,0.6042,146.1,781,0.1323,55384.28,9.3808
18-03-2026,Wednesday,Chrome,Mobile,USA,Direct,/pricing,3264,2054,1210,3621,7699,0.3735,147.2,526,0.1612,130678.76,40.0364
04-10-2025,Saturday,Safari,Desktop,India,Social Media,/landing-promo,1452,1300,152,1599,4405,0.6975,229.3,68,0.0475,5470.22,3.7674
25-02-2026,Wednesday,Chrome,Mobile,India,Direct,/blog,756,438,318,844,3526,0.4838,237.4,79,0.1053,8186.13,10.8282
22-10-2025,Wednesday,Safari,Desktop,USA,Social Media,/pricing,3430,2673,757,3839,6705,0.6206,219.6,304,0.0887,31875.84,9.2932
26-10-2025,Sunday,Safari,,India,Social Media,/products,607,461,146,643,823,0.6548,372.2,27,0.0454,1007.49,1.6598
06-03-2026,Friday,Firefox,Desktop,Canada,Paid Search,/products,3770,3242,528,4232,11790,0.6976,316.6,676,0.1795,37954,10.0674
25-11-2025,Tuesday,Chrome,Mobile,UK,Email,/landing-promo,2184,942,1242,2436,8669,0.5076,339.4,375,0.1721,23958.17,10.9699
15-11-2025,Saturday,Firefox,Desktop,USA,Social Media,/blog,1257,1023,234,1295,3005,0.4059,263.5,109,0.087,27679.48,22.0203
27-11-2025,Thursday,Safari,Mobile,Japan,Direct,/contact,1248,688,560,1314,3363,0.4072,73.7,181,0.1456,27677.07,22.1771
06-11-2025,Thursday,Chrome,Mobile,Germany,Organic Search,/home,3840,2334,1506,3960,15057,0.4995,213.8,537,0.1401,106288.76,27.6794
30-09-2025,Tuesday,Chrome,Desktop,Germany,Organic Search,/pricing,2608,1798,810,2849,5293,0.4882,248,382,0.1468,57138.12,21.9088
02-12-2025,Tuesday,Chrome,Desktop,USA,Social Media,/about,1785,1530,255,1959,5848,0.5754,443.2,136,0.0765,35222.76,19.7326
17-01-2026,Saturday,Chrome,Desktop,Germany,Referral,/about,1550,1350,200,1660,3030,0.2635,195.1,188,0.1213,38484.19,24.8285
05-01-2026,Monday,Firefox,Mobile,UK,Organic Search,/products,1008,631,377,1153,3713,0.4758,165.3,137,0.1368,10877.57,10.7912
29-10-2025,Wednesday,Safari,Desktop,Canada,Organic Search,/contact,440,326,114,443,921,0.6383,554.2,61,0.1407,8944.52,20.3285
03-02-2026,Tuesday,Chrome,Desktop,India,Social Media,/landing-promo,1276,970,306,1338,1543,0.465,154,57,0.0449,5255.88,4.119
01-11-2025,Saturday,Firefox,Tablet,Canada,Email,/pricing,300,120,180,319,1399,0.4948,541.8,51,0.1716,12634.55,42.1152
05-12-2025,Friday,Chrome,Desktop,Germany,Organic Search,/about,532,340,192,542,2463,0.6274,528.4,79,0.149,7861.44,14.7771
24-03-2026,Tuesday,Chrome,Desktop,India,Organic Search,/blog,4602,2846,1756,5216,21812,0.538,180.5,516,0.1123,44401.46,9.6483
05-01-2026,Monday,Firefox,Desktop,India,Social Media,/products,3458,2999,459,3818,10385,0.4101,413.6,151,0.0439,7297.74,2.1104
21-01-2026,Wednesday,Chrome,Mobile,USA,Direct,/products,4364,2449,1915,4662,20368,0.3838,96.2,738,0.1692,110789.29,25.3871
24-03-2026,Tuesday,Chrome,Desktop,India,Organic Search,/about,5341,3562,1779,5424,7216,0.2616,568.6,605,0.1133,47082.52,8.8153
07-10-2025,Tuesday,Chrome,Mobile,India,Organic Search,/landing-promo,5414,4039,1375,5994,7821,0.6458,205.9,541,0.1001,50710.29,9.3665
26-11-2025,Wednesday,Chrome,Desktop,USA,Referral,/home,2269,1904,365,2540,7764,0.4834,304.7,310,0.137,87341.62,38.4934
12-10-2025,Sunday,Firefox,Desktop,UAE,Social Media,/about,1343,1143,200,1446,3662,0.5816,448.5,99,0.0744,11551.28,8.6011
29-01-2026,Thursday,Safari,Desktop,USA,Social Media,/landing-promo,4234,3796,438,4425,7990,0.5454,276.4,352,0.0833,97720.48,23.0799
27-10-2025,Monday,Chrome,Desktop,USA,organic,/about,4549,3476,1073,4552,5567,0.3897,456.8,726,0.1598,61956.03,13.6197
18-03-2026,Wednesday,Safari,Desktop,India,Social Media,/home,418,362,56,480,1191,0.7584,144.2,14,0.0353,1516.85,3.6288
04-12-2025,Thursday,Firefox,Mobile,USA,Organic Search,/home,5009,3970,1039,5619,17400,0.57,99.3,727,0.1452,151895.05,30.3244
15-03-2026,Sunday,Chrome,Mobile,India,Paid Search,/products,958,839,119,1006,2531,0.6251,225.2,123,0.1293,2879.49,3.0057
06-10-2025,Monday,Safari,Desktop,Japan,Direct,/contact,858,361,497,858,2129,0.5357,477.1,128,0.1502,9832.83,11.4602
19-02-2026,Thursday,Chrome,Desktop,Germany,Organic Search,/products,3026,1955,1071,3228,9735,0.3666,248.3,433,0.1434,54316.15,17.9498
31-10-2025,Friday,Safari,Desktop,Germany,Social Media,/contact,3690,2963,727,3843,15134,0.5882,172.5,274,0.0744,38786.46,10.5112
24-12-2025,Wednesday,Chrome,Tablet,UAE,Organic Search,/pricing,4313,2624,1689,4721,20451,0.6496,84.6,626,0.1452,0,0
06-12-2025,Saturday,Firefox,Tablet,UK,Social Media,/landing-promo,611,545,66,696,1471,0.5941,165.5,35,0.0577,1820.88,2.9802
30-12-2025,Tuesday,Safari,Desktop,UAE,Organic Search,/home,569,347,222,599,1795,0.6425,135.4,87,0.154,7077.7,12.4388
23-11-2025,Sunday,Firefox,Mobile,India,Social Media,/products,1895,1533,362,1996,5431,0.5498,76.6,69,0.0368,2135.87,1.1271
08-11-2025,Saturday,,Desktop,France,Direct,/blog,2971,1362,1609,3371,5497,0.6142,122.3,386,0.1302,53018.97,17.8455
06-11-2025,Thursday,Chrome,Desktop,Canada,Paid Search,/landing-promo,1118,849,269,1162,3172,0.419,531.8,173,0.1553,34224.51,30.6123
08-01-2026,Thursday,Safari,Desktop,France,Direct,/pricing,4418,2856,1562,4714,10106,0.2751,728.9,695,0.1574,59562.27,13.4817
29-09-2025,Monday,Edge,Desktop,UK,Email,/landing-promo,1330,595,735,1392,4726,0.563,513,239,0.18,30516.44,22.9447
31-10-2025,Friday,Chrome,Mobile,Japan,Direct,/pricing,3236,1406,1830,3580,11857,0.4677,122.2,492,0.1523,60205.52,18.6049
13-12-2025,Saturday,Chrome,Desktop,USA,Paid Search,/home,2018,1577,441,2068,4779,0.4404,177.4,323,0.1602,85132.57,42.1866
20-11-2025,Thursday,Safari,Desktop,India,Social Media,/home,1273,1094,179,1365,3177,0.579,424.2,43,0.0344,2978.16,2.3395
19-02-2026,Thursday,Chrome,Mobile,Japan,Paid Search,/home,1693,1329,364,1894,5629,0.7804,75,249,0.1472,52337.65,30.9141
20-02-2026,Friday,Firefox,Mobile,Germany,Organic Search,/products,1437,1148,289,1643,2600,0.671,297.4,187,0.1305,42297.61,29.4347
17-11-2025,Monday,Chrome,MOBILE,USA,Direct,/home,1079,530,549,1111,2749,0.2938,279.4,153,0.1418,11861.02,10.9926
26-10-2025,Sunday,Chrome,Desktop,India,Email,/contact,1189,522,667,1279,4688,0.2426,532.7,178,0.1502,8260.57,6.9475
17-03-2026,Tuesday,Chrome,Mobile,Japan,Paid Search,/blog,4918,3943,975,4918,15602,0.5063,192.9,783,0.1593,62657.88,12.7405
18-12-2025,Thursday,Chrome,Desktop,UAE,Direct,/blog,5331,3408,1923,6129,12413,0.3061,507.6,890,0.1671,159279.57,29.878
22-11-2025,Saturday,Chrome,Tablet,India,Social Media,/contact,734,635,99,803,2695,0.6345,205.1,20,0.0281,986.79,1.3444
10-03-2026,Tuesday,Chrome,Mobile,USA,Organic Search,/pricing,4517,2908,1609,4549,17798,0.5618,47.2,703,0.1558,165898.45,36.7276
12-10-2025,Sunday,Chrome,Mobile,,Direct,/landing-promo,2981,1833,1148,3093,6345,0.6097,222.4,303,0.1018,7216.85,2.4209
07-03-2026,Saturday,Chrome,Mobile,Japan,Organic Search,/about,398,261,137,408,787,0.4586,228.6,51,0.1292,10683.71,26.8435
12-03-2026,Thursday,Safari,Desktop,India,Organic Search,/blog,623,486,137,628,2719,0.4829,447.7,62,0.1,1124.57,1.8051
09-01-2026,Friday,Chrome,Mobile,India,Organic Search,/contact,3558,2396,1162,3571,9644,0.3716,297.4,384,0.108,0,0
12-01-2026,Monday,Chrome,Desktop,USA,Paid search,/products,5524,4353,1171,5621,23796,0.4151,347.2,994,0.18,318548.1,57.6662
04-02-2026,Wednesday,Safari,Desktop,UAE,Social Media,/home,3476,2901,575,3807,16194,0.6915,353.4,329,0.0947,40549.6,11.6656
31-01-2026,Saturday,Chrome,Desktop,UAE,Paid Search,/home,3585,2817,768,3811,10010,0.5835,158.5,642,0.1792,174829.98,48.7671
10-01-2026,Saturday,Safari,Desktop,UAE,Referral,/products,1521,1209,312,1732,3962,0.5641,256.9,219,0.1446,45118.82,29.6639
21-10-2025,Tuesday,Firefox,Desktop,USA,Paid Search,/about,1226,1033,193,1295,4313,0.617,473.3,211,0.1728,65735.99,53.6183
28-12-2025,Sunday,Chrome,Mobile,Canada,Organic Search,/home,2427,1794,633,2756,5668,0.4956,89.7,330,0.136,72126.44,29.7184
12-12-2025,Friday,Safari,Tablet,Germany,Direct,/home,2519,1574,945,2608,8457,0.5141,471.4,354,0.1408,87911.48,34.8994
06-10-2025,Monday,Chrome,Desktop,France,Organic Search,/contact,3111,2156,955,3550,7563,0.4193,171.8,424,0.1363,99617.79,32.0211
04-11-2025,Tuesday,Safari,Mobile,UK,Paid Search,/about,3211,2615,596,3483,5551,0.5264,271.3,532,0.1658,154222.67,48.0295
06-10-2025,Monday,Edge,Desktop,USA,Paid Search,/home,777,689,88,796,1166,0.6269,425.8,135,0.1738,35975.01,46.2999
14-11-2025,Friday,Chrome,Mobile,Germany,Organic Search,/contact,4878,3544,1334,5229,9371,0.4208,195.1,660,0.1355,137081.76,28.102
08-01-2026,Thursday,Safari,Mobile,France,Direct,/contact,3531,1970,1561,3614,9418,0.3881,292.4,510,0.1445,35823.29,10.1454
16-02-2026,Monday,Chrome,Mobile,UK,Paid Search,/products,1360,1068,292,1460,6350,0.719,280.4,204,0.1507,25169.9,18.5073
28-10-2025,Tuesday,Safari,Tablet,India,paid,/contact,5604,4248,1356,5840,20844,0.6842,118.5,774,0.1382,18577.22,3.315
13-12-2025,Saturday,Safari,Desktop,Canada,Direct,/about,2201,1029,1172,2285,7233,0.2634,451.8,330,0.1501,80120.25,36.4017
14-02-2026,Saturday,Safari,Mobile,Germany,Paid Search,/landing-promo,3314,2545,769,3355,14487,0.6045,228.3,531,0.1604,46297.08,13.9702
13-02-2026,Friday,Chrome,Desktop,Germany,Referral,/about,1821,1427,394,1949,7248,0.4591,127.2,246,0.1352,36267.33,19.9162
01-03-2026,Sunday,Chrome,Desktop,UK,Paid Search,/home,1521,1279,242,1740,6013,0.7019,448,234,0.1539,28425.91,18.689
30-11-2025,Sunday,Chrome,Tablet,Canada,Paid Search,/about,3543,2932,611,3755,6282,0.4062,344.1,571,0.1612,74549.11,21.0412
21-12-2025,Sunday,Chrome,Desktop,India,Organic Search,/contact,545,389,156,565,2554,0.4528,155.9,61,0.1122,4582.56,8.4084
22-11-2025,Saturday,Chrome,Mobile,India,Organic Search,/products,870,645,225,955,3764,0.6697,245.8,86,0.0999,9248.89,10.6309
04-01-2026,Sunday,Edge,Tablet,Japan,Organic Search,/blog,836,639,197,891,3260,0.4324,90,102,0.1222,6900.86,8.2546
17-02-2026,Tuesday,Safari,Mobile,France,paid,/contact,4984,4055,929,5253,11399,0.4865,72.5,756,0.1518,33634.68,6.7485
24-11-2025,Monday,Safari,Desktop,USA,Organic Search,/landing-promo,4893,3310,1583,5375,6667,0.4329,200.9,760,0.1554,178695.46,36.5206
17-12-2025,Wednesday,Chrome,Mobile,India,Email,/landing-promo,1081,687,394,1230,3459,0.5167,110.2,144,0.1337,4665.21,4.3156
12-03-2026,Thursday,Safari,Desktop,CAN,Direct,/products,2991,1220,1771,3249,11032,0.5558,502.9,433,0.145,38827.85,12.9816
15-01-2026,Thursday,Chrome,Desktop,UK,Direct,/pricing,3308,1637,1671,3649,14033,0.405,306.9,557,0.1685,163558.65,49.4434
25-03-2026,Wednesday,Safari,Desktop,UK,Referral,/home,3187,2716,471,3409,5354,0.4625,388.3,462,0.1451,117918.54,36.9999
09-12-2025,Tuesday,Chrome,Desktop,India,Organic Search,/pricing,4516,3250,1266,4860,11251,0.3775,458.7,569,0.1261,57193.23,12.6646
06-11-2025,Thursday,Chrome,Mobile,Japan,Direct,/products,745,483,262,778,1872,0.4724,130.7,100,0.1351,18774.02,25.2
16-12-2025,Tuesday,Safari,Desktop,UAE,Social Media,/contact,4146,3539,607,4562,6370,0.5634,126,410,0.099,86285.47,20.8117
29-11-2025,Saturday,Safari,Mobile,UK,Social Media,/home,755,624,131,832,1644,0.6019,87.5,42,0.0563,11752.57,15.5663
31-01-2026,Saturday,Chrome,Mobile,France,Social Media,/about,1503,1185,318,1541,6654,0.7981,107.1,89,0.0594,14064.98,9.3579
02-12-2025,Tuesday,Chrome,Mobile,UAE,Direct,/contact,926,547,379,974,3113,0.3232,221.3,135,0.1465,32299.94,34.8811
08-10-2025,Wednesday,Chrome,Desktop,UAE,Social media,/products,964,866,98,1068,3277,0.5024,272.4,82,0.0852,5337.89,5.5372
25-10-2025,Saturday,Chrome,Desktop,IND,Organic Search,/blog,2114,1463,651,2171,5850,0.4381,380.8,228,0.108,22649.83,10.7142
11-03-2026,Wednesday,Firefox,Tablet,USA,Referral,/pricing,2874,2205,669,3167,6284,0.4539,338.1,357,0.1245,58850.85,20.477
19-01-2026,Monday,Firefox,Tablet,UAE,Organic Search,/landing-promo,3872,2862,1010,4112,14802,0.6162,128.8,618,0.1598,89732.41,23.1747
23-02-2026,Monday,Chrome,Mobile,Japan,Direct,/home,4664,1891,2773,5297,13220,0.5162,166.8,680,0.1459,122160.15,26.1921
16-12-2025,Tuesday,Safari,Mobile,India,Organic Search,/blog,5236,4172,1064,5582,12299,0.3545,114.8,589,0.1125,20584.85,3.9314
16-10-2025,Thursday,Edge,Mobile,USA,Paid Search,/home,1473,1124,349,1512,2156,0.4743,254.5,233,0.1582,35931.41,24.3934
12-12-2025,Friday,Firefox,Mobile,Canada,Social Media,/contact,2680,2110,570,3001,10895,0.7689,95.8,169,0.0633,15672.3,5.8479
20-02-2026,Friday,Chrome,Mobile,Japan,Direct,/about,4268,2149,2119,4565,11467,0.5988,167.6,663,0.1554,0,0
09-10-2025,Thursday,Chrome,Mobile,UAE,Organic Search,/landing-promo,4626,2827,1799,4958,21885,0.3797,227.6,650,0.1407,172507.5,37.2909
23-03-2026,Monday,Safari,Mobile,France,Organic Search,/products,2103,1581,522,2107,7748,0.5171,79.3,233,0.1108,26012.1,12.369
27-12-2025,Saturday,Firefox,Mobile,UK,Direct,/home,3272,1440,1832,3519,11091,0.4115,128.7,492,0.1504,48117.37,14.7058
04-11-2025,Tuesday,Chrome,Mobile,UAE,Social Media,/landing-promo,2632,2056,576,2985,3292,0.7985,102,193,0.0735,48977.6,18.6085
03-01-2026,Saturday,Chrome,Mobile,Germany,Direct,/contact,2100,897,1203,2279,6259,0.5332,171.9,286,0.1365,51539.93,24.5428
05-12-2025,Friday,Safari,Desktop,USA,Paid Search,/home,3678,2900,778,3727,6299,0.6567,530.3,653,0.1776,-119.22,18.6212
28-02-2026,Saturday,Chrome,desktop,India,Direct,/about,573,234,339,607,2607,0.4925,309.1,63,0.1111,2124.19,3.7071
16-11-2025,Sunday,Safari,Mobile,USA,Organic Search,/landing-promo,2266,1660,606,2395,6018,0.384,241.5,307,0.1358,-1494.22,31.4044
27-12-2025,Saturday,Chrome,Desktop,Germany,Organic Search,/blog,306,190,116,342,1450,0.6556,391.5,43,0.1426,6861.26,22.4224
06-11-2025,Thursday,Chrome,Desktop,USA,Referral,/home,2250,1826,424,2546,4609,0.4467,580,310,0.1381,42068.01,18.6969
22-10-2025,Wednesday,Safari,Mobile,Germany,Organic Search,/landing-promo,1853,1373,480,1865,3786,0.4131,95.4,224,0.1212,33096.56,17.8611
30-09-2025,Tuesday,Firefox,Mobile,Canada,organic search,/blog,4059,2726,1333,4159,19219,0.3625,213.3,601,0.1481,119652.42,29.4783
15-03-2026,Sunday,,Desktop,India,Paid Search,/products,2819,2157,662,2912,11159,0.4331,348.6,345,0.1225,24349.92,8.6378
10-01-2026,Saturday,Chrome,mob,Germany,Organic Search,/about,462,337,125,480,1680,0.4726,194,58,0.1276,3918.12,8.4808
13-10-2025,Monday,Chrome,Mobile,Canada,Direct,/landing-promo,641,399,242,653,1720,0.6406,371.1,87,0.1364,7816.82,12.1947
24-02-2026,Tuesday,Firefox,Mobile,India,Organic Search,/home,2051,1507,544,2326,5810,0.7024,68,211,0.103,7395.96,3.606
15-10-2025,Wednesday,Firefox,Desktop,UAE,Direct,/about,2289,1387,902,2301,6266,0.4198,473.1,385,0.1683,91329.39,39.8993
02-12-2025,Tuesday,Chrome,Desktop,India,Organic Search,/blog,3045,2018,1027,3096,5294,0.3305,446,350,0.1152,20870.5,6.854
10-02-2026,Tuesday,Edge,Mobile,UAE,Direct,/home,4462,2423,2039,4466,14586,0.6022,122.7,692,0.1552,137688.61,30.858
11-10-2025,Saturday,Edge,Tablet,Germany,Paid Search,/pricing,3987,3286,701,4177,16037,0.4317,103.2,631,0.1583,35450.01,8.8914
21-03-2026,Saturday,Chrome,Desktop,USA,Social Media,/landing-promo,1344,1188,156,1394,2593,0.6074,171.5,118,0.0884,28448.06,21.1667
12-01-2026,Monday,Chrome,Mobile,Japan,Organic Search,/products,4585,3378,1207,4903,9350,0.6085,243.7,652,0.1424,120183.52,26.2123
11-11-2025,Tuesday,Chrome,Tablet,India,Direct,/pricing,3006,1882,1124,3160,4731,0.5139,307.3,362,0.1207,17099.12,5.6883
21-12-2025,Sunday,Chrome,Mobile,USA,Email,/home,726,422,304,728,2892,0.4365,,130,0.18,9063.39,12.484
27-01-2026,Tuesday,Safari,Desktop,Germany,Direct,/blog,3640,2059,1581,4180,6497,0.5257,317.5,606,0.1666,108700.19,29.8627
02-03-2026,Monday,Firefox,Desktop,India,Social Media,/pricing,711,575,136,722,1757,0.7412,353,23,0.0328,1314.8,1.8492
24-01-2026,Saturday,Safari,Desktop,India,Direct,/pricing,3852,2123,1729,3982,6072,0.3606,241.9,491,0.1275,28840.22,7.4871
09-02-2026,Monday,Firefox,Mobile,USA,Organic Search,/products,4118,3153,965,4696,8382,0.6974,227.3,604,0.1469,51019.87,12.3895
13-10-2025,Monday,Firefox,Desktop,Canada,Social Media,/blog,1792,1454,338,1874,6162,1.9771,309.6,117,0.0655,26003.17,14.5107
30-01-2026,Friday,Safari,Desktop,France,Paid Search,/about,3987,3176,811,4339,7988,0.4001,267.3,608,0.1525,142646.92,35.778
07-03-2026,Saturday,Safari,Tablet,Japan,Direct,/landing-promo,833,447,386,944,3782,0.3644,433.2,122,0.1476,19139.56,22.9767
19-10-2025,Sunday,Safari,Desktop,USA,Direct,/pricing,3900,1723,2177,4080,7417,0.5765,508.5,685,0.1758,0,0
06-10-2025,Monday,Chrome,Desktop,India,Organic Search,/home,437,342,95,453,2029,0.5403,594.2,48,0.1101,3120.3,7.1403
20-03-2026,Friday,Safari,Desktop,Japan,Organic Search,/landing-promo,2473,1873,600,2795,9851,0.3414,596.6,363,0.147,46643.11,18.8609
19-02-2026,Thursday,Chrome,Mobile,UAE,Paid Search,/about,4114,3242,872,4570,10621,0.7207,65,686,0.1669,62098.53,15.0944
24-01-2026,Saturday,Chrome,Desktop,India,Direct,/home,2995,1381,1614,3203,12509,0.3747,651.6,358,0.1196,30520.48,10.1905
14-10-2025,Tuesday,Edge,Mobile,France,Paid Search,/products,3417,3074,343,3556,4400,0.7305,159.2,522,0.153,95398.47,27.9188
13-01-2026,Tuesday,Chrome,Desktop,France,Direct,/landing-promo,1500,821,679,1500,6535,0.4853,656.4,212,3.3333,49482.83,32.9886
04-02-2026,Wednesday,Chrome,Desktop,UAE,Paid Search,/contact,5913,4746,1167,6354,8130,0.5871,198.5,1064,0.18,0,0
06-02-2026,Friday,Chrome,Tablet,India,Referral,/contact,2660,2074,586,2951,5464,0.6028,320.6,220,0.0828,18451.37,6.9366
04-01-2026,Sunday,Chrome,Mobile,Canada,Referral,/about,714,636,78,819,2416,0.5978,256.1,90,0.1262,16148.44,22.6169
13-12-2025,Saturday,Safari,Mobile,Canada,Organic Search,/blog,1810,1394,416,1832,6986,0.5893,256.5,220,0.1219,47980.12,26.5084
01-12-2025,Monday,Chrome,Desktop,UK,Organic Search,/products,1478,894,584,1668,6692,0.5591,151.7,220,0.1491,47790.93,32.3349
17-01-2026,Saturday,Safari,Mobile,USA,Email,/about,437,199,238,455,540,0.5313,271.9,74,0.171,19727.76,45.1436
02-12-2025,Tuesday,Chrome,Desktop,India,Social Media,/home,1538,1359,179,1739,3617,0.5082,218.9,53,0.0348,2886.63,1.8769
17-02-2026,Tuesday,Safari,Mobile,Germany,Organic Search,/landing-promo,1052,679,373,1162,4560,0.6435,137.1,141,0.1349,14173.78,13.4732
16-03-2026,Monday,Chrome,Desktop,Germany,Social Media,/home,1079,951,128,1144,1732,0.4118,179.6,80,0.0744,16258.69,15.0683
26-11-2025,Wednesday,Chrome,Mobile,France,Direct,/products,2607,1338,1269,2875,8767,0.4518,204.3,317,0.1217,24860.63,9.5361
26-02-2026,Thursday,Chrome,Mobile,Japan,Paid Search,/about,1012,818,194,1073,2738,0.6911,213.1,161,0.1593,21794.23,21.5358
07-01-2026,Wednesday,Safari,Desktop,India,Direct,/blog,1453,875,578,1536,2000,0.6012,248,164,0.1135,11984.5,8.2481
22-11-2025,Saturday,Chrome,Desktop,USA,Paid Search,/products,2064,1713,351,2092,3957,0.6132,432.9,363,0.1762,126589.01,61.3319
13-12-2025,Saturday,Chrome,Desktop,USA,Organic Search,/about,2045,1249,796,2199,4006,0.5808,544.3,312,0.1527,71261.95,34.8469
24-03-2026,Tuesday,Chrome,Desktop,USA,Organic Search,/contact,3034,1876,1158,3165,11350,0.2612,208.8,492,0.1624,147705.9,48.6836
23-11-2025,Sunday,Firefox,Mobile,USA,Paid Search,/landing-promo,3456,2772,684,3538,14861,0.6401,101.7,573,0.166,136561.55,39.5143
01-03-2026,Sunday,Chrome,DESKTOP,Germany,Paid Search,/landing-promo,3754,2816,938,4200,16481,0.3604,202,674,0.1796,157149.22,41.8618
09-10-2025,Thursday,Chrome,Desktop,Germany,Organic Search,/pricing,3781,2896,885,4287,6337,0.2764,206.1,566,0.1499,69632.93,18.4165
02-11-2025,Sunday,Firefox,Mobile,UK,Organic Search,/landing-promo,2146,1325,821,2461,9482,0.65,267.3,266,0.1244,55770.95,25.9883
17-12-2025,Wednesday,Chrome,Desktop,Canada,Direct,/blog,845,366,479,869,3305,0.3728,635.4,123,0.1466,17556.74,20.7772
13-03-2026,Friday,Chrome,Mobile,USA,Paid Search,/blog,3130,2586,544,3429,10453,0.6015,258,540,0.1728,125651.24,40.1442
12-01-2026,Monday,Chrome,Tablet,UK,Social Media,/blog,2276,1883,393,2473,9593,0.6513,184.9,128,0.0566,18782.32,8.2523
03-11-2025,Monday,Edge,Desktop,UK,Direct,/home,3806,2166,1640,4184,14220,0.4644,342.1,645,0.1695,96287.04,25.2987
22-03-2026,Sunday,Edge,Mobile,USA,Paid Search,/pricing,2449,1926,523,2743,4967,0.4671,108.9,404,0.1653,32296.32,13.1876
25-10-2025,Saturday,Safari,Desktop,USA,Direct,/blog,483,200,283,512,1895,0.2982,597.1,78,0.1621,5675.78,11.7511
14-03-2026,Saturday,Chrome,Mobile,Canada,direct,/products,2139,1005,1134,2173,10008,0.3171,171.3,312,0.146,77036.36,36.0151
04-02-2026,Wednesday,Chrome,Mobile,UK,Organic Search,/home,3003,2313,690,3191,11877,0.3409,100.2,440,0.1466,75823.01,25.2491
13-12-2025,Saturday,Chrome,Mobile,India,Direct,/blog,438,189,249,439,838,0.4761,95.8,50,0.1158,3593.83,8.2051
29-09-2025,Monday,Chrome,Mobile,UK,Paid Search,/contact,5876,4714,1162,6186,14800,0.7419,48.8,960,0.1634,192037.72,32.6817
12-12-2025,Friday,Chrome,Desktop,Uk,Organic Search,/contact,4987,3754,1233,5255,20719,0.6045,535.5,767,0.154,86271.68,17.2993
09-10-2025,Thursday,Firefox,Desktop,India,Email,/blog,872,563,309,957,2850,0.4869,667.8,123,0.1421,4068.88,4.6661
15-01-2026,Thursday,Safari,Desktop,USA,Social Media,/pricing,2220,1836,384,2499,8672,0.4709,376.6,166,0.0748,37683.73,16.9747
14-10-2025,Tuesday,Safari,Desktop,France,Social Media,/contact,494,441,53,560,1314,0.5572,151.3,32,0.0651,5316.98,10.7631
05-02-2026,Thursday,Safari,Tablet,UK,Referral,/pricing,3435,2943,492,3690,7398,0.5768,172.7,428,0.1248,64281.56,18.7137
19-10-2025,Sunday,Chrome,Desktop,France,Referral,/landing-promo,813,665,148,842,2377,0.4674,248.4,89,0.1104,10506.85,12.9236
26-01-2026,Monday,Chrome,Desktop,USA,Direct,/about,3800,1603,2197,4140,14573,0.4112,220.1,639,0.1682,79201.1,20.8424
30-01-2026,Friday,Chrome,Desktop,UK,Organic Search,/pricing,1548,1050,498,1612,4481,0.3245,522.5,206,0.1335,39295.83,25.3849
01-01-2026,Thursday,Safari,Mobile,USA,Email,/products,2379,1399,980,2382,6833,0.3568,159.6,428,0.18,61608.67,25.8969
12-02-2026,Thursday,Chrome,Mobile,Germany,Organic Search,/home,4450,3402,1048,4685,16109,0.6665,136.3,647,0.1454,28002.61,6.2927
16-03-2026,Monday,Chrome,Desktop,India,Paid Search,/home,1794,1433,361,1794,6327,0.5206,552.7,230,0.1283,20170.6,11.2434
27-12-2025,Saturday,Edge,Desktop,India,Paid Search,/landing-promo,2843,2499,344,2866,13032,0.4935,430,367,0.1291,30636.69,10.7762
16-12-2025,Tuesday,Chrome,Tablet,India,Organic Search,/contact,2525,1862,663,2765,4453,0.4597,80.8,229,0.0908,4454.94,1.7643
02-12-2025,Tuesday,Chrome,Desktop,USA,Organic Search,/blog,2783,2223,560,2996,4028,0.5046,567.8,434,0.156,45738.94,16.4351
29-12-2025,Monday,Chrome,Desktop,India,Organic Search,/contact,3054,1990,1064,3497,4799,0.5134,251.3,371,0.1216,18552.94,6.075
21-02-2026,Saturday,Chrome,Tablet,UK,Organic Search,/blog,2536,2019,517,2582,6717,0.2923,212,327,0.1292,18781.42,7.4059
16-11-2025,Sunday,Chrome,Desktop,USA,Paid Search,/products,1456,1225,231,1654,3098,0.6957,152.2,244,0.1679,30978.3,21.2763
02-03-2026,Monday,Chrome,Desktop,India,Social Media,/landing-promo,3854,2892,962,3920,7996,0.5661,299.4,185,0.0482,12666.59,3.2866
19-10-2025,Sunday,Chrome,Desktop,Japan,Social Media,/landing-promo,2562,2069,493,2881,9939,0.6858,385.4,191,0.0747,22560.82,8.8059
06-12-2025,Saturday,Chrome,Desktop,USA,Organic Search,/home,3151,2181,970,3491,393,0.584,459,478,0.1518,151253.16,48.0016
22-03-2026,Sunday,Chrome,Mobile,UK,Referral,/pricing,910,792,118,994,2340,0.6494,52.8,105,0.1154,23433.02,25.7506
12-02-2026,Thursday,Chrome,Desktop,Japan,Paid Search,/landing-promo,772,611,161,843,2977,0.6968,583.7,125,0.1626,7371.87,9.5491
01-03-2026,Sunday,Edge,Mobile,UK,Email,/blog,300,181,119,320,1206,0.3589,174.5,51,0.1717,10470.82,34.9027
30-01-2026,Friday,Chrome,Desktop,UK,paid,/contact,5275,4309,966,5323,10733,0.3376,396.7,872,0.1654,189132.68,35.8545
20-03-2026,Friday,Chrome,Desktop,India,Organic Search,/blog,2544,1705,839,2716,5209,0.3593,399.8,258,0.1017,28419.68,11.1713
13-02-2026,Friday,Chrome,Desktop,India,Paid Search,/blog,3121,2750,371,3487,11152,0.6541,411.8,441,0.1414,16660.05,5.338
14-12-2025,Sunday,Chrome,Desktop,USA,Paid Search,/landing-promo,1184,999,185,1248,4580,0.6415,373.9,204,0.173,35906.18,30.3262
09-01-2026,Friday,Chrome,Desktop,UAE,Organic Search,/home,1270,819,451,1399,3807,0.3895,231.1,201,0.1583,16417.05,12.9268
10-10-2025,Friday,Chrome,Mobile,Japan,Direct,/contact,3516,2177,1339,3897,5341,0.3875,175.3,521,0.1483,82946.47,23.5911
